{"LS":{"mean_monthly":0.0090677598,"tstat_monthly":2.577632247,"hit_rate":0.6315789474,"max_drawdown":-0.1544021281,"capm_alpha":0.0094305451,"capm_alpha_t":2.8855895903,"capm_beta":-0.0873355147,"capm_ir_ann":1.1416227627,"capm_te_ann":0.09912779},"LS_vt":{"mean_monthly":0.0090677598,"tstat_monthly":2.577632247,"hit_rate":0.6315789474,"max_drawdown":-0.1544021281,"capm_alpha":0.0094305451,"capm_alpha_t":2.8855895903,"capm_beta":-0.0873355147,"capm_ir_ann":1.1416227627,"capm_te_ann":0.09912779},"LS_pre_vt":{"mean_monthly":0.0103263681,"tstat_monthly":2.3810936154,"hit_rate":0.6315789474,"max_drawdown":-0.2253986113,"capm_alpha":0.0107868224,"capm_alpha_t":2.7008401584,"capm_beta":-0.1108479313,"capm_ir_ann":1.0211427578,"capm_te_ann":0.1267617749},"D10":{"mean_monthly":0.0098954685,"tstat_monthly":1.6433894826,"mean_monthly_excess":0.0017171382,"tstat_monthly_excess":0.2868270642,"ann_sharpe_excess":0.0945756334,"hit_rate":0.5894736842,"max_drawdown":-0.3358014261},"LS_alpha_vs_BOVA11":{"alpha_bps_per_month":94.3054512322,"alpha_tstat":2.8855895903,"beta":-0.0873355147,"ir_ann":1.1416227627},"LS_vt_alpha_vs_BOVA11":{"alpha_bps_per_month":94.3054512322,"alpha_tstat":2.8855895903,"beta":-0.0873355147,"ir_ann":1.1416227627},"LS_pre_vt_alpha_vs_BOVA11":{"alpha_bps_per_month":107.8682236786,"alpha_tstat":2.7008401584,"beta":-0.1108479313,"ir_ann":1.0211427578}}