bps,D10_sharpe,D10_mean,D10_t,D10_alpha_bps,D10_alpha_t,LS_mean,LS_t,LS_alpha_bps,LS_alpha_t,LS_ir,LS_mean_vt,LS_t_vt,LS_alpha_bps_vt,LS_alpha_t_vt,LS_ir_vt,LS_maxDD_vt,LS_hit_vt,avg_turnover_D10,avg_turnover_LS
20,0.07912108461138463,0.009614633382809698,1.5977088607413574,62.813129811609365,1.5725318218682205,0.008710379092026526,2.4706714440584334,90.73684358801586,2.770159485215326,1.0977061092073446,0.008646182824018595,2.569176751112809,89.80391697370172,2.8583761500807507,1.1561406387613462,-0.13948726495218744,0.631578947368421,0.2808351297824982,0.35738067555047776
50,0.055929440432422026,0.00919338068813595,1.5290719659992824,58.617470783216035,1.4663407992340702,0.008174308078700808,2.311048007973173,85.38393212180898,2.597920381391074,1.0319144769004422,0.00813648404695946,2.4111715669812215,84.71170601841791,2.688541755972248,1.089771084745007,-0.14282253812529033,0.631578947368421,0.2808351297824982,0.35738067555047776
100,0.017251196748174914,0.008491292863679705,1.414372083815801,51.62470573589385,1.2896635142808686,0.007280856389824612,2.0471973971293185,76.46241301146422,2.3132827527267987,0.9224970263151226,0.0072869860851942385,2.149556570418733,76.2246877596116,2.4074325768921803,0.9793069687248106,-0.14835681444469517,0.6210526315789474,0.2808351297824982,0.35738067555047776
