{"LS":{"mean_monthly":0.0070492937,"tstat_monthly":3.5904777458,"hit_rate":0.6032608696,"max_drawdown":-0.1248877408,"capm_alpha":0.0064724543,"capm_alpha_t":3.1611150529,"capm_beta":0.0862828585,"capm_ir_ann":0.8111628594,"capm_te_ann":0.0957507495},"LS_vt":{"mean_monthly":0.0070492937,"tstat_monthly":3.5904777458,"hit_rate":0.6032608696,"max_drawdown":-0.1248877408,"capm_alpha":0.0064724543,"capm_alpha_t":3.1611150529,"capm_beta":0.0862828585,"capm_ir_ann":0.8111628594,"capm_te_ann":0.0957507495},"LS_pre_vt":{"mean_monthly":0.0038881254,"tstat_monthly":3.5932728891,"hit_rate":0.6032608696,"max_drawdown":-0.0859576374,"capm_alpha":0.0035833027,"capm_alpha_t":3.1821607377,"capm_beta":0.0455949761,"capm_ir_ann":0.7920836328,"capm_te_ann":0.0542867321},"LS_net":{"mean_monthly":0.0079106574,"tstat_monthly":3.9082289798,"hit_rate":0.597826087,"max_drawdown":-0.1383049847,"capm_alpha":0.0073413836,"capm_alpha_t":3.4607702061,"capm_beta":0.0851512039,"capm_ir_ann":0.9146945895,"capm_te_ann":0.096312588},"D10":{"mean_monthly":0.0097455931,"tstat_monthly":2.2604333922,"mean_monthly_excess":0.002080904,"tstat_monthly_excess":0.4696315729,"ann_sharpe_excess":0.1040531751,"hit_rate":0.5489130435,"max_drawdown":-0.4419484415},"LS_alpha_vs_BOVA11":{"alpha_bps_per_month":64.7245431066,"alpha_tstat":3.1611150529,"beta":0.0862828585,"ir_ann":0.8111628594},"LS_vt_alpha_vs_BOVA11":{"alpha_bps_per_month":64.7245431066,"alpha_tstat":3.1611150529,"beta":0.0862828585,"ir_ann":0.8111628594},"LS_pre_vt_alpha_vs_BOVA11":{"alpha_bps_per_month":35.833026665,"alpha_tstat":3.1821607377,"beta":0.0455949761,"ir_ann":0.7920836328},"LS_net_alpha_vs_BOVA11":{"alpha_bps_per_month":73.413835961,"alpha_tstat":3.4607702061,"beta":0.0851512039,"ir_ann":0.9146945895},"LS_financing_assumptions":{"avg_short_gross":0.5,"avg_long_gross":0.4999952823,"avg_carry":0.0065994637,"avg_borrow_cost":0.0057381,"carry_multiplier":1.0,"borrow_cost_annual":0.08}}