{"LS":{"mean_monthly":0.0114879446,"tstat_monthly":3.1850501875,"hit_rate":0.6736842105,"max_drawdown":-0.142697974,"capm_alpha":0.0119293494,"capm_alpha_t":3.5899064397,"capm_beta":-0.1062620482,"capm_ir_ann":1.4263136985,"capm_te_ann":0.1003651528},"LS_vt":{"mean_monthly":0.0114879446,"tstat_monthly":3.1850501875,"hit_rate":0.6736842105,"max_drawdown":-0.142697974,"capm_alpha":0.0119293494,"capm_alpha_t":3.5899064397,"capm_beta":-0.1062620482,"capm_ir_ann":1.4263136985,"capm_te_ann":0.1003651528},"LS_pre_vt":{"mean_monthly":0.0124749431,"tstat_monthly":3.0568107598,"hit_rate":0.6736842105,"max_drawdown":-0.2020801941,"capm_alpha":0.0129855223,"capm_alpha_t":3.4752479001,"capm_beta":-0.1229148215,"capm_ir_ann":1.3005713182,"capm_te_ann":0.1198137045},"D10":{"mean_monthly":0.0101535203,"tstat_monthly":1.6105562754,"mean_monthly_excess":0.00197519,"tstat_monthly_excess":0.3166000224,"ann_sharpe_excess":0.104000867,"hit_rate":0.6315789474,"max_drawdown":-0.3527365236},"LS_alpha_vs_BOVA11":{"alpha_bps_per_month":119.2934935625,"alpha_tstat":3.5899064397,"beta":-0.1062620482,"ir_ann":1.4263136985},"LS_vt_alpha_vs_BOVA11":{"alpha_bps_per_month":119.2934935625,"alpha_tstat":3.5899064397,"beta":-0.1062620482,"ir_ann":1.4263136985},"LS_pre_vt_alpha_vs_BOVA11":{"alpha_bps_per_month":129.855223053,"alpha_tstat":3.4752479001,"beta":-0.1229148215,"ir_ann":1.3005713182}}