bps,D10_sharpe,D10_mean,D10_t,D10_alpha_bps,D10_alpha_t,LS_mean,LS_t,LS_alpha_bps,LS_alpha_t,LS_ir,LS_mean_vt,LS_t_vt,LS_alpha_bps_vt,LS_alpha_t_vt,LS_ir_vt,LS_maxDD_vt,LS_hit_vt,avg_turnover_D10,avg_turnover_LS
20,0.08818850211946282,0.009852758502062502,1.5641037867681373,63.292136175028006,1.5310436626158783,0.011111907797462316,3.0730730276971476,115.53693874146155,3.4679130483066296,1.3805637970991351,0.0110165755012323,3.1420549700178197,114.22504175383698,3.508673702340391,1.447066288323241,-0.12382068252092249,0.6631578947368421,0.30076181128812696,0.37603676401527725
50,0.06445368164870022,0.009401615785130314,1.494269571959534,58.80256108842926,1.4208002787363951,0.010547852651439399,2.906104398909948,109.90210650987291,3.286027179886018,1.3120152357683212,0.01048297955966899,2.981406490883308,108.89247313852937,3.334702765073691,1.378511021924349,-0.12720632291701928,0.6631578947368421,0.30076181128812696,0.37603676401527725
100,0.02485298387748748,0.008649711256909994,1.3774692432294038,51.319935944097956,1.2375524395681845,0.009607760741401206,2.630476621559611,100.51071945722516,2.9858264235307352,1.197983326579056,0.009593652990396807,2.715558422334075,100.0048587796834,3.0469519058699297,1.2644020529384126,-0.13282429053277012,0.6526315789473685,0.30076181128812696,0.37603676401527725
