{"LS":{"mean_monthly":0.0108008859,"tstat_monthly":2.9031028118,"hit_rate":0.6842105263,"max_drawdown":-0.1539950406,"capm_alpha":0.0111584434,"capm_alpha_t":3.2442583435,"capm_beta":-0.086076982,"capm_ir_ann":1.3237940164,"capm_te_ann":0.1011496644},"LS_vt":{"mean_monthly":0.0108008859,"tstat_monthly":2.9031028118,"hit_rate":0.6842105263,"max_drawdown":-0.1539950406,"capm_alpha":0.0111584434,"capm_alpha_t":3.2442583435,"capm_beta":-0.086076982,"capm_ir_ann":1.3237940164,"capm_te_ann":0.1011496644},"LS_pre_vt":{"mean_monthly":0.0123572841,"tstat_monthly":2.7667241043,"hit_rate":0.6842105263,"max_drawdown":-0.2339128729,"capm_alpha":0.0128257995,"capm_alpha_t":3.140362962,"capm_beta":-0.112788557,"capm_ir_ann":1.1936100073,"capm_te_ann":0.1289446246},"D10":{"mean_monthly":0.0097329247,"tstat_monthly":1.5499914419,"mean_monthly_excess":0.0015545944,"tstat_monthly_excess":0.25014844,"ann_sharpe_excess":0.0829857206,"hit_rate":0.6,"max_drawdown":-0.3428927949},"LS_alpha_vs_BOVA11":{"alpha_bps_per_month":111.5844336993,"alpha_tstat":3.2442583435,"beta":-0.086076982,"ir_ann":1.3237940164},"LS_vt_alpha_vs_BOVA11":{"alpha_bps_per_month":111.5844336993,"alpha_tstat":3.2442583435,"beta":-0.086076982,"ir_ann":1.3237940164},"LS_pre_vt_alpha_vs_BOVA11":{"alpha_bps_per_month":128.2579952129,"alpha_tstat":3.140362962,"beta":-0.112788557,"ir_ann":1.1936100073}}