{"LS":{"mean_monthly":0.0087190737,"tstat_monthly":4.3439831427,"hit_rate":0.6195652174,"max_drawdown":-0.1835455529,"capm_alpha":0.0092504685,"capm_alpha_t":4.7804430209,"capm_beta":-0.0794853112,"capm_ir_ann":1.1229816679,"capm_te_ann":0.098849006},"LS_vt":{"mean_monthly":0.0087190737,"tstat_monthly":4.3439831427,"hit_rate":0.6195652174,"max_drawdown":-0.1835455529,"capm_alpha":0.0092504685,"capm_alpha_t":4.7804430209,"capm_beta":-0.0794853112,"capm_ir_ann":1.1229816679,"capm_te_ann":0.098849006},"LS_pre_vt":{"mean_monthly":0.007341904,"tstat_monthly":4.4315117259,"hit_rate":0.6195652174,"max_drawdown":-0.1455848699,"capm_alpha":0.0077239789,"capm_alpha_t":4.8335299731,"capm_beta":-0.0571502362,"capm_ir_ann":1.1135187123,"capm_te_ann":0.0832386068},"D10":{"mean_monthly":0.0105880835,"tstat_monthly":2.2360870694,"mean_monthly_excess":0.0029233944,"tstat_monthly_excess":0.6036638264,"ann_sharpe_excess":0.1370353699,"hit_rate":0.5434782609,"max_drawdown":-0.4879526862},"LS_alpha_vs_BOVA11":{"alpha_bps_per_month":92.5046847141,"alpha_tstat":4.7804430209,"beta":-0.0794853112,"ir_ann":1.1229816679},"LS_vt_alpha_vs_BOVA11":{"alpha_bps_per_month":92.5046847141,"alpha_tstat":4.7804430209,"beta":-0.0794853112,"ir_ann":1.1229816679},"LS_pre_vt_alpha_vs_BOVA11":{"alpha_bps_per_month":77.2397885874,"alpha_tstat":4.8335299731,"beta":-0.0571502362,"ir_ann":1.1135187123}}