{"LS":{"mean_monthly":0.0105446241,"tstat_monthly":2.6832869045,"hit_rate":0.6631578947,"max_drawdown":-0.155888345,"capm_alpha":0.0108098799,"capm_alpha_t":2.9198574356,"capm_beta":-0.0638566474,"capm_ir_ann":1.2647825317,"capm_te_ann":0.102561947},"LS_vt":{"mean_monthly":0.0105446241,"tstat_monthly":2.6832869045,"hit_rate":0.6631578947,"max_drawdown":-0.155888345,"capm_alpha":0.0108098799,"capm_alpha_t":2.9198574356,"capm_beta":-0.0638566474,"capm_ir_ann":1.2647825317,"capm_te_ann":0.102561947},"LS_pre_vt":{"mean_monthly":0.01182673,"tstat_monthly":2.5072109894,"hit_rate":0.6631578947,"max_drawdown":-0.2349421086,"capm_alpha":0.012186945,"capm_alpha_t":2.7776222676,"capm_beta":-0.086716721,"capm_ir_ann":1.1191264485,"capm_te_ann":0.1306763322},"D10":{"mean_monthly":0.010005487,"tstat_monthly":1.6063020267,"mean_monthly_excess":0.0018271567,"tstat_monthly_excess":0.2959485505,"ann_sharpe_excess":0.0973213005,"hit_rate":0.6,"max_drawdown":-0.3404725325},"LS_alpha_vs_BOVA11":{"alpha_bps_per_month":108.0987991501,"alpha_tstat":2.9198574356,"beta":-0.0638566474,"ir_ann":1.2647825317},"LS_vt_alpha_vs_BOVA11":{"alpha_bps_per_month":108.0987991501,"alpha_tstat":2.9198574356,"beta":-0.0638566474,"ir_ann":1.2647825317},"LS_pre_vt_alpha_vs_BOVA11":{"alpha_bps_per_month":121.8694495926,"alpha_tstat":2.7776222676,"beta":-0.086716721,"ir_ann":1.1191264485}}