bps,D10_sharpe,D10_mean,D10_t,D10_alpha_bps,D10_alpha_t,LS_mean,LS_t,LS_alpha_bps,LS_alpha_t,LS_ir,LS_mean_vt,LS_t_vt,LS_alpha_bps_vt,LS_alpha_t_vt,LS_ir_vt,LS_maxDD_vt,LS_hit_vt,avg_turnover_D10,avg_turnover_LS
20,0.0810089657126474,0.009698895921516786,1.558344719080387,63.00055963192587,1.513091261972075,0.01016589190667013,2.581130216646389,104.31468043363284,2.811153716976969,1.2197136895583491,0.010042314444093372,2.670977956901167,102.76793131942509,2.885203169166448,1.286367243739162,-0.13801641757393157,0.6631578947368421,0.3065911086963719,0.3787321541848103
50,0.05652669368230967,0.009239009258472227,1.4862441960138706,58.423495673187624,1.4016166389596414,0.009597793675392916,2.4287023125479994,98.63850235898867,2.6489784892830075,1.1521935920227546,0.009506205377995732,2.521226715246403,97.40988005416582,2.726678916431355,1.2183879298510973,-0.1415307297356293,0.6526315789473685,0.3065911086963719,0.3787321541848103
100,0.015687178455068472,0.0084725314867313,1.3656438613507593,50.79505574195727,1.2162881043934528,0.008650963289930888,2.1768108797944135,89.17820556791503,2.3810385254106206,1.0398951898541948,0.008612690267833002,2.2733813386327553,88.479794612067,2.4643906689123214,1.1052404965265528,-0.1473608012862836,0.6526315789473685,0.3065911086963719,0.3787321541848103
