bps,D10_sharpe,D10_mean,D10_t,D10_alpha_bps,D10_alpha_t,LS_mean,LS_t,LS_alpha_bps,LS_alpha_t,LS_ir,LS_mean_vt,LS_t_vt,LS_alpha_bps_vt,LS_alpha_t_vt,LS_ir_vt,LS_maxDD_vt,LS_hit_vt,avg_turnover_D10,avg_turnover_LS
20,0.0665169327446207,0.009424154014102279,1.5019589422034656,59.814384610923646,1.451515014988036,0.010420557574839867,2.7946318245720168,107.78522873457312,3.1267303351623736,1.2779143943304692,0.010175983454437135,2.867068489266098,104.98527922751533,3.1815800469327797,1.3361268554617396,-0.1346082298549962,0.6842105263157895,0.30877068350752557,0.38032829241023425
50,0.04180085805849873,0.00896099798884099,1.429757859004604,55.20286710831051,1.3379952815626124,0.009850065136224516,2.6327718456638824,102.08642128752491,2.9513542122342753,1.209173971794548,0.009639364980216386,2.7079789996174966,99.62167071046885,3.0097878441458783,1.2668159697565708,-0.13806404635985836,0.6736842105263158,0.30877068350752557,0.38032829241023425
100,0.0005739403044802114,0.008189071280072176,1.3090217410190683,47.517004603955286,1.1493330466962375,0.008899244405198929,2.365270073476693,92.58840887577789,2.6615167285448287,1.0948317244146932,0.008745000856515141,2.444721770495272,90.68232318205808,2.7256003467751726,1.1514725426892853,-0.1437975992677749,0.6526315789473685,0.30877068350752557,0.38032829241023425
