bps,D10_sharpe,D10_mean,D10_t,D10_alpha_bps,D10_alpha_t,LS_mean,LS_t,LS_alpha_bps,LS_alpha_t,LS_ir,LS_mean_vt,LS_t_vt,LS_alpha_bps_vt,LS_alpha_t_vt,LS_ir_vt,LS_maxDD_vt,LS_hit_vt,avg_turnover_D10,avg_turnover_LS
20,-0.061835160795652516,0.006909135955245444,0.9099605894742365,25.084187746533182,0.4940113790235266,0.006159797759049932,2.595194593747388,59.28370017515148,2.4882918736379023,0.7149027524483672,0.00604638392123198,2.5327745074764825,58.39102352381416,2.41214218517842,0.7014543044265241,-0.13530942688792436,0.6176470588235294,0.21051339727810317,0.3024154948174556
50,-0.07692386486466439,0.0065933658593282886,0.8697620655810411,21.923322342394098,0.43291875475837516,0.005706174516823748,2.406567973799165,54.730071371289576,2.2977746660085305,0.6598054547619139,0.005593964268156861,2.34596708008211,53.84565508130922,2.225407792838375,0.6467887612863178,-0.14156255176375732,0.6176470588235294,0.21051339727810317,0.3024154948174556
100,-0.10208496556387003,0.00606708236613303,0.802464169054591,16.65521333549561,0.3303547611028278,0.004950135779780109,2.0909795149409223,47.14069003151977,1.9796808498336145,0.5679877664998877,0.004839931513031661,2.0331128122651623,46.27004101046767,1.9132677186955285,0.5556415219746057,-0.15189235367549647,0.6176470588235294,0.21051339727810317,0.3024154948174556
