{"LS":{"mean_monthly":0.0064622133,"tstat_monthly":2.7206188263,"hit_rate":0.6176470588,"max_drawdown":-0.1407459549,"capm_alpha":0.0062319453,"capm_alpha_t":2.6151350181,"capm_beta":0.0465185181,"capm_ir_ann":0.7516324029,"capm_te_ann":0.0994945707},"LS_vt":{"mean_monthly":0.0064622133,"tstat_monthly":2.7206188263,"hit_rate":0.6176470588,"max_drawdown":-0.1407459549,"capm_alpha":0.0062319453,"capm_alpha_t":2.6151350181,"capm_beta":0.0465185181,"capm_ir_ann":0.7516324029,"capm_te_ann":0.0994945707},"LS_pre_vt":{"mean_monthly":0.0072283339,"tstat_monthly":2.7724806975,"hit_rate":0.6176470588,"max_drawdown":-0.154552479,"capm_alpha":0.0069602879,"capm_alpha_t":2.7089905508,"capm_beta":0.0541504035,"capm_ir_ann":0.7820207956,"capm_te_ann":0.1068046461},"D10":{"mean_monthly":0.0071196494,"tstat_monthly":0.9366843677,"mean_monthly_excess":-0.0010849456,"tstat_monthly_excess":-0.142497764,"ann_sharpe_excess":-0.0517794544,"hit_rate":0.5588235294,"max_drawdown":-0.5717047795},"LS_alpha_vs_BOVA11":{"alpha_bps_per_month":62.3194527111,"alpha_tstat":2.6151350181,"beta":0.0465185181,"ir_ann":0.7516324029},"LS_vt_alpha_vs_BOVA11":{"alpha_bps_per_month":62.3194527111,"alpha_tstat":2.6151350181,"beta":0.0465185181,"ir_ann":0.7516324029},"LS_pre_vt_alpha_vs_BOVA11":{"alpha_bps_per_month":69.6028785795,"alpha_tstat":2.7089905508,"beta":0.0541504035,"ir_ann":0.7820207956}}