{"LS":{"mean_monthly":0.0117540324,"tstat_monthly":3.2344072456,"hit_rate":0.6526315789,"max_drawdown":-0.1326281149,"capm_alpha":0.0121759181,"capm_alpha_t":3.6090864086,"capm_beta":-0.1015631065,"capm_ir_ann":1.4649043523,"capm_te_ann":0.0997409949},"LS_vt":{"mean_monthly":0.0117540324,"tstat_monthly":3.2344072456,"hit_rate":0.6526315789,"max_drawdown":-0.1326281149,"capm_alpha":0.0121759181,"capm_alpha_t":3.6090864086,"capm_beta":-0.1015631065,"capm_ir_ann":1.4649043523,"capm_te_ann":0.0997409949},"LS_pre_vt":{"mean_monthly":0.0125593969,"tstat_monthly":3.1096429242,"hit_rate":0.6526315789,"max_drawdown":-0.1811881685,"capm_alpha":0.0130400175,"capm_alpha_t":3.4924715662,"capm_beta":-0.1157027022,"capm_ir_ann":1.3549885429,"capm_te_ann":0.1154845263},"D10":{"mean_monthly":0.0100263809,"tstat_monthly":1.6106166596,"mean_monthly_excess":0.0018480506,"tstat_monthly_excess":0.3002138651,"ann_sharpe_excess":0.0987693103,"hit_rate":0.6105263158,"max_drawdown":-0.3519558099},"LS_alpha_vs_BOVA11":{"alpha_bps_per_month":121.759181275,"alpha_tstat":3.6090864086,"beta":-0.1015631065,"ir_ann":1.4649043523},"LS_vt_alpha_vs_BOVA11":{"alpha_bps_per_month":121.759181275,"alpha_tstat":3.6090864086,"beta":-0.1015631065,"ir_ann":1.4649043523},"LS_pre_vt_alpha_vs_BOVA11":{"alpha_bps_per_month":130.4001750431,"alpha_tstat":3.4924715662,"beta":-0.1157027022,"ir_ann":1.3549885429}}