{"LS":{"mean_monthly":0.0094511063,"tstat_monthly":4.8875660668,"hit_rate":0.625,"max_drawdown":-0.1312933637,"capm_alpha":0.009816701,"capm_alpha_t":5.2186444463,"capm_beta":-0.0546851557,"capm_ir_ann":1.1749852596,"capm_te_ann":0.1002569271},"LS_vt":{"mean_monthly":0.0094511063,"tstat_monthly":4.8875660668,"hit_rate":0.625,"max_drawdown":-0.1312933637,"capm_alpha":0.009816701,"capm_alpha_t":5.2186444463,"capm_beta":-0.0546851557,"capm_ir_ann":1.1749852596,"capm_te_ann":0.1002569271},"LS_pre_vt":{"mean_monthly":0.0079556044,"tstat_monthly":4.9553948136,"hit_rate":0.625,"max_drawdown":-0.0963548863,"capm_alpha":0.0081896358,"capm_alpha_t":5.2596358764,"capm_beta":-0.0350061015,"capm_ir_ann":1.1753342413,"capm_te_ann":0.083615048},"LS_net":{"mean_monthly":0.0100828125,"tstat_monthly":5.0046055999,"hit_rate":0.6467391304,"max_drawdown":-0.1821288733,"capm_alpha":0.0104537609,"capm_alpha_t":5.3541518317,"capm_beta":-0.0554859535,"capm_ir_ann":1.244823827,"capm_te_ann":0.1007734009},"D10":{"mean_monthly":0.0108421037,"tstat_monthly":2.26308231,"mean_monthly_excess":0.0031774146,"tstat_monthly_excess":0.6485504769,"ann_sharpe_excess":0.1481521744,"hit_rate":0.5489130435,"max_drawdown":-0.487709738},"dispersion_gate":{"mode":"none","blocked_months":0,"total_months":184},"delisting_risk":{"avg_ls_weighted_multiplier":0.998534929,"avg_ls_weighted_score":0.005860284,"avg_ls_flagged":0.277173913,"avg_ls_high":0.0,"avg_universe_flagged":0.7336956522,"avg_universe_high":0.0,"avg_universe_multiplier":0.9984226814},"LS_alpha_vs_BOVA11":{"alpha_bps_per_month":98.1670095782,"alpha_tstat":5.2186444463,"beta":-0.0546851557,"ir_ann":1.1749852596},"LS_vt_alpha_vs_BOVA11":{"alpha_bps_per_month":98.1670095782,"alpha_tstat":5.2186444463,"beta":-0.0546851557,"ir_ann":1.1749852596},"LS_pre_vt_alpha_vs_BOVA11":{"alpha_bps_per_month":81.896357505,"alpha_tstat":5.2596358764,"beta":-0.0350061015,"ir_ann":1.1753342413},"LS_net_alpha_vs_BOVA11":{"alpha_bps_per_month":104.5376088028,"alpha_tstat":5.3541518317,"beta":-0.0554859535,"ir_ann":1.244823827},"LS_financing_assumptions":{"avg_short_gross":0.5,"avg_long_gross":0.5,"avg_carry":0.0045947126,"avg_borrow_cost":0.0039630063,"carry_multiplier":1.0,"borrow_cost_annual":0.08}}