{"LS":{"mean_monthly":0.0066314924,"tstat_monthly":3.1711497135,"hit_rate":0.5760869565,"max_drawdown":-0.2178339189,"capm_alpha":0.0066954266,"capm_alpha_t":3.1681000711,"capm_beta":-0.0095631987,"capm_ir_ann":0.7769831698,"capm_te_ann":0.1034065121},"LS_vt":{"mean_monthly":0.0066314924,"tstat_monthly":3.1711497135,"hit_rate":0.5760869565,"max_drawdown":-0.2178339189,"capm_alpha":0.0066954266,"capm_alpha_t":3.1681000711,"capm_beta":-0.0095631987,"capm_ir_ann":0.7769831698,"capm_te_ann":0.1034065121},"LS_pre_vt":{"mean_monthly":0.0052972818,"tstat_monthly":3.0629584783,"hit_rate":0.5760869565,"max_drawdown":-0.1725995418,"capm_alpha":0.0053617131,"capm_alpha_t":3.047734612,"capm_beta":-0.0096375405,"capm_ir_ann":0.7654111469,"capm_te_ann":0.0840601254},"LS_net":{"mean_monthly":0.0073418995,"tstat_monthly":3.3283197651,"hit_rate":0.6304347826,"max_drawdown":-0.2043074773,"capm_alpha":0.0074083136,"capm_alpha_t":3.3437327642,"capm_beta":-0.0099341355,"capm_ir_ann":0.8538977205,"capm_te_ann":0.1041105519},"D10":{"mean_monthly":0.0137836107,"tstat_monthly":2.8884162697,"mean_monthly_excess":0.0061189217,"tstat_monthly_excess":1.2696489634,"ann_sharpe_excess":0.3071456139,"hit_rate":0.5923913043,"max_drawdown":-0.4655768007},"dispersion_gate":{"mode":"quantile90","blocked_months":152,"total_months":184},"delisting_risk":{"avg_ls_weighted_multiplier":0.9987776209,"avg_ls_weighted_score":0.0048895162,"avg_ls_flagged":0.1304347826,"avg_ls_high":0.0,"avg_universe_flagged":0.7336956522,"avg_universe_high":0.0,"avg_universe_multiplier":0.9984226814},"LS_alpha_vs_BOVA11":{"alpha_bps_per_month":66.9542662592,"alpha_tstat":3.1681000711,"beta":-0.0095631987,"ir_ann":0.7769831698},"LS_vt_alpha_vs_BOVA11":{"alpha_bps_per_month":66.9542662592,"alpha_tstat":3.1681000711,"beta":-0.0095631987,"ir_ann":0.7769831698},"LS_pre_vt_alpha_vs_BOVA11":{"alpha_bps_per_month":53.6171308174,"alpha_tstat":3.047734612,"beta":-0.0096375405,"ir_ann":0.7654111469},"LS_net_alpha_vs_BOVA11":{"alpha_bps_per_month":74.0831358173,"alpha_tstat":3.3437327642,"beta":-0.0099341355,"ir_ann":0.8538977205},"LS_financing_assumptions":{"avg_short_gross":0.5,"avg_long_gross":0.4989808679,"avg_carry":0.0050909735,"avg_borrow_cost":0.0043805665,"carry_multiplier":1.0,"borrow_cost_annual":0.08}}