{"LS":{"mean_monthly":0.0082476539,"tstat_monthly":2.221136641,"hit_rate":0.6811594203,"max_drawdown":-0.1333588133,"capm_alpha":0.0089800124,"capm_alpha_t":2.3716732703,"capm_beta":-0.1152815874,"capm_ir_ann":1.1473245868,"capm_te_ann":0.0939229837},"LS_vt":{"mean_monthly":0.0082476539,"tstat_monthly":2.221136641,"hit_rate":0.6811594203,"max_drawdown":-0.1333588133,"capm_alpha":0.0089800124,"capm_alpha_t":2.3716732703,"capm_beta":-0.1152815874,"capm_ir_ann":1.1473245868,"capm_te_ann":0.0939229837},"LS_pre_vt":{"mean_monthly":0.0069986296,"tstat_monthly":2.1472479141,"hit_rate":0.6811594203,"max_drawdown":-0.128765502,"capm_alpha":0.0076492518,"capm_alpha_t":2.3336227925,"capm_beta":-0.1024153636,"capm_ir_ann":1.0921786271,"capm_te_ann":0.0840439644},"D10":{"mean_monthly":0.0053468565,"tstat_monthly":0.6111987785,"mean_monthly_excess":-0.0020620808,"tstat_monthly_excess":-0.2252917656,"ann_sharpe_excess":-0.0801070479,"hit_rate":0.4927536232,"max_drawdown":-0.4033825961},"LS_alpha_vs_BOVA11":{"alpha_bps_per_month":89.8001237155,"alpha_tstat":2.3716732703,"beta":-0.1152815874,"ir_ann":1.1473245868},"LS_vt_alpha_vs_BOVA11":{"alpha_bps_per_month":89.8001237155,"alpha_tstat":2.3716732703,"beta":-0.1152815874,"ir_ann":1.1473245868},"LS_pre_vt_alpha_vs_BOVA11":{"alpha_bps_per_month":76.4925180138,"alpha_tstat":2.3336227925,"beta":-0.1024153636,"ir_ann":1.0921786271}}