{"LS":{"mean_monthly":0.0092851119,"tstat_monthly":2.7912302445,"hit_rate":0.6329113924,"max_drawdown":-0.1378009547,"capm_alpha":0.0099357889,"capm_alpha_t":3.0661485673,"capm_beta":-0.0842937635,"capm_ir_ann":1.1798508568,"capm_te_ann":0.101054694},"LS_vt":{"mean_monthly":0.0092851119,"tstat_monthly":2.7912302445,"hit_rate":0.6329113924,"max_drawdown":-0.1378009547,"capm_alpha":0.0099357889,"capm_alpha_t":3.0661485673,"capm_beta":-0.0842937635,"capm_ir_ann":1.1798508568,"capm_te_ann":0.101054694},"LS_pre_vt":{"mean_monthly":0.0081908318,"tstat_monthly":2.8679595333,"hit_rate":0.6329113924,"max_drawdown":-0.1106705048,"capm_alpha":0.0087303379,"capm_alpha_t":3.1172681429,"capm_beta":-0.0698918138,"capm_ir_ann":1.1629025251,"capm_te_ann":0.090088423},"D10":{"mean_monthly":0.0125806505,"tstat_monthly":1.734406864,"mean_monthly_excess":0.005518813,"tstat_monthly_excess":0.7285241605,"ann_sharpe_excess":0.2202066514,"hit_rate":0.5569620253,"max_drawdown":-0.4880810496},"LS_alpha_vs_BOVA11":{"alpha_bps_per_month":99.3578894416,"alpha_tstat":3.0661485673,"beta":-0.0842937635,"ir_ann":1.1798508568},"LS_vt_alpha_vs_BOVA11":{"alpha_bps_per_month":99.3578894416,"alpha_tstat":3.0661485673,"beta":-0.0842937635,"ir_ann":1.1798508568},"LS_pre_vt_alpha_vs_BOVA11":{"alpha_bps_per_month":87.3033787746,"alpha_tstat":3.1172681429,"beta":-0.0698918138,"ir_ann":1.1629025251}}