bps,D10_sharpe,D10_mean,D10_t,D10_alpha_bps,D10_alpha_t,LS_mean,LS_t,LS_alpha_bps,LS_alpha_t,LS_ir,LS_mean_vt,LS_t_vt,LS_alpha_bps_vt,LS_alpha_t_vt,LS_ir_vt,LS_maxDD_vt,LS_hit_vt,avg_turnover_D10,avg_turnover_LS
20,-0.0050579359941170035,0.008085499868873648,1.3851660441815823,49.606853454853656,1.1566296535066651,0.00788250575124674,2.1998055944196953,82.52358366345686,2.505796974235224,0.9719444412408528,0.007555896205607243,2.267037012756427,78.79355409903366,2.56048628076991,1.0034893376234122,-0.1416523869735541,0.6105263157894737,0.2697513986987671,0.36157093436269644
50,-0.02710765294520408,0.007680872770825499,1.3159650099659292,45.57438597877579,1.0608993423010813,0.007340149349702696,2.039974391827217,77.10378250211227,2.330762699339238,0.9072205125252922,0.007048587038386139,2.105870647715243,73.72308002715694,2.3846610330454827,0.9381357938317471,-0.1450960939381335,0.5894736842105263,0.2697513986987671,0.36157093436269644
100,-0.06386850855208713,0.007006494274078581,1.200575172427604,38.85360685197934,0.9020017235878448,0.006436222013795954,1.7763261397971701,68.07078056653799,2.042236778373303,0.7995587649213072,0.006203071759684298,1.8400151635508093,65.27228990736226,2.094851914827571,0.8293684243914852,-0.15143197207099124,0.5894736842105263,0.2697513986987671,0.36157093436269644
