{"LS":{"mean_monthly":0.0104765279,"tstat_monthly":2.7785777248,"hit_rate":0.6526315789,"max_drawdown":-0.1603316887,"capm_alpha":0.0108291127,"capm_alpha_t":3.0581944581,"capm_beta":-0.0848798576,"capm_ir_ann":1.2960781405,"capm_te_ann":0.1002635165},"LS_vt":{"mean_monthly":0.0104765279,"tstat_monthly":2.7785777248,"hit_rate":0.6526315789,"max_drawdown":-0.1603316887,"capm_alpha":0.0108291127,"capm_alpha_t":3.0581944581,"capm_beta":-0.0848798576,"capm_ir_ann":1.2960781405,"capm_te_ann":0.1002635165},"LS_pre_vt":{"mean_monthly":0.0108644533,"tstat_monthly":2.6091072329,"hit_rate":0.6526315789,"max_drawdown":-0.2132327615,"capm_alpha":0.01125892,"capm_alpha_t":2.905043545,"capm_beta":-0.0949623555,"capm_ir_ann":1.1717265074,"capm_te_ann":0.1153059521},"D10":{"mean_monthly":0.00962173,"tstat_monthly":1.5694025147,"mean_monthly_excess":0.0014433997,"tstat_monthly_excess":0.2369675296,"ann_sharpe_excess":0.0779652047,"hit_rate":0.6,"max_drawdown":-0.3524283555},"LS_alpha_vs_BOVA11":{"alpha_bps_per_month":108.2911266468,"alpha_tstat":3.0581944581,"beta":-0.0848798576,"ir_ann":1.2960781405},"LS_vt_alpha_vs_BOVA11":{"alpha_bps_per_month":108.2911266468,"alpha_tstat":3.0581944581,"beta":-0.0848798576,"ir_ann":1.2960781405},"LS_pre_vt_alpha_vs_BOVA11":{"alpha_bps_per_month":112.5892003975,"alpha_tstat":2.905043545,"beta":-0.0949623555,"ir_ann":1.1717265074}}