bps,D10_sharpe,D10_mean,D10_t,D10_alpha_bps,D10_alpha_t,LS_mean,LS_t,LS_alpha_bps,LS_alpha_t,LS_ir,LS_mean_vt,LS_t_vt,LS_alpha_bps_vt,LS_alpha_t_vt,LS_ir_vt,LS_maxDD_vt,LS_hit_vt,avg_turnover_D10,avg_turnover_LS
20,0.0630359916732721,0.009345133262201356,1.525192320049088,58.72880025296,1.4374631283295283,0.010122599106959692,2.678128257136254,104.75590566320191,2.950790283719238,1.2527604028455326,0.010251761691232998,2.7848447006155874,105.8454725450627,3.043522327961761,1.32659453921505,-0.1423289454037998,0.6526315789473685,0.2765967365967365,0.35392882273939363
50,0.04063212084378576,0.008930238157306251,1.4587649659479716,54.5949626642305,1.3346254518257403,0.009591705872850603,2.5283345440572984,99.45307418773183,2.79066210302887,1.1878907573798896,0.009743930374739904,2.639691001389239,100.7712685482855,2.889186476776047,1.2617392624062478,-0.14562516897782873,0.6526315789473685,0.2765967365967365,0.35392882273939363
100,0.003266198873113051,0.00823874631581441,1.3477583688237929,47.70523334968123,1.1637364087176172,0.008706883816002119,2.2810194362706864,90.61502172861499,2.5263827104557017,1.080070255734081,0.008897544847251415,2.3994160555105033,92.31426188699015,2.6338276080990695,1.153873683508732,-0.15109484205910706,0.6421052631578947,0.2765967365967365,0.35392882273939363
