{"LS":{"mean_monthly":0.0080854592,"tstat_monthly":4.2332614795,"hit_rate":0.6195652174,"max_drawdown":-0.1528650008,"capm_alpha":0.0078086479,"capm_alpha_t":4.0346669689,"capm_beta":0.041405066,"capm_ir_ann":0.9001641543,"capm_te_ann":0.1040963184},"LS_vt":{"mean_monthly":0.0080854592,"tstat_monthly":4.2332614795,"hit_rate":0.6195652174,"max_drawdown":-0.1528650008,"capm_alpha":0.0078086479,"capm_alpha_t":4.0346669689,"capm_beta":0.041405066,"capm_ir_ann":0.9001641543,"capm_te_ann":0.1040963184},"LS_pre_vt":{"mean_monthly":0.0063516698,"tstat_monthly":3.6596287128,"hit_rate":0.6195652174,"max_drawdown":-0.1148922242,"capm_alpha":0.0061175512,"capm_alpha_t":3.5302771118,"capm_beta":0.0350191515,"capm_ir_ann":0.8189375891,"capm_te_ann":0.0896412803},"LS_net":{"mean_monthly":0.0088360073,"tstat_monthly":4.3718879566,"hit_rate":0.625,"max_drawdown":-0.1391304337,"capm_alpha":0.0085643668,"capm_alpha_t":4.1911024556,"capm_beta":0.0406316283,"capm_ir_ann":0.9822452058,"capm_te_ann":0.104630087},"D10":{"mean_monthly":0.0124331551,"tstat_monthly":2.4129465431,"mean_monthly_excess":0.004768466,"tstat_monthly_excess":0.9202163099,"ann_sharpe_excess":0.2219637976,"hit_rate":0.5706521739,"max_drawdown":-0.4870498709},"dispersion_gate":{"mode":"quantile80","blocked_months":135,"total_months":184},"delisting_risk":{"avg_ls_weighted_multiplier":0.9989060298,"avg_ls_weighted_score":0.0043758809,"avg_ls_flagged":0.1630434783,"avg_ls_high":0.0,"avg_universe_flagged":0.7336956522,"avg_universe_high":0.0,"avg_universe_multiplier":0.9984226814},"LS_alpha_vs_BOVA11":{"alpha_bps_per_month":78.0864786755,"alpha_tstat":4.0346669689,"beta":0.041405066,"ir_ann":0.9001641543},"LS_vt_alpha_vs_BOVA11":{"alpha_bps_per_month":78.0864786755,"alpha_tstat":4.0346669689,"beta":0.041405066,"ir_ann":0.9001641543},"LS_pre_vt_alpha_vs_BOVA11":{"alpha_bps_per_month":61.1755116351,"alpha_tstat":3.5302771118,"beta":0.0350191515,"ir_ann":0.8189375891},"LS_net_alpha_vs_BOVA11":{"alpha_bps_per_month":85.6436677684,"alpha_tstat":4.1911024556,"beta":0.0406316283,"ir_ann":0.9822452058},"LS_financing_assumptions":{"avg_short_gross":0.5,"avg_long_gross":0.5,"avg_carry":0.0053294245,"avg_borrow_cost":0.0045788764,"carry_multiplier":1.0,"borrow_cost_annual":0.08}}