bps,D10_sharpe,D10_mean,D10_t,D10_alpha_bps,D10_alpha_t,LS_mean,LS_t,LS_alpha_bps,LS_alpha_t,LS_ir,LS_mean_vt,LS_t_vt,LS_alpha_bps_vt,LS_alpha_t_vt,LS_ir_vt,LS_maxDD_vt,LS_hit_vt,avg_turnover_D10,avg_turnover_LS
20,0.19537167683382253,0.01189073915619062,2.3554686014499104,54.513694878627376,1.6669410110183536,0.008042414058438864,3.6355752485138924,77.87453209889162,3.5281208026878383,0.8805612922867824,0.007360499554212073,3.3610762223783857,71.13348481563001,3.2332884554606047,0.8188482357224189,-0.2405972770125413,0.5978260869565217,0.09541264944829667,0.13571406887609733
50,0.18870854779421753,0.011747620182018173,2.324340275634791,53.07240851378352,1.6200586740420855,0.007838842955124718,3.5552902856241078,75.83497217987914,3.448119639583709,0.8585735833022309,0.007159113111824179,3.27802733800892,69.11465205656769,3.1511357056429197,0.7965866400377807,-0.24274255077790818,0.5978260869565217,0.09541264944829667,0.13571406887609733
100,0.1776071642418271,0.011509088558397433,2.272506013901039,50.67026457237715,1.5420841601110369,0.007499557782934475,3.4184843491524597,72.43570564819169,3.311721480853222,0.8216211247243562,0.00682346904117769,3.1369280193756612,65.74993079146383,3.0114823226220775,0.7591820083822414,-0.24630756234054207,0.5978260869565217,0.09541264944829667,0.13571406887609733
