{"LS":{"mean_monthly":0.0074649001,"tstat_monthly":3.6146750912,"hit_rate":0.6086956522,"max_drawdown":-0.1665669652,"capm_alpha":0.0072055917,"capm_alpha_t":3.48486297,"capm_beta":0.0387869962,"capm_ir_ann":0.8209394934,"capm_te_ann":0.1053270077},"LS_vt":{"mean_monthly":0.0074649001,"tstat_monthly":3.6146750912,"hit_rate":0.6086956522,"max_drawdown":-0.1665669652,"capm_alpha":0.0072055917,"capm_alpha_t":3.48486297,"capm_beta":0.0387869962,"capm_ir_ann":0.8209394934,"capm_te_ann":0.1053270077},"LS_pre_vt":{"mean_monthly":0.0063032179,"tstat_monthly":3.4947372534,"hit_rate":0.6086956522,"max_drawdown":-0.1198131392,"capm_alpha":0.0060657996,"capm_alpha_t":3.3942659019,"capm_beta":0.035512722,"capm_ir_ann":0.7936134833,"capm_te_ann":0.091719201},"LS_net":{"mean_monthly":0.0081781281,"tstat_monthly":3.688327269,"hit_rate":0.6032608696,"max_drawdown":-0.2160881552,"capm_alpha":0.0079234239,"capm_alpha_t":3.5806683724,"capm_beta":0.0380983201,"capm_ir_ann":0.8951396289,"capm_te_ann":0.1062192795},"D10":{"mean_monthly":0.0119861518,"tstat_monthly":2.3762309528,"mean_monthly_excess":0.0043214628,"tstat_monthly_excess":0.8549732381,"ann_sharpe_excess":0.1998146115,"hit_rate":0.5706521739,"max_drawdown":-0.4838801755},"dispersion_gate":{"mode":"quantile70","blocked_months":117,"total_months":184},"delisting_risk":{"avg_ls_weighted_multiplier":0.9990140417,"avg_ls_weighted_score":0.003943833,"avg_ls_flagged":0.1739130435,"avg_ls_high":0.0,"avg_universe_flagged":0.7336956522,"avg_universe_high":0.0,"avg_universe_multiplier":0.9984226814},"LS_alpha_vs_BOVA11":{"alpha_bps_per_month":72.0559169312,"alpha_tstat":3.48486297,"beta":0.0387869962,"ir_ann":0.8209394934},"LS_vt_alpha_vs_BOVA11":{"alpha_bps_per_month":72.0559169312,"alpha_tstat":3.48486297,"beta":0.0387869962,"ir_ann":0.8209394934},"LS_pre_vt_alpha_vs_BOVA11":{"alpha_bps_per_month":60.6579955052,"alpha_tstat":3.3942659019,"beta":0.035512722,"ir_ann":0.7936134833},"LS_net_alpha_vs_BOVA11":{"alpha_bps_per_month":79.2342387116,"alpha_tstat":3.5806683724,"beta":0.0380983201,"ir_ann":0.8951396289},"LS_financing_assumptions":{"avg_short_gross":0.5,"avg_long_gross":0.5,"avg_carry":0.0050236029,"avg_borrow_cost":0.0043103749,"carry_multiplier":1.0,"borrow_cost_annual":0.08}}