{"LS":{"mean_monthly":0.007737581,"tstat_monthly":2.9622093019,"hit_rate":0.6078431373,"max_drawdown":-0.1207929316,"capm_alpha":0.0075551036,"capm_alpha_t":2.9351300301,"capm_beta":0.0368639253,"capm_ir_ann":0.9179534113,"capm_te_ann":0.0987645362},"LS_vt":{"mean_monthly":0.007737581,"tstat_monthly":2.9622093019,"hit_rate":0.6078431373,"max_drawdown":-0.1207929316,"capm_alpha":0.0075551036,"capm_alpha_t":2.9351300301,"capm_beta":0.0368639253,"capm_ir_ann":0.9179534113,"capm_te_ann":0.0987645362},"LS_pre_vt":{"mean_monthly":0.0064363737,"tstat_monthly":2.9201826447,"hit_rate":0.6078431373,"max_drawdown":-0.1054584471,"capm_alpha":0.0062544728,"capm_alpha_t":2.9076565271,"capm_beta":0.0367474503,"capm_ir_ann":0.9031638136,"capm_te_ann":0.0831008416},"D10":{"mean_monthly":0.0091022286,"tstat_monthly":1.2845042032,"mean_monthly_excess":0.0008976336,"tstat_monthly_excess":0.1265674533,"ann_sharpe_excess":0.0474712548,"hit_rate":0.5588235294,"max_drawdown":-0.4648423641},"LS_alpha_vs_BOVA11":{"alpha_bps_per_month":75.5510357311,"alpha_tstat":2.9351300301,"beta":0.0368639253,"ir_ann":0.9179534113},"LS_vt_alpha_vs_BOVA11":{"alpha_bps_per_month":75.5510357311,"alpha_tstat":2.9351300301,"beta":0.0368639253,"ir_ann":0.9179534113},"LS_pre_vt_alpha_vs_BOVA11":{"alpha_bps_per_month":62.5447275194,"alpha_tstat":2.9076565271,"beta":0.0367474503,"ir_ann":0.9031638136}}