bps,D10_sharpe,D10_mean,D10_t,D10_alpha_bps,D10_alpha_t,LS_mean,LS_t,LS_alpha_bps,LS_alpha_t,LS_ir,LS_mean_vt,LS_t_vt,LS_alpha_bps_vt,LS_alpha_t_vt,LS_ir_vt,LS_maxDD_vt,LS_hit_vt,avg_turnover_D10,avg_turnover_LS
20,0.03696843060128358,0.008903534461321467,1.2578659873559621,46.41210396502142,1.1094691452847305,0.007450267186028992,2.8585445392504085,72.66609239747045,2.8288743656491033,0.8828260541833374,0.007478090703516734,2.7746370555009365,73.47126681217749,2.7351421780835286,0.8779956785806238,-0.12500821216678026,0.5980392156862745,0.1986941078059878,0.2873138617566525
50,0.0212086985848941,0.008605493299612488,1.2177913037040975,43.42354277663703,1.042117728569428,0.007019296393394012,2.7021095805871194,68.3386773970686,2.6685885900773765,0.8301232402290314,0.0070378463851941105,2.6201909124558393,69.04631302420297,2.5791572885144505,0.8250350311411924,-0.12647671163804153,0.5784313725490197,0.1986941078059878,0.2873138617566525
100,-0.005071727822644175,0.008108758030097517,1.1506870657770005,38.44260746266304,0.9286576244254241,0.006301011739002381,2.4388916780604855,61.12631906306547,2.3990547308396266,0.7422668104500523,0.0063041058546564055,2.360236986931523,61.6713900442455,2.3166290644555416,0.7367377356036838,-0.12891967264850746,0.5588235294117647,0.1986941078059878,0.2873138617566525
