{"LS":{"mean_monthly":0.0121044657,"tstat_monthly":3.4013654657,"hit_rate":0.6631578947,"max_drawdown":-0.133675333,"capm_alpha":0.0124683907,"capm_alpha_t":3.7697663213,"capm_beta":-0.0876098654,"capm_ir_ann":1.4940250763,"capm_te_ann":0.1001460357},"LS_vt":{"mean_monthly":0.0121044657,"tstat_monthly":3.4013654657,"hit_rate":0.6631578947,"max_drawdown":-0.133675333,"capm_alpha":0.0124683907,"capm_alpha_t":3.7697663213,"capm_beta":-0.0876098654,"capm_ir_ann":1.4940250763,"capm_te_ann":0.1001460357},"LS_pre_vt":{"mean_monthly":0.0130153393,"tstat_monthly":3.2743481065,"hit_rate":0.6631578947,"max_drawdown":-0.182266725,"capm_alpha":0.0134301714,"capm_alpha_t":3.6476934326,"capm_beta":-0.0998650627,"capm_ir_ann":1.3820902684,"capm_te_ann":0.1166074756},"D10":{"mean_monthly":0.0100219228,"tstat_monthly":1.6318053378,"mean_monthly_excess":0.0018435925,"tstat_monthly_excess":0.3042367915,"ann_sharpe_excess":0.0989475542,"hit_rate":0.6,"max_drawdown":-0.3328140916},"LS_alpha_vs_BOVA11":{"alpha_bps_per_month":124.6839071402,"alpha_tstat":3.7697663213,"beta":-0.0876098654,"ir_ann":1.4940250763},"LS_vt_alpha_vs_BOVA11":{"alpha_bps_per_month":124.6839071402,"alpha_tstat":3.7697663213,"beta":-0.0876098654,"ir_ann":1.4940250763},"LS_pre_vt_alpha_vs_BOVA11":{"alpha_bps_per_month":134.3017143505,"alpha_tstat":3.6476934326,"beta":-0.0998650627,"ir_ann":1.3820902684}}