bps,D10_sharpe,D10_mean,D10_t,D10_alpha_bps,D10_alpha_t,LS_mean,LS_t,LS_alpha_bps,LS_alpha_t,LS_ir,LS_mean_vt,LS_t_vt,LS_alpha_bps_vt,LS_alpha_t_vt,LS_ir_vt,LS_maxDD_vt,LS_hit_vt,avg_turnover_D10,avg_turnover_LS
20,0.0825299696098636,0.00971565348357441,1.5832525658129415,62.0074408817025,1.563526162140527,0.011722084822397456,3.2864657382522884,120.86265670139825,3.645843554087722,1.4473736739919527,0.011670095529842599,3.356305908213155,120.05498960540304,3.694403859417244,1.5075162274670248,-0.11767481755458509,0.6631578947368421,0.3062693481269331,0.38238090319544976
50,0.057888243818734586,0.009256249461384009,1.5102512635932208,57.435826385692685,1.4457872011419401,0.01114851346760428,3.115036179546976,115.13078104315157,3.460956343571958,1.3774717987203526,0.01112234413907211,3.190567209482723,114.577943700595,3.5161143007341975,1.43778386564003,-0.12122097779164798,0.6631578947368421,0.3062693481269331,0.38238090319544976
100,0.016778706215048608,0.008490576091066678,1.3881301527967704,49.81646889234298,1.250348778585219,0.010192561209615656,2.831772278295216,105.5776549460736,3.155472088146495,1.2611819209921038,0.01020942515445463,2.9161031679946046,105.4495338592484,3.2210055738659578,1.3216953062122194,-0.12710423748688005,0.6526315789473685,0.3062693481269331,0.38238090319544976
