{"LS":{"mean_monthly":0.0122275432,"tstat_monthly":3.4268453589,"hit_rate":0.6631578947,"max_drawdown":-0.1265936684,"capm_alpha":0.0126629417,"capm_alpha_t":3.8344354266,"capm_beta":-0.1048161182,"capm_ir_ann":1.537647668,"capm_te_ann":0.0988232246},"LS_vt":{"mean_monthly":0.0122275432,"tstat_monthly":3.4268453589,"hit_rate":0.6631578947,"max_drawdown":-0.1265936684,"capm_alpha":0.0126629417,"capm_alpha_t":3.8344354266,"capm_beta":-0.1048161182,"capm_ir_ann":1.537647668,"capm_te_ann":0.0988232246},"LS_pre_vt":{"mean_monthly":0.0126031726,"tstat_monthly":3.2661335012,"hit_rate":0.6631578947,"max_drawdown":-0.163183086,"capm_alpha":0.0130633772,"capm_alpha_t":3.6585669295,"capm_beta":-0.1107878425,"capm_ir_ann":1.4430603289,"capm_te_ann":0.108630612},"D10":{"mean_monthly":0.0103129281,"tstat_monthly":1.6717430843,"mean_monthly_excess":0.0021345978,"tstat_monthly_excess":0.3506736676,"ann_sharpe_excess":0.117284821,"hit_rate":0.6105263158,"max_drawdown":-0.328348356},"LS_alpha_vs_BOVA11":{"alpha_bps_per_month":126.6294173423,"alpha_tstat":3.8344354266,"beta":-0.1048161182,"ir_ann":1.537647668},"LS_vt_alpha_vs_BOVA11":{"alpha_bps_per_month":126.6294173423,"alpha_tstat":3.8344354266,"beta":-0.1048161182,"ir_ann":1.537647668},"LS_pre_vt_alpha_vs_BOVA11":{"alpha_bps_per_month":130.6337722616,"alpha_tstat":3.6585669295,"beta":-0.1107878425,"ir_ann":1.4430603289}}