{"LS":{"mean_monthly":0.0086815893,"tstat_monthly":4.1193484719,"hit_rate":0.6497175141,"max_drawdown":-0.2068725009,"capm_alpha":0.0082151777,"capm_alpha_t":3.8581374885,"capm_beta":0.07372007,"capm_ir_ann":0.9865554597,"capm_te_ann":0.099925586},"LS_vt":{"mean_monthly":0.0086815893,"tstat_monthly":4.1193484719,"hit_rate":0.6497175141,"max_drawdown":-0.2068725009,"capm_alpha":0.0082151777,"capm_alpha_t":3.8581374885,"capm_beta":0.07372007,"capm_ir_ann":0.9865554597,"capm_te_ann":0.099925586},"LS_pre_vt":{"mean_monthly":0.0053580642,"tstat_monthly":4.2229723467,"hit_rate":0.6497175141,"max_drawdown":-0.123864429,"capm_alpha":0.0050590568,"capm_alpha_t":3.9533060904,"capm_beta":0.0472605088,"capm_ir_ann":1.0455566456,"capm_te_ann":0.058063503},"LS_net":{"mean_monthly":0.0097397052,"tstat_monthly":4.5294342024,"hit_rate":0.6666666667,"max_drawdown":-0.1690444582,"capm_alpha":0.009274538,"capm_alpha_t":4.1654846704,"capm_beta":0.0735233863,"capm_ir_ann":1.1094619931,"capm_te_ann":0.100313897},"D10":{"mean_monthly":0.0099772645,"tstat_monthly":2.5300278883,"mean_monthly_excess":0.0023480245,"tstat_monthly_excess":0.5799094872,"ann_sharpe_excess":0.1247514123,"hit_rate":0.5875706215,"max_drawdown":-0.4418362354},"dispersion_gate":{"mode":"none","blocked_months":0,"total_months":177},"delisting_risk":{"avg_ls_weighted_multiplier":0.9984508394,"avg_ls_weighted_score":0.0061966422,"avg_ls_flagged":1.1355932203,"avg_ls_high":0.0,"avg_universe_flagged":1.1355932203,"avg_universe_high":0.0,"avg_universe_multiplier":0.9978720306},"LS_alpha_vs_BOVA11":{"alpha_bps_per_month":82.1517770187,"alpha_tstat":3.8581374885,"beta":0.07372007,"ir_ann":0.9865554597},"LS_vt_alpha_vs_BOVA11":{"alpha_bps_per_month":82.1517770187,"alpha_tstat":3.8581374885,"beta":0.07372007,"ir_ann":0.9865554597},"LS_pre_vt_alpha_vs_BOVA11":{"alpha_bps_per_month":50.5905678829,"alpha_tstat":3.9533060904,"beta":0.0472605088,"ir_ann":1.0455566456},"LS_net_alpha_vs_BOVA11":{"alpha_bps_per_month":92.7453800917,"alpha_tstat":4.1654846704,"beta":0.0735233863,"ir_ann":1.1094619931},"LS_financing_assumptions":{"avg_short_gross":0.5,"avg_long_gross":0.5,"avg_carry":0.0065229728,"avg_borrow_cost":0.0054648569,"carry_multiplier":1.0,"borrow_cost_annual":0.08}}