bps,D10_sharpe,D10_mean,D10_t,D10_alpha_bps,D10_alpha_t,LS_mean,LS_t,LS_alpha_bps,LS_alpha_t,LS_ir,LS_mean_vt,LS_t_vt,LS_alpha_bps_vt,LS_alpha_t_vt,LS_ir_vt,LS_maxDD_vt,LS_hit_vt,avg_turnover_D10,avg_turnover_LS
20,0.2233421140490165,0.012544580981343645,2.42088768089875,60.90501097216111,1.8380720008254572,0.00857450188036441,4.111723869683382,81.69157302971713,3.89053531897683,0.947088933335152,0.008213028103307264,4.018152091276675,77.88252383827792,3.754323064426502,0.909014120040398,-0.1628199758780131,0.6195652173913043,0.08150902583083659,0.11681443145156849
50,0.21768233274889282,0.012422317442597388,2.393987433399902,59.66987512192159,1.796635277927338,0.008399280233187058,4.033256096944486,79.9222547349686,3.814628063409073,0.9273304320554618,0.008037817174324372,3.9344366579154433,76.11207567736119,3.674120386686379,0.8890886654436785,-0.1628199758780131,0.6195652173913043,0.08150902583083659,0.11681443145156849
100,0.20825279759151147,0.012218544878020297,2.3492147844331104,57.61131537152239,1.7278127956430656,0.008107244154558135,3.899662842647547,76.97339091038769,3.6851856080673775,0.8941119378884322,0.0077457989593528835,3.792355664952101,73.16132874249995,3.53777872639837,0.8555885193699283,-0.162819975878013,0.6195652173913043,0.08150902583083659,0.11681443145156849
