{"LS":{"mean_monthly":0.0079279554,"tstat_monthly":3.9945204791,"hit_rate":0.6141304348,"max_drawdown":-0.1528650008,"capm_alpha":0.007519521,"capm_alpha_t":3.7630241343,"capm_beta":0.0610930739,"capm_ir_ann":0.8756377669,"capm_te_ann":0.1030497489},"LS_vt":{"mean_monthly":0.0079279554,"tstat_monthly":3.9945204791,"hit_rate":0.6141304348,"max_drawdown":-0.1528650008,"capm_alpha":0.007519521,"capm_alpha_t":3.7630241343,"capm_beta":0.0610930739,"capm_ir_ann":0.8756377669,"capm_te_ann":0.1030497489},"LS_pre_vt":{"mean_monthly":0.0064321046,"tstat_monthly":3.6702610429,"hit_rate":0.6141304348,"max_drawdown":-0.1148922242,"capm_alpha":0.0061049251,"capm_alpha_t":3.4974258561,"capm_beta":0.0489390701,"capm_ir_ann":0.8139740584,"capm_te_ann":0.0900017644},"LS_net":{"mean_monthly":0.0086913163,"tstat_monthly":4.1632990166,"hit_rate":0.625,"max_drawdown":-0.1391304337,"capm_alpha":0.0082871119,"capm_alpha_t":3.9403794233,"capm_beta":0.0604603589,"capm_ir_ann":0.9601857176,"capm_te_ann":0.1035688622},"D10":{"mean_monthly":0.01262609,"tstat_monthly":2.4388354087,"mean_monthly_excess":0.004961401,"tstat_monthly_excess":0.9527622072,"ann_sharpe_excess":0.22711607,"hit_rate":0.5597826087,"max_drawdown":-0.4870498709},"dispersion_gate":{"mode":"quantile80","blocked_months":131,"total_months":184},"delisting_risk":{"avg_ls_weighted_multiplier":0.9989741854,"avg_ls_weighted_score":0.0041032582,"avg_ls_flagged":0.1576086957,"avg_ls_high":0.0,"avg_universe_flagged":0.7336956522,"avg_universe_high":0.0,"avg_universe_multiplier":0.9984233837},"LS_alpha_vs_BOVA11":{"alpha_bps_per_month":75.1952099947,"alpha_tstat":3.7630241343,"beta":0.0610930739,"ir_ann":0.8756377669},"LS_vt_alpha_vs_BOVA11":{"alpha_bps_per_month":75.1952099947,"alpha_tstat":3.7630241343,"beta":0.0610930739,"ir_ann":0.8756377669},"LS_pre_vt_alpha_vs_BOVA11":{"alpha_bps_per_month":61.0492512202,"alpha_tstat":3.4974258561,"beta":0.0489390701,"ir_ann":0.8139740584},"LS_net_alpha_vs_BOVA11":{"alpha_bps_per_month":82.8711185595,"alpha_tstat":3.9403794233,"beta":0.0604603589,"ir_ann":0.9601857176},"LS_financing_assumptions":{"avg_short_gross":0.5,"avg_long_gross":0.5,"avg_carry":0.0051283572,"avg_borrow_cost":0.0043649963,"carry_multiplier":1.0,"borrow_cost_annual":0.08}}