bps,D10_sharpe,D10_mean,D10_t,D10_alpha_bps,D10_alpha_t,LS_mean,LS_t,LS_alpha_bps,LS_alpha_t,LS_ir,LS_mean_vt,LS_t_vt,LS_alpha_bps_vt,LS_alpha_t_vt,LS_ir_vt,LS_maxDD_vt,LS_hit_vt,avg_turnover_D10,avg_turnover_LS
20,0.07658996139307735,0.009663514273505244,1.5614076672420445,63.87888065343338,1.4201272262687379,0.008415240219721565,2.421202437873019,87.46104222036826,2.703852578441806,1.0272075022334015,0.008026772444548465,2.513195627291592,83.09250958286162,2.785510052239155,1.0643711949051593,-0.12087601346780241,0.631578947368421,0.28327789169894424,0.3687635756056809
50,0.05468974039230423,0.009238597435956827,1.4934409157027977,59.648310387790026,1.3241909476031553,0.007862094856313045,2.253011592977195,81.92424008551767,2.521278097303395,0.9612079832099708,0.00751090856380166,2.3417632323552073,77.9309809998302,2.6003426117061665,0.9973792152612793,-0.1243508571744647,0.631578947368421,0.28327789169894424,0.3687635756056809
100,0.018166969250796056,0.008530402706709465,1.3799802445639517,52.59735994505096,1.1648449021609228,0.0069401859172988425,1.9754273080849434,72.69623652743334,2.2203038206268286,0.8514108605451407,0.006651135429223654,2.0588780841218832,69.32843336144455,2.295074285071715,0.8858722225685629,-0.13011663236140747,0.6105263157894737,0.28327789169894424,0.3687635756056809
