{"LS":{"mean_monthly":0.0087840038,"tstat_monthly":2.5340044654,"hit_rate":0.6315789474,"max_drawdown":-0.1340727031,"capm_alpha":0.0091152244,"capm_alpha_t":2.826387563,"capm_beta":-0.0797367326,"capm_ir_ann":1.0712517136,"capm_te_ann":0.1021073675},"LS_vt":{"mean_monthly":0.0087840038,"tstat_monthly":2.5340044654,"hit_rate":0.6315789474,"max_drawdown":-0.1340727031,"capm_alpha":0.0091152244,"capm_alpha_t":2.826387563,"capm_beta":-0.0797367326,"capm_ir_ann":1.0712517136,"capm_te_ann":0.1021073675},"LS_pre_vt":{"mean_monthly":0.0113653386,"tstat_monthly":2.3048678672,"hit_rate":0.6315789474,"max_drawdown":-0.2316771516,"capm_alpha":0.0118805956,"capm_alpha_t":2.6151865267,"capm_beta":-0.1240409412,"capm_ir_ann":0.9617610321,"capm_te_ann":0.148235521},"D10":{"mean_monthly":0.0099467922,"tstat_monthly":1.6066714751,"mean_monthly_excess":0.0017684619,"tstat_monthly_excess":0.2863749085,"ann_sharpe_excess":0.0911843001,"hit_rate":0.5894736842,"max_drawdown":-0.3418097931},"LS_alpha_vs_BOVA11":{"alpha_bps_per_month":91.1522436436,"alpha_tstat":2.826387563,"beta":-0.0797367326,"ir_ann":1.0712517136},"LS_vt_alpha_vs_BOVA11":{"alpha_bps_per_month":91.1522436436,"alpha_tstat":2.826387563,"beta":-0.0797367326,"ir_ann":1.0712517136},"LS_pre_vt_alpha_vs_BOVA11":{"alpha_bps_per_month":118.8059564255,"alpha_tstat":2.6151865267,"beta":-0.1240409412,"ir_ann":0.9617610321}}