{"LS":{"mean_monthly":0.0099677458,"tstat_monthly":4.766128301,"hit_rate":0.6836158192,"max_drawdown":-0.1848629944,"capm_alpha":0.0097744407,"capm_alpha_t":4.7405975103,"capm_beta":0.0305534018,"capm_ir_ann":1.163387569,"capm_te_ann":0.1008204764},"LS_vt":{"mean_monthly":0.0099677458,"tstat_monthly":4.766128301,"hit_rate":0.6836158192,"max_drawdown":-0.1848629944,"capm_alpha":0.0097744407,"capm_alpha_t":4.7405975103,"capm_beta":0.0305534018,"capm_ir_ann":1.163387569,"capm_te_ann":0.1008204764},"LS_pre_vt":{"mean_monthly":0.0073246533,"tstat_monthly":4.6834248509,"hit_rate":0.6836158192,"max_drawdown":-0.1489077896,"capm_alpha":0.0071690289,"capm_alpha_t":4.6778869215,"capm_beta":0.0245976921,"capm_ir_ann":1.1809262117,"capm_te_ann":0.0728481979},"LS_net":{"mean_monthly":0.0107736568,"tstat_monthly":5.0108139747,"hit_rate":0.6949152542,"max_drawdown":-0.1663543628,"capm_alpha":0.0105826891,"capm_alpha_t":4.8903336292,"capm_beta":0.0301839676,"capm_ir_ann":1.254559035,"capm_te_ann":0.1012246262},"D10":{"mean_monthly":0.0112703869,"tstat_monthly":2.7079798112,"mean_monthly_excess":0.0036411469,"tstat_monthly_excess":0.8491962009,"ann_sharpe_excess":0.1880227209,"hit_rate":0.5988700565,"max_drawdown":-0.4422233931},"LS_alpha_vs_BOVA11":{"alpha_bps_per_month":97.7444074185,"alpha_tstat":4.7405975103,"beta":0.0305534018,"ir_ann":1.163387569},"LS_vt_alpha_vs_BOVA11":{"alpha_bps_per_month":97.7444074185,"alpha_tstat":4.7405975103,"beta":0.0305534018,"ir_ann":1.163387569},"LS_pre_vt_alpha_vs_BOVA11":{"alpha_bps_per_month":71.6902886375,"alpha_tstat":4.6778869215,"beta":0.0245976921,"ir_ann":1.1809262117},"LS_net_alpha_vs_BOVA11":{"alpha_bps_per_month":105.8268911799,"alpha_tstat":4.8903336292,"beta":0.0301839676,"ir_ann":1.254559035},"LS_financing_assumptions":{"avg_short_gross":0.5,"avg_long_gross":0.4999936377,"avg_carry":0.0052843551,"avg_borrow_cost":0.004478444,"carry_multiplier":1.0,"borrow_cost_annual":0.08}}