bps,D10_sharpe,D10_mean,D10_t,D10_alpha_bps,D10_alpha_t,LS_mean,LS_t,LS_alpha_bps,LS_alpha_t,LS_ir,LS_mean_vt,LS_t_vt,LS_alpha_bps_vt,LS_alpha_t_vt,LS_ir_vt,LS_maxDD_vt,LS_hit_vt,avg_turnover_D10,avg_turnover_LS
20,0.08360493148882031,0.00971302721169554,1.5739792911138133,61.867887273055054,1.5611725890087587,0.011765113220641507,3.4106992823168825,120.83869398798707,3.684039238374581,1.4350035246949424,0.011845120721752068,3.5071968582564703,121.43419206965496,3.7559186740233708,1.487969885941101,-0.11052345936583996,0.6947368421052632,0.29680338617441426,0.36390149475092093
50,0.05937532667422848,0.00926782213243392,1.5034958549204358,57.44026823922894,1.44740493828752,0.011219260978515127,3.24033328481607,115.38519800740367,3.504289938915438,1.3689953272713484,0.011317061196898091,3.3417800705221237,116.15574714035729,3.5820141526607663,1.422285695666737,-0.11386636454600185,0.6947368421052632,0.29680338617441426,0.36390149475092093
100,0.018949596502241872,0.00852581366699788,1.3856341588931829,50.06090318285211,1.2584225537316518,0.010309507241637823,2.9590892127546624,106.29603803976461,3.20763175960095,1.2591879311137204,0.010436961988808125,3.067953332088538,107.35833892486126,3.2943316761252093,1.3129559093674876,-0.1194141077836468,0.6736842105263158,0.29680338617441426,0.36390149475092093
