{"LS":{"mean_monthly":0.0121290147,"tstat_monthly":3.5249543466,"hit_rate":0.6947368421,"max_drawdown":-0.1263294977,"capm_alpha":0.0124474358,"capm_alpha_t":3.8046064095,"capm_beta":-0.0766554346,"capm_ir_ann":1.4790580277,"capm_te_ann":0.1009894316},"LS_vt":{"mean_monthly":0.0121290147,"tstat_monthly":3.5249543466,"hit_rate":0.6947368421,"max_drawdown":-0.1263294977,"capm_alpha":0.0124474358,"capm_alpha_t":3.8046064095,"capm_beta":-0.0766554346,"capm_ir_ann":1.4790580277,"capm_te_ann":0.1009894316},"LS_pre_vt":{"mean_monthly":0.012183484,"tstat_monthly":3.3418900656,"hit_rate":0.6947368421,"max_drawdown":-0.1574878182,"capm_alpha":0.0124827151,"capm_alpha_t":3.5890078332,"capm_beta":-0.0720357103,"capm_ir_ann":1.379535108,"capm_te_ann":0.1085819275},"D10":{"mean_monthly":0.0100098306,"tstat_monthly":1.6208695441,"mean_monthly_excess":0.0018315003,"tstat_monthly_excess":0.2998090048,"ann_sharpe_excess":0.0997470587,"hit_rate":0.6210526316,"max_drawdown":-0.3575382891},"LS_alpha_vs_BOVA11":{"alpha_bps_per_month":124.474357975,"alpha_tstat":3.8046064095,"beta":-0.0766554346,"ir_ann":1.4790580277},"LS_vt_alpha_vs_BOVA11":{"alpha_bps_per_month":124.474357975,"alpha_tstat":3.8046064095,"beta":-0.0766554346,"ir_ann":1.4790580277},"LS_pre_vt_alpha_vs_BOVA11":{"alpha_bps_per_month":124.8271509378,"alpha_tstat":3.5890078332,"beta":-0.0720357103,"ir_ann":1.379535108}}