{"LS":{"mean_monthly":0.0045713892,"tstat_monthly":2.2319836277,"hit_rate":0.527173913,"max_drawdown":-0.2626408651,"capm_alpha":0.0039830153,"capm_alpha_t":1.9570364406,"capm_beta":0.0880081741,"capm_ir_ann":0.4942715069,"capm_te_ann":0.0967002619},"LS_vt":{"mean_monthly":0.0045713892,"tstat_monthly":2.2319836277,"hit_rate":0.527173913,"max_drawdown":-0.2626408651,"capm_alpha":0.0039830153,"capm_alpha_t":1.9570364406,"capm_beta":0.0880081741,"capm_ir_ann":0.4942715069,"capm_te_ann":0.0967002619},"LS_pre_vt":{"mean_monthly":0.0018281784,"tstat_monthly":2.0838517,"hit_rate":0.527173913,"max_drawdown":-0.1315440706,"capm_alpha":0.001546237,"capm_alpha_t":1.7930270436,"capm_beta":0.0421724103,"capm_ir_ann":0.4432010917,"capm_te_ann":0.0418655193},"LS_net":{"mean_monthly":0.0059972537,"tstat_monthly":2.6821148136,"hit_rate":0.5597826087,"max_drawdown":-0.2141832879,"capm_alpha":0.0054157376,"capm_alpha_t":2.4456514119,"capm_beta":0.0869823978,"capm_ir_ann":0.6631365084,"capm_te_ann":0.098002222},"D10":{"mean_monthly":0.0089759899,"tstat_monthly":2.2379525389,"mean_monthly_excess":0.0013113008,"tstat_monthly_excess":0.3193938829,"ann_sharpe_excess":0.0689926667,"hit_rate":0.5543478261,"max_drawdown":-0.4120918643},"dispersion_gate":{"mode":"quantile80","blocked_months":132,"total_months":184},"delisting_risk":{"avg_ls_weighted_multiplier":0.999018731,"avg_ls_weighted_score":0.003925076,"avg_ls_flagged":0.5163043478,"avg_ls_high":0.0,"avg_universe_flagged":0.7336956522,"avg_universe_high":0.0,"avg_universe_multiplier":0.9984226814},"LS_alpha_vs_BOVA11":{"alpha_bps_per_month":39.83015347,"alpha_tstat":1.9570364406,"beta":0.0880081741,"ir_ann":0.4942715069},"LS_vt_alpha_vs_BOVA11":{"alpha_bps_per_month":39.83015347,"alpha_tstat":1.9570364406,"beta":0.0880081741,"ir_ann":0.4942715069},"LS_pre_vt_alpha_vs_BOVA11":{"alpha_bps_per_month":15.4623698696,"alpha_tstat":1.7930270436,"beta":0.0421724103,"ir_ann":0.4432010917},"LS_net_alpha_vs_BOVA11":{"alpha_bps_per_month":54.1573761197,"alpha_tstat":2.4456514119,"beta":0.0869823978,"ir_ann":0.6631365084},"LS_financing_assumptions":{"avg_short_gross":0.5,"avg_long_gross":0.499972197,"avg_carry":0.0091702428,"avg_borrow_cost":0.0077443783,"carry_multiplier":1.0,"borrow_cost_annual":0.08}}