{"LS":{"mean_monthly":0.0097275389,"tstat_monthly":2.4729294223,"hit_rate":0.6526315789,"max_drawdown":-0.1622511126,"capm_alpha":0.0100338038,"capm_alpha_t":2.7247016218,"capm_beta":-0.0737290005,"capm_ir_ann":1.1696650823,"capm_te_ann":0.1029402755},"LS_vt":{"mean_monthly":0.0097275389,"tstat_monthly":2.4729294223,"hit_rate":0.6526315789,"max_drawdown":-0.1622511126,"capm_alpha":0.0100338038,"capm_alpha_t":2.7247016218,"capm_beta":-0.0737290005,"capm_ir_ann":1.1696650823,"capm_te_ann":0.1029402755},"LS_pre_vt":{"mean_monthly":0.0107059476,"tstat_monthly":2.2536849465,"hit_rate":0.6526315789,"max_drawdown":-0.2453053144,"capm_alpha":0.0111137973,"capm_alpha_t":2.5341608577,"capm_beta":-0.098184123,"capm_ir_ann":1.006160132,"capm_te_ann":0.1325490477},"D10":{"mean_monthly":0.0097697036,"tstat_monthly":1.5942862232,"mean_monthly_excess":0.0015913733,"tstat_monthly_excess":0.2616715367,"ann_sharpe_excess":0.087138223,"hit_rate":0.5789473684,"max_drawdown":-0.3380623486},"LS_alpha_vs_BOVA11":{"alpha_bps_per_month":100.3380381661,"alpha_tstat":2.7247016218,"beta":-0.0737290005,"ir_ann":1.1696650823},"LS_vt_alpha_vs_BOVA11":{"alpha_bps_per_month":100.3380381661,"alpha_tstat":2.7247016218,"beta":-0.0737290005,"ir_ann":1.1696650823},"LS_pre_vt_alpha_vs_BOVA11":{"alpha_bps_per_month":111.1379727458,"alpha_tstat":2.5341608577,"beta":-0.098184123,"ir_ann":1.006160132}}