{"LS":{"mean_monthly":0.0101798392,"tstat_monthly":2.5882204221,"hit_rate":0.6526315789,"max_drawdown":-0.1598327508,"capm_alpha":0.0104953994,"capm_alpha_t":2.8569318894,"capm_beta":-0.0759667097,"capm_ir_ann":1.2232579264,"capm_te_ann":0.1029584929},"LS_vt":{"mean_monthly":0.0101798392,"tstat_monthly":2.5882204221,"hit_rate":0.6526315789,"max_drawdown":-0.1598327508,"capm_alpha":0.0104953994,"capm_alpha_t":2.8569318894,"capm_beta":-0.0759667097,"capm_ir_ann":1.2232579264,"capm_te_ann":0.1029584929},"LS_pre_vt":{"mean_monthly":0.0114577098,"tstat_monthly":2.3824494746,"hit_rate":0.6526315789,"max_drawdown":-0.2438511856,"capm_alpha":0.0118927793,"capm_alpha_t":2.6868495347,"capm_beta":-0.1047369283,"capm_ir_ann":1.0666447991,"capm_te_ann":0.1337965105},"D10":{"mean_monthly":0.0099151332,"tstat_monthly":1.6162247196,"mean_monthly_excess":0.0017368029,"tstat_monthly_excess":0.2847852214,"ann_sharpe_excess":0.0948016887,"hit_rate":0.5894736842,"max_drawdown":-0.3465554373},"LS_alpha_vs_BOVA11":{"alpha_bps_per_month":104.9539937243,"alpha_tstat":2.8569318894,"beta":-0.0759667097,"ir_ann":1.2232579264},"LS_vt_alpha_vs_BOVA11":{"alpha_bps_per_month":104.9539937243,"alpha_tstat":2.8569318894,"beta":-0.0759667097,"ir_ann":1.2232579264},"LS_pre_vt_alpha_vs_BOVA11":{"alpha_bps_per_month":118.9277933647,"alpha_tstat":2.6868495347,"beta":-0.1047369283,"ir_ann":1.0666447991}}