bps,D10_sharpe,D10_mean,D10_t,D10_alpha_bps,D10_alpha_t,LS_mean,LS_t,LS_alpha_bps,LS_alpha_t,LS_ir,LS_mean_vt,LS_t_vt,LS_alpha_bps_vt,LS_alpha_t_vt,LS_ir_vt,LS_maxDD_vt,LS_hit_vt,avg_turnover_D10,avg_turnover_LS
20,0.07936212417430556,0.009631932091906862,1.5709358380167282,63.827979720091136,1.5312329289045672,0.00982559426887065,2.4917748186573965,101.41298257260314,2.7529797020779747,1.1811983003585669,0.009680106045651815,2.584097569509908,99.60422045944746,2.8308973731694094,1.2435112585889498,-0.14222559211040664,0.6526315789473685,0.2832011068853174,0.3542449344578965
50,0.056188917642823036,0.009207130431578886,1.5028924594665245,59.60159588360876,1.4283927917244215,0.009294226867183803,2.347980218546501,96.10146584504757,2.5980565208916544,1.1181861772776769,0.009178746151220708,2.441781968085879,94.59194247202701,2.678390705145674,1.179979719485511,-0.14547238670316065,0.631578947368421,0.2832011068853174,0.3542449344578965
100,0.017530695340045043,0.008499127664365592,1.389198634404769,52.557622822804845,1.2573897356296801,0.008408614531039063,2.110649390513147,87.24893796578826,2.342527561425045,1.0133855629811224,0.008343146327168864,2.206616118329552,86.23814582632626,2.4265498988390077,1.0742428731868345,-0.15086052750752943,0.5894736842105263,0.2832011068853174,0.3542449344578965
