{"LS":{"mean_monthly":0.0093524589,"tstat_monthly":4.7787177435,"hit_rate":0.6195652174,"max_drawdown":-0.1402519011,"capm_alpha":0.0096838288,"capm_alpha_t":5.0767517121,"capm_beta":-0.0495658675,"capm_ir_ann":1.1557715151,"capm_te_ann":0.1005440468},"LS_vt":{"mean_monthly":0.0093524589,"tstat_monthly":4.7787177435,"hit_rate":0.6195652174,"max_drawdown":-0.1402519011,"capm_alpha":0.0096838288,"capm_alpha_t":5.0767517121,"capm_beta":-0.0495658675,"capm_ir_ann":1.1557715151,"capm_te_ann":0.1005440468},"LS_pre_vt":{"mean_monthly":0.0079303253,"tstat_monthly":4.8554849118,"hit_rate":0.6195652174,"max_drawdown":-0.103928077,"capm_alpha":0.0081377077,"capm_alpha_t":5.1300308624,"capm_beta":-0.031019981,"capm_ir_ann":1.1606041455,"capm_te_ann":0.0841393625},"LS_net":{"mean_monthly":0.0090407603,"tstat_monthly":4.4266079638,"hit_rate":0.6195652174,"max_drawdown":-0.2176886448,"capm_alpha":0.0093768655,"capm_alpha_t":4.7317730841,"capm_beta":-0.0502741718,"capm_ir_ann":1.1128865466,"capm_te_ann":0.101108587},"D10":{"mean_monthly":0.0108278979,"tstat_monthly":2.2587519612,"mean_monthly_excess":0.0031632089,"tstat_monthly_excess":0.6453237029,"ann_sharpe_excess":0.1473467279,"hit_rate":0.5489130435,"max_drawdown":-0.487709738},"LS_alpha_vs_BOVA11":{"alpha_bps_per_month":96.8382877943,"alpha_tstat":5.0767517121,"beta":-0.0495658675,"ir_ann":1.1557715151},"LS_vt_alpha_vs_BOVA11":{"alpha_bps_per_month":96.8382877943,"alpha_tstat":5.0767517121,"beta":-0.0495658675,"ir_ann":1.1557715151},"LS_pre_vt_alpha_vs_BOVA11":{"alpha_bps_per_month":81.3770774713,"alpha_tstat":5.1300308624,"beta":-0.031019981,"ir_ann":1.1606041455},"LS_net_alpha_vs_BOVA11":{"alpha_bps_per_month":93.7686551936,"alpha_tstat":4.7317730841,"beta":-0.0502741718,"ir_ann":1.1128865466},"LS_financing_assumptions":{"avg_short_gross":0.5,"avg_long_gross":0.5,"avg_carry":0.0045742717,"avg_borrow_cost":0.0048859703,"carry_multiplier":1.0,"borrow_cost_annual":0.1}}