bps,D10_sharpe,D10_mean,D10_t,D10_alpha_bps,D10_alpha_t,LS_mean,LS_t,LS_alpha_bps,LS_alpha_t,LS_ir,LS_mean_vt,LS_t_vt,LS_alpha_bps_vt,LS_alpha_t_vt,LS_ir_vt,LS_maxDD_vt,LS_hit_vt,avg_turnover_D10,avg_turnover_LS
20,0.027412112991677045,0.008710217963716823,1.3805019197126585,55.48986914558668,1.1945683915685883,0.00731671900241109,2.228216369251021,75.36775935505119,2.426304826049575,0.8717553923112572,0.0068633857467119246,2.2651501923160753,70.45827734341437,2.4511375897055583,0.8773771644968453,-0.1205712024937986,0.6,0.25477582846003893,0.35185324422166536
50,0.007716513472803866,0.008328054221026764,1.319876641140746,51.682630002353285,1.1110638004327666,0.006788939136078592,2.060205846316484,70.0829921703644,2.247038039706412,0.8100999092426616,0.006373058309615952,2.0947309691297757,65.5480662096981,2.2697477787696587,0.8157079323590856,-0.12411632669890049,0.6,0.25477582846003893,0.35185324422166536
100,-0.025110677884972878,0.007691114649876665,1.2188127589157314,45.337231430297614,0.9723620523457261,0.005909306025524428,1.7825009447047075,61.275046862553005,1.9510871866737625,0.7074245561104608,0.0055558459144559955,1.813383022766823,57.36438098683769,1.970661999432517,0.7129959348722894,-0.12999827220151672,0.5894736842105263,0.25477582846003893,0.35185324422166536
