{"LS":{"mean_monthly":0.0076685722,"tstat_monthly":2.3407832594,"hit_rate":0.6,"max_drawdown":-0.1319867911,"capm_alpha":0.0078890937,"capm_alpha_t":2.5465015329,"capm_beta":-0.0530874759,"capm_ir_ann":0.9128730895,"capm_te_ann":0.1037045851},"LS_vt":{"mean_monthly":0.0076685722,"tstat_monthly":2.3407832594,"hit_rate":0.6,"max_drawdown":-0.1319867911,"capm_alpha":0.0078890937,"capm_alpha_t":2.5465015329,"capm_beta":-0.0530874759,"capm_ir_ann":0.9128730895,"capm_te_ann":0.1037045851},"LS_pre_vt":{"mean_monthly":0.0101645122,"tstat_monthly":2.1314079188,"hit_rate":0.6,"max_drawdown":-0.218135054,"capm_alpha":0.0105205727,"capm_alpha_t":2.347913102,"capm_beta":-0.0857165999,"capm_ir_ann":0.8548971361,"capm_te_ann":0.147674927},"D10":{"mean_monthly":0.0089649938,"tstat_monthly":1.4209119623,"mean_monthly_excess":0.0007866635,"tstat_monthly_excess":0.1249917347,"ann_sharpe_excess":0.0405420259,"hit_rate":0.5789473684,"max_drawdown":-0.3385442559},"LS_alpha_vs_BOVA11":{"alpha_bps_per_month":78.8909374782,"alpha_tstat":2.5465015329,"beta":-0.0530874759,"ir_ann":0.9128730895},"LS_vt_alpha_vs_BOVA11":{"alpha_bps_per_month":78.8909374782,"alpha_tstat":2.5465015329,"beta":-0.0530874759,"ir_ann":0.9128730895},"LS_pre_vt_alpha_vs_BOVA11":{"alpha_bps_per_month":105.2057268192,"alpha_tstat":2.347913102,"beta":-0.0857165999,"ir_ann":0.8548971361}}