{"LS":{"mean_monthly":0.0120381994,"tstat_monthly":3.3664521573,"hit_rate":0.6631578947,"max_drawdown":-0.1280689124,"capm_alpha":0.0124215369,"capm_alpha_t":3.7364673632,"capm_beta":-0.0922831573,"capm_ir_ann":1.4921402634,"capm_te_ann":0.0998957311},"LS_vt":{"mean_monthly":0.0120381994,"tstat_monthly":3.3664521573,"hit_rate":0.6631578947,"max_drawdown":-0.1280689124,"capm_alpha":0.0124215369,"capm_alpha_t":3.7364673632,"capm_beta":-0.0922831573,"capm_ir_ann":1.4921402634,"capm_te_ann":0.0998957311},"LS_pre_vt":{"mean_monthly":0.0129995112,"tstat_monthly":3.2373815947,"hit_rate":0.6631578947,"max_drawdown":-0.179251257,"capm_alpha":0.0134489942,"capm_alpha_t":3.6195390803,"capm_beta":-0.1082067835,"capm_ir_ann":1.37602743,"capm_te_ann":0.1172854024},"D10":{"mean_monthly":0.0101461126,"tstat_monthly":1.6525771919,"mean_monthly_excess":0.0019677823,"tstat_monthly_excess":0.3245562097,"ann_sharpe_excess":0.1051850757,"hit_rate":0.6,"max_drawdown":-0.3342343334},"LS_alpha_vs_BOVA11":{"alpha_bps_per_month":124.2153688075,"alpha_tstat":3.7364673632,"beta":-0.0922831573,"ir_ann":1.4921402634},"LS_vt_alpha_vs_BOVA11":{"alpha_bps_per_month":124.2153688075,"alpha_tstat":3.7364673632,"beta":-0.0922831573,"ir_ann":1.4921402634},"LS_pre_vt_alpha_vs_BOVA11":{"alpha_bps_per_month":134.4899424072,"alpha_tstat":3.6195390803,"beta":-0.1082067835,"ir_ann":1.37602743}}