bps,D10_sharpe,D10_mean,D10_t,D10_alpha_bps,D10_alpha_t,LS_mean,LS_t,LS_alpha_bps,LS_alpha_t,LS_ir,LS_mean_vt,LS_t_vt,LS_alpha_bps_vt,LS_alpha_t_vt,LS_ir_vt,LS_maxDD_vt,LS_hit_vt,avg_turnover_D10,avg_turnover_LS
20,0.08863853866683792,0.00983618062717449,1.603330533797637,63.23677817417522,1.6098939319875214,0.011657907882823535,3.2523750285720605,120.412917805643,3.6134208091924864,1.4454013430009063,0.011590971186223112,3.3173716172964647,119.38761991905707,3.6514971603319384,1.5070773196943144,-0.11182549131115116,0.6631578947368421,0.3099320012632705,0.3802914959922005
50,0.06380413872512965,0.00937128262527958,1.5292982255643996,58.6094718360103,1.4894933712236378,0.011087470638835233,3.0822006563538897,114.70924130292441,3.4298588043613387,1.3753889790949698,0.011045664053441562,3.1521166020242193,113.93278955755409,3.4738271953603923,1.4368647389287017,-0.11538414691146148,0.6631578947368421,0.3099320012632705,0.3802914959922005
100,0.022375449877794655,0.008596452622121404,1.4054849248567376,50.89729460573546,1.2896610402849409,0.010136741898854733,2.8010929291723894,105.20311379839349,3.126623747323707,1.258971761299051,0.010136818832138982,2.8786658361316744,104.84140562171572,3.1799677557972883,1.3200540515659167,-0.12128823988982917,0.6526315789473685,0.3099320012632705,0.3802914959922005
