bps,D10_sharpe,D10_mean,D10_t,D10_alpha_bps,D10_alpha_t,LS_mean,LS_t,LS_alpha_bps,LS_alpha_t,LS_ir,LS_mean_vt,LS_t_vt,LS_alpha_bps_vt,LS_alpha_t_vt,LS_ir_vt,LS_maxDD_vt,LS_hit_vt,avg_turnover_D10,avg_turnover_LS
20,0.023230531968793454,0.008648293142899678,1.2154412486489756,44.07638074346259,1.0568393837469487,0.008178149333685766,3.448120113241613,78.47935340952169,3.3560642711601347,0.9819644662740378,0.008143659032384365,3.3121969717498834,78.69557400999192,3.19765131958636,0.9691959090194394,-0.09905135156643852,0.6078431372549019,0.2146605482389796,0.3058682184854394
50,0.0063730986146102704,0.00832630232054121,1.1721459654260207,40.85013094038026,0.9831822843114808,0.007719347005957607,3.266342412077418,73.87031469974208,3.1693012712796276,0.9240332973445986,0.007675606931492677,3.133157693560213,73.98876281350412,3.017389629519886,0.9110187053492175,-0.10163155511467847,0.6078431372549019,0.2146605482389796,0.3058682184854394
100,-0.02173316048589052,0.0077896509499437595,1.099649157542063,35.47304793524305,0.8591525639125722,0.006954676459744008,2.9601970091763956,66.18858351677608,2.855022230435026,0.8274811068796804,0.006895520096673196,2.8315653141969115,66.14407748602451,2.7137530832907757,0.8140461965391427,-0.10591766105927636,0.5980392156862745,0.2146605482389796,0.3058682184854394
