{"LS":{"mean_monthly":0.0084840176,"tstat_monthly":3.5685063231,"hit_rate":0.6078431373,"max_drawdown":-0.0885051462,"capm_alpha":0.0081552046,"capm_alpha_t":3.4798151891,"capm_beta":0.0664264811,"capm_ir_ann":1.0205809042,"capm_te_ann":0.0958889733},"LS_vt":{"mean_monthly":0.0084840176,"tstat_monthly":3.5685063231,"hit_rate":0.6078431373,"max_drawdown":-0.0885051462,"capm_alpha":0.0081552046,"capm_alpha_t":3.4798151891,"capm_beta":0.0664264811,"capm_ir_ann":1.0205809042,"capm_te_ann":0.0958889733},"LS_pre_vt":{"mean_monthly":0.0074542886,"tstat_monthly":3.5525035164,"hit_rate":0.6078431373,"max_drawdown":-0.0758134903,"capm_alpha":0.0071207067,"capm_alpha_t":3.4901163065,"capm_beta":0.0673898888,"capm_ir_ann":1.0143049844,"capm_te_ann":0.0842433806},"D10":{"mean_monthly":0.0088629537,"tstat_monthly":1.2442202675,"mean_monthly_excess":0.0006583588,"tstat_monthly_excess":0.0925092031,"ann_sharpe_excess":0.0344660591,"hit_rate":0.568627451,"max_drawdown":-0.4549885407},"LS_alpha_vs_BOVA11":{"alpha_bps_per_month":81.5520458827,"alpha_tstat":3.4798151891,"beta":0.0664264811,"ir_ann":1.0205809042},"LS_vt_alpha_vs_BOVA11":{"alpha_bps_per_month":81.5520458827,"alpha_tstat":3.4798151891,"beta":0.0664264811,"ir_ann":1.0205809042},"LS_pre_vt_alpha_vs_BOVA11":{"alpha_bps_per_month":71.2070673716,"alpha_tstat":3.4901163065,"beta":0.0673898888,"ir_ann":1.0143049844}}