{"LS":{"mean_monthly":0.005041572,"tstat_monthly":2.434915413,"hit_rate":0.5652173913,"max_drawdown":-0.2200887477,"capm_alpha":0.0043988335,"capm_alpha_t":2.1121776924,"capm_beta":0.0961399714,"capm_ir_ann":0.5407278698,"capm_te_ann":0.0976202716},"LS_vt":{"mean_monthly":0.005041572,"tstat_monthly":2.434915413,"hit_rate":0.5652173913,"max_drawdown":-0.2200887477,"capm_alpha":0.0043988335,"capm_alpha_t":2.1121776924,"capm_beta":0.0961399714,"capm_ir_ann":0.5407278698,"capm_te_ann":0.0976202716},"LS_pre_vt":{"mean_monthly":0.0020685559,"tstat_monthly":2.2130621763,"hit_rate":0.5652173913,"max_drawdown":-0.1203839723,"capm_alpha":0.0017746916,"capm_alpha_t":1.8728490969,"capm_beta":0.0439558254,"capm_ir_ann":0.4740859584,"capm_te_ann":0.0449207549},"LS_net":{"mean_monthly":0.0061908081,"tstat_monthly":3.0542484163,"hit_rate":0.5815217391,"max_drawdown":-0.138669162,"capm_alpha":0.0055572925,"capm_alpha_t":2.723942165,"capm_beta":0.0947604108,"capm_ir_ann":0.6842577571,"capm_te_ann":0.0974596325},"D10":{"mean_monthly":0.0089490033,"tstat_monthly":2.1724103062,"mean_monthly_excess":0.0012843142,"tstat_monthly_excess":0.3014206106,"ann_sharpe_excess":0.0657708809,"hit_rate":0.5434782609,"max_drawdown":-0.4399871388},"LS_alpha_vs_BOVA11":{"alpha_bps_per_month":43.9883345701,"alpha_tstat":2.1121776924,"beta":0.0961399714,"ir_ann":0.5407278698},"LS_vt_alpha_vs_BOVA11":{"alpha_bps_per_month":43.9883345701,"alpha_tstat":2.1121776924,"beta":0.0961399714,"ir_ann":0.5407278698},"LS_pre_vt_alpha_vs_BOVA11":{"alpha_bps_per_month":17.7469159346,"alpha_tstat":1.8728490969,"beta":0.0439558254,"ir_ann":0.4740859584},"LS_net_alpha_vs_BOVA11":{"alpha_bps_per_month":55.5729245928,"alpha_tstat":2.723942165,"beta":0.0947604108,"ir_ann":0.6842577571},"LS_financing_assumptions":{"avg_short_gross":0.5,"avg_long_gross":0.5,"avg_carry":0.0082257632,"avg_borrow_cost":0.0070765271,"carry_multiplier":1.0,"borrow_cost_annual":0.08}}