{"LS":{"mean_monthly":0.0081224634,"tstat_monthly":2.3502805021,"hit_rate":0.6956521739,"max_drawdown":-0.1354675413,"capm_alpha":0.008917314,"capm_alpha_t":2.4993181615,"capm_beta":-0.1251185581,"capm_ir_ann":1.1304956184,"capm_te_ann":0.0946556234},"LS_vt":{"mean_monthly":0.0081224634,"tstat_monthly":2.3502805021,"hit_rate":0.6956521739,"max_drawdown":-0.1354675413,"capm_alpha":0.008917314,"capm_alpha_t":2.4993181615,"capm_beta":-0.1251185581,"capm_ir_ann":1.1304956184,"capm_te_ann":0.0946556234},"LS_pre_vt":{"mean_monthly":0.0077100879,"tstat_monthly":2.2954875486,"hit_rate":0.6956521739,"max_drawdown":-0.1479648497,"capm_alpha":0.0084955207,"capm_alpha_t":2.4604496762,"capm_beta":-0.123636102,"capm_ir_ann":1.0760088305,"capm_te_ann":0.0947448067},"D10":{"mean_monthly":0.0042137257,"tstat_monthly":0.4808816717,"mean_monthly_excess":-0.0031952116,"tstat_monthly_excess":-0.3507733218,"ann_sharpe_excess":-0.1265272027,"hit_rate":0.4637681159,"max_drawdown":-0.4064498574},"LS_alpha_vs_BOVA11":{"alpha_bps_per_month":89.1731395794,"alpha_tstat":2.4993181615,"beta":-0.1251185581,"ir_ann":1.1304956184},"LS_vt_alpha_vs_BOVA11":{"alpha_bps_per_month":89.1731395794,"alpha_tstat":2.4993181615,"beta":-0.1251185581,"ir_ann":1.1304956184},"LS_pre_vt_alpha_vs_BOVA11":{"alpha_bps_per_month":84.9552072296,"alpha_tstat":2.4604496762,"beta":-0.123636102,"ir_ann":1.0760088305}}