bps,D10_sharpe,D10_mean,D10_t,D10_alpha_bps,D10_alpha_t,LS_mean,LS_t,LS_alpha_bps,LS_alpha_t,LS_ir,LS_mean_vt,LS_t_vt,LS_alpha_bps_vt,LS_alpha_t_vt,LS_ir_vt,LS_maxDD_vt,LS_hit_vt,avg_turnover_D10,avg_turnover_LS
20,0.08030229161764696,0.00962637138875663,1.5831285315312256,63.49155295604062,1.551468565242557,0.009299995925620875,2.356036293984039,96.18158730621036,2.609291789720492,1.1238123534645876,0.00925071015011798,2.450395042842609,95.38823689958745,2.6913904587890354,1.1899323939923592,-0.14671923159638034,0.6526315789473685,0.26891161470108843,0.3465941287596131
50,0.057946125271711856,0.009223003966704996,1.5176518382978859,59.47588583131089,1.45180381165712,0.008780104732481456,2.2167657836540746,90.98507417963478,2.4591330161218123,1.0620028982442125,0.00875907288601645,2.3134875299355406,90.47182738909578,2.544436650167591,1.1277386678540005,-0.14971887403598017,0.631578947368421,0.26891161470108843,0.3465941287596131
100,0.020663531186385618,0.008550724929952276,1.4083317517199463,52.7831072900946,1.2861164740583133,0.00791361941058242,1.9866512812083947,82.32421896867554,2.211219604368394,0.9592163830439895,0.007939677445847237,2.0869283063546713,82.27781153827638,2.3014556852594827,1.0242309156014107,-0.1546982833328947,0.6,0.26891161470108843,0.3465941287596131
