{"LS":{"mean_monthly":0.0096465901,"tstat_monthly":2.4493841637,"hit_rate":0.6631578947,"max_drawdown":-0.166010989,"capm_alpha":0.0099645929,"capm_alpha_t":2.7099856738,"capm_beta":-0.0765547594,"capm_ir_ann":1.1650732861,"capm_te_ann":0.1026331276},"LS_vt":{"mean_monthly":0.0096465901,"tstat_monthly":2.4493841637,"hit_rate":0.6631578947,"max_drawdown":-0.166010989,"capm_alpha":0.0099645929,"capm_alpha_t":2.7099856738,"capm_beta":-0.0765547594,"capm_ir_ann":1.1650732861,"capm_te_ann":0.1026331276},"LS_pre_vt":{"mean_monthly":0.0104669248,"tstat_monthly":2.234834164,"hit_rate":0.6631578947,"max_drawdown":-0.2461784846,"capm_alpha":0.0108823518,"capm_alpha_t":2.5242085817,"capm_beta":-0.1000082352,"capm_ir_ann":1.0048638189,"capm_te_ann":0.1299561379},"D10":{"mean_monthly":0.009895283,"tstat_monthly":1.6267306512,"mean_monthly_excess":0.0017169527,"tstat_monthly_excess":0.2846579996,"ann_sharpe_excess":0.0952006633,"hit_rate":0.5789473684,"max_drawdown":-0.3321962683},"LS_alpha_vs_BOVA11":{"alpha_bps_per_month":99.6459293906,"alpha_tstat":2.7099856738,"beta":-0.0765547594,"ir_ann":1.1650732861},"LS_vt_alpha_vs_BOVA11":{"alpha_bps_per_month":99.6459293906,"alpha_tstat":2.7099856738,"beta":-0.0765547594,"ir_ann":1.1650732861},"LS_pre_vt_alpha_vs_BOVA11":{"alpha_bps_per_month":108.8235175351,"alpha_tstat":2.5242085817,"beta":-0.1000082352,"ir_ann":1.0048638189}}