bps,D10_sharpe,D10_mean,D10_t,D10_alpha_bps,D10_alpha_t,LS_mean,LS_t,LS_alpha_bps,LS_alpha_t,LS_ir,LS_mean_vt,LS_t_vt,LS_alpha_bps_vt,LS_alpha_t_vt,LS_ir_vt,LS_maxDD_vt,LS_hit_vt,avg_turnover_D10,avg_turnover_LS
20,0.22960122191511245,0.012816944588630363,1.7607355406552487,34.703185670995566,0.8617927445174761,0.00968155535584641,2.9468181316228472,104.45599783109466,3.2791594469732974,1.2499624510545047,0.00917078815483871,2.7730659187294715,100.17816396844022,3.1825718453819496,1.2004345542664163,-0.14438765665534992,0.6329113924050633,0.16449170839583196,0.23832270661418223
50,0.21979025250283601,0.01257020702603661,1.7273663397085868,32.2458629365126,0.8011950456903276,0.009324071295925137,2.841478420253198,100.8927807755006,3.172258804392223,1.207162255103878,0.008805805470843135,2.6604021175270347,96.55206839026783,3.0660373946845185,1.1562935563072825,-0.1515764578362443,0.6329113924050633,0.16449170839583196,0.23832270661418223
100,0.20343149926114856,0.012158977755047033,1.671686262857385,28.150325045707593,0.7000296982343354,0.00872826452938968,2.665226618820658,94.9540856828438,2.9932012161879533,1.1357975290221751,0.008197500997517176,2.4728844612047043,90.50857575998049,2.871825583837295,1.0827794944312945,-0.16343199285951848,0.6329113924050633,0.16449170839583196,0.23832270661418223
