{"LS":{"mean_monthly":0.0099198781,"tstat_monthly":3.0168703435,"hit_rate":0.6329113924,"max_drawdown":-0.1154963321,"capm_alpha":0.0106831476,"capm_alpha_t":3.3502011709,"capm_beta":-0.0988798627,"capm_ir_ann":1.2784863631,"capm_te_ann":0.1002730844},"LS_vt":{"mean_monthly":0.0099198781,"tstat_monthly":3.0168703435,"hit_rate":0.6329113924,"max_drawdown":-0.1154963321,"capm_alpha":0.0106831476,"capm_alpha_t":3.3502011709,"capm_beta":-0.0988798627,"capm_ir_ann":1.2784863631,"capm_te_ann":0.1002730844},"LS_pre_vt":{"mean_monthly":0.008637943,"tstat_monthly":3.0754892581,"hit_rate":0.6329113924,"max_drawdown":-0.0916048748,"capm_alpha":0.0092577955,"capm_alpha_t":3.3740749445,"capm_beta":-0.080300511,"capm_ir_ann":1.2545202373,"capm_te_ann":0.0885546064},"D10":{"mean_monthly":0.0129814363,"tstat_monthly":1.7829651867,"mean_monthly_excess":0.0059195988,"tstat_monthly_excess":0.7780149779,"ann_sharpe_excess":0.2361400586,"hit_rate":0.5443037975,"max_drawdown":-0.4856361644},"LS_alpha_vs_BOVA11":{"alpha_bps_per_month":106.8314758682,"alpha_tstat":3.3502011709,"beta":-0.0988798627,"ir_ann":1.2784863631},"LS_vt_alpha_vs_BOVA11":{"alpha_bps_per_month":106.8314758682,"alpha_tstat":3.3502011709,"beta":-0.0988798627,"ir_ann":1.2784863631},"LS_pre_vt_alpha_vs_BOVA11":{"alpha_bps_per_month":92.5779548181,"alpha_tstat":3.3740749445,"beta":-0.080300511,"ir_ann":1.2545202373}}