{"LS":{"mean_monthly":0.0098696391,"tstat_monthly":2.5715934516,"hit_rate":0.6421052632,"max_drawdown":-0.1588052278,"capm_alpha":0.0101657068,"capm_alpha_t":2.8133147541,"capm_beta":-0.0712741691,"capm_ir_ann":1.205545921,"capm_te_ann":0.1011894113},"LS_vt":{"mean_monthly":0.0098696391,"tstat_monthly":2.5715934516,"hit_rate":0.6421052632,"max_drawdown":-0.1588052278,"capm_alpha":0.0101657068,"capm_alpha_t":2.8133147541,"capm_beta":-0.0712741691,"capm_ir_ann":1.205545921,"capm_te_ann":0.1011894113},"LS_pre_vt":{"mean_monthly":0.0106453642,"tstat_monthly":2.4057577387,"hit_rate":0.6421052632,"max_drawdown":-0.2258981314,"capm_alpha":0.011012954,"capm_alpha_t":2.675893214,"capm_beta":-0.0884921275,"capm_ir_ann":1.0710435426,"capm_te_ann":0.1233894261},"D10":{"mean_monthly":0.0095600435,"tstat_monthly":1.5796109083,"mean_monthly_excess":0.0013817131,"tstat_monthly_excess":0.2298803958,"ann_sharpe_excess":0.0762203167,"hit_rate":0.5894736842,"max_drawdown":-0.3365790911},"LS_alpha_vs_BOVA11":{"alpha_bps_per_month":101.6570683256,"alpha_tstat":2.8133147541,"beta":-0.0712741691,"ir_ann":1.205545921},"LS_vt_alpha_vs_BOVA11":{"alpha_bps_per_month":101.6570683256,"alpha_tstat":2.8133147541,"beta":-0.0712741691,"ir_ann":1.205545921},"LS_pre_vt_alpha_vs_BOVA11":{"alpha_bps_per_month":110.1295400833,"alpha_tstat":2.675893214,"beta":-0.0884921275,"ir_ann":1.0710435426}}