{
  "max_drawdown_full": -0.14272770445188354,
  "max_drawdown_12m": -0.07177556603058677,
  "max_drawdown_24m": -0.07177556603058688,
  "worst_month": -0.0717755660305868,
  "avg_ls_multiplier": 0.9985323320914744,
  "avg_ls_score": 0.0058706716341024225,
  "last_ls_multiplier": 1.0,
  "last_ls_flagged": 0.0,
  "last_ls_high": 0.0
}