{
  "max_drawdown_full": -0.23118828883412068,
  "max_drawdown_12m": -0.030781224546487018,
  "max_drawdown_24m": -0.030781224546487018,
  "worst_month": -0.08003392977461808,
  "avg_ls_multiplier": 0.9976496405362377,
  "avg_ls_score": 0.00940143785504893,
  "last_ls_multiplier": 1.0,
  "last_ls_flagged": 0.0,
  "last_ls_high": 0.0
}