{"LS":{"mean_monthly":0.0092767551,"tstat_monthly":4.0853361916,"hit_rate":0.6553672316,"max_drawdown":-0.2311882888,"capm_alpha":0.0101222915,"capm_alpha_t":4.8808226873,"capm_beta":-0.1336437883,"capm_ir_ann":1.3024315167,"capm_te_ann":0.0932621001},"LS_vt":{"mean_monthly":0.0092767551,"tstat_monthly":4.0853361916,"hit_rate":0.6553672316,"max_drawdown":-0.2311882888,"capm_alpha":0.0101222915,"capm_alpha_t":4.8808226873,"capm_beta":-0.1336437883,"capm_ir_ann":1.3024315167,"capm_te_ann":0.0932621001},"LS_pre_vt":{"mean_monthly":0.0070201627,"tstat_monthly":3.7693290564,"hit_rate":0.6553672316,"max_drawdown":-0.215332163,"capm_alpha":0.0076543499,"capm_alpha_t":4.5413871176,"capm_beta":-0.1002383554,"capm_ir_ann":1.22248527,"capm_te_ann":0.0751356283},"LS_net":{"mean_monthly":0.0100436491,"tstat_monthly":4.3116941327,"hit_rate":0.6497175141,"max_drawdown":-0.2044230352,"capm_alpha":0.0108921879,"capm_alpha_t":5.0807120766,"capm_beta":-0.134118322,"capm_ir_ann":1.3944816285,"capm_te_ann":0.0937310697},"D10":{"mean_monthly":0.0098395094,"tstat_monthly":2.3514437002,"mean_monthly_excess":0.0022102694,"tstat_monthly_excess":0.5067180555,"ann_sharpe_excess":0.1145670848,"hit_rate":0.5762711864,"max_drawdown":-0.4481130971},"dispersion_gate":{"mode":"quantile80","blocked_months":122,"total_months":177},"delisting_risk":{"avg_ls_weighted_multiplier":0.9976496405,"avg_ls_weighted_score":0.0094014379,"avg_ls_flagged":0.6779661017,"avg_ls_high":0.0,"avg_universe_flagged":1.1355932203,"avg_universe_high":0.0,"avg_universe_multiplier":0.9978720306},"LS_alpha_vs_BOVA11":{"alpha_bps_per_month":101.222915408,"alpha_tstat":4.8808226873,"beta":-0.1336437883,"ir_ann":1.3024315167},"LS_vt_alpha_vs_BOVA11":{"alpha_bps_per_month":101.222915408,"alpha_tstat":4.8808226873,"beta":-0.1336437883,"ir_ann":1.3024315167},"LS_pre_vt_alpha_vs_BOVA11":{"alpha_bps_per_month":76.5434990331,"alpha_tstat":4.5413871176,"beta":-0.1002383554,"ir_ann":1.22248527},"LS_net_alpha_vs_BOVA11":{"alpha_bps_per_month":108.921878985,"alpha_tstat":5.0807120766,"beta":-0.134118322,"ir_ann":1.3944816285},"LS_financing_assumptions":{"avg_short_gross":0.5,"avg_long_gross":0.4979664111,"avg_carry":0.0048879146,"avg_borrow_cost":0.0041210205,"carry_multiplier":1.0,"borrow_cost_annual":0.08}}