bps,D10_sharpe,D10_mean,D10_t,D10_alpha_bps,D10_alpha_t,LS_mean,LS_t,LS_alpha_bps,LS_alpha_t,LS_ir,LS_mean_vt,LS_t_vt,LS_alpha_bps_vt,LS_alpha_t_vt,LS_ir_vt,LS_maxDD_vt,LS_hit_vt,avg_turnover_D10,avg_turnover_LS
20,0.055682846552432136,0.009255483695053461,1.3424798012072394,50.044248273199464,1.2633610123904497,0.007171140803556479,2.943555665681559,70.30402086245594,2.936724677074836,0.8588087026833208,0.0072447161060806495,2.811483615409432,71.57689169548112,2.808751111317769,0.851413970026409,-0.1348852957239003,0.6078431372549019,0.22151880596228923,0.3155843914426774
50,0.038081484036014815,0.008923205486110027,1.2963615100894155,46.713280136403164,1.183932029772824,0.006697764216392463,2.7590876428687445,65.55184170838554,2.747236714224385,0.800667266036139,0.006757108897059888,2.632426023796226,66.67795612046949,2.626607360583869,0.7931410299753481,-0.136673135010835,0.5980392156862745,0.22151880596228923,0.3155843914426774
100,0.008735784919640112,0.008369408471204303,1.2191518705516982,41.16166657507596,1.0501217848469315,0.005908803237785769,2.4484420239877136,57.63154311826819,2.4283742835692537,0.7037385031914561,0.00594443021535862,2.330629151041099,58.5130634954501,2.319642036329059,0.6959652678309106,-0.1396460465414039,0.5784313725490197,0.22151880596228923,0.3155843914426774
