{"LS":{"mean_monthly":0.0074867252,"tstat_monthly":3.0657296296,"hit_rate":0.6176470588,"max_drawdown":-0.1269422903,"capm_alpha":0.007347214,"capm_alpha_t":3.0622801229,"capm_beta":0.0281839124,"capm_ir_ann":0.8975592307,"capm_te_ann":0.0982292481},"LS_vt":{"mean_monthly":0.0074867252,"tstat_monthly":3.0657296296,"hit_rate":0.6176470588,"max_drawdown":-0.1269422903,"capm_alpha":0.007347214,"capm_alpha_t":3.0622801229,"capm_beta":0.0281839124,"capm_ir_ann":0.8975592307,"capm_te_ann":0.0982292481},"LS_pre_vt":{"mean_monthly":0.0060096245,"tstat_monthly":3.0751113741,"hit_rate":0.6176470588,"max_drawdown":-0.103005544,"capm_alpha":0.0058629807,"capm_alpha_t":3.0619782295,"capm_beta":0.0296248386,"capm_ir_ann":0.8793282695,"capm_te_ann":0.080010811},"D10":{"mean_monthly":0.0094770025,"tstat_monthly":1.3731388588,"mean_monthly_excess":0.0012724076,"tstat_monthly_excess":0.1838268879,"ann_sharpe_excess":0.067414434,"hit_rate":0.5882352941,"max_drawdown":-0.449476268},"LS_alpha_vs_BOVA11":{"alpha_bps_per_month":73.4721402985,"alpha_tstat":3.0622801229,"beta":0.0281839124,"ir_ann":0.8975592307},"LS_vt_alpha_vs_BOVA11":{"alpha_bps_per_month":73.4721402985,"alpha_tstat":3.0622801229,"beta":0.0281839124,"ir_ann":0.8975592307},"LS_pre_vt_alpha_vs_BOVA11":{"alpha_bps_per_month":58.6298066668,"alpha_tstat":3.0619782295,"beta":0.0296248386,"ir_ann":0.8793282695}}