{"LS":{"mean_monthly":0.0066233843,"tstat_monthly":2.6873990812,"hit_rate":0.6176470588,"max_drawdown":-0.1194715504,"capm_alpha":0.0066062576,"capm_alpha_t":2.7251581038,"capm_beta":0.0034599185,"capm_ir_ann":0.8129537065,"capm_te_ann":0.0975148904},"LS_vt":{"mean_monthly":0.0066233843,"tstat_monthly":2.6873990812,"hit_rate":0.6176470588,"max_drawdown":-0.1194715504,"capm_alpha":0.0066062576,"capm_alpha_t":2.7251581038,"capm_beta":0.0034599185,"capm_ir_ann":0.8129537065,"capm_te_ann":0.0975148904},"LS_pre_vt":{"mean_monthly":0.0059023152,"tstat_monthly":2.6660645134,"hit_rate":0.6176470588,"max_drawdown":-0.1106397619,"capm_alpha":0.0058597988,"capm_alpha_t":2.7070179731,"capm_beta":0.0085891294,"capm_ir_ann":0.8004126032,"capm_te_ann":0.0878516714},"D10":{"mean_monthly":0.0088576024,"tstat_monthly":1.2489828676,"mean_monthly_excess":0.0006530075,"tstat_monthly_excess":0.0920725443,"ann_sharpe_excess":0.0344590565,"hit_rate":0.568627451,"max_drawdown":-0.4534963826},"LS_alpha_vs_BOVA11":{"alpha_bps_per_month":66.0625763041,"alpha_tstat":2.7251581038,"beta":0.0034599185,"ir_ann":0.8129537065},"LS_vt_alpha_vs_BOVA11":{"alpha_bps_per_month":66.0625763041,"alpha_tstat":2.7251581038,"beta":0.0034599185,"ir_ann":0.8129537065},"LS_pre_vt_alpha_vs_BOVA11":{"alpha_bps_per_month":58.5979875064,"alpha_tstat":2.7070179731,"beta":0.0085891294,"ir_ann":0.8004126032}}