bps,D10_sharpe,D10_mean,D10_t,D10_alpha_bps,D10_alpha_t,LS_mean,LS_t,LS_alpha_bps,LS_alpha_t,LS_ir,LS_mean_vt,LS_t_vt,LS_alpha_bps_vt,LS_alpha_t_vt,LS_ir_vt,LS_maxDD_vt,LS_hit_vt,avg_turnover_D10,avg_turnover_LS
20,0.024142445640881843,0.008662060592137831,1.2226927911935137,44.463098525612715,1.0721534291187536,0.0063394221006691925,2.577980058296281,63.210104755848946,2.612950972462214,0.7778052655614771,0.006361454436737261,2.5046625884036127,63.83731848112814,2.5407214272933336,0.7772046866533546,-0.12439896497840541,0.6176470588235294,0.19554180387513714,0.28396222454726294
50,0.008664156879067651,0.008368747886325125,1.1831482280620687,41.518356727120825,1.0048551262366794,0.005913478763848299,2.412854136113848,58.93139743349614,2.443677277860464,0.7250683044378173,0.00592850626533847,2.3423903026943207,59.484388390870365,2.3753990218369747,0.7241353129334668,-0.1258657513550182,0.5980392156862745,0.19554180387513714,0.28396222454726294
100,-0.017141526565479046,0.007879893376637283,1.1169488663392246,36.61045372963437,0.8915530116313871,0.0052035732024801416,2.134995396299313,51.80021856290809,2.1590067505961588,0.6371496064752127,0.005206925979673817,2.0692292431379258,52.22950490710736,2.097222415855931,0.6356603862999309,-0.12830585803850925,0.5686274509803921,0.19554180387513714,0.28396222454726294
