bps,D10_sharpe,D10_mean,D10_t,D10_alpha_bps,D10_alpha_t,LS_mean,LS_t,LS_alpha_bps,LS_alpha_t,LS_ir,LS_mean_vt,LS_t_vt,LS_alpha_bps_vt,LS_alpha_t_vt,LS_ir_vt,LS_maxDD_vt,LS_hit_vt,avg_turnover_D10,avg_turnover_LS
20,0.05164723885004011,0.009155687244815611,1.3920269939192849,50.04080227317686,1.3491412315578342,0.008596138194638447,3.460947558562637,86.87691897297199,3.5426961207655525,1.0655530765559367,0.008388469755545426,3.2528554958815565,85.65067869056607,3.329587355833427,1.0392457488469768,-0.11900856788928771,0.5980392156862745,0.21336545785796074,0.30271542769740883
50,0.03427670315471266,0.008835639058028668,1.345771723179343,46.83884111562487,1.2682163389908208,0.008142065053092333,3.286185669946103,82.31839449278532,3.3640557097470163,1.009474128419478,0.007927445060626077,3.0804518669292085,81.01622754825533,3.1557011523011,0.9828788890282695,-0.12092349544854863,0.5980392156862745,0.21336545785796074,0.30271542769740883
100,0.00530532849516007,0.008302225413383766,1.2682930777008319,41.50223918637161,1.1317628513138493,0.007385276483848811,2.992754253679319,74.72085369247422,3.064333824892647,0.915979551411223,0.007159070569093828,2.7912387413578363,73.2921423110708,2.8640712936850465,0.8889027579859735,-0.1241076675612286,0.5882352941176471,0.21336545785796074,0.30271542769740883
