{"LS":{"mean_monthly":0.0088988536,"tstat_monthly":3.5769082204,"hit_rate":0.5980392157,"max_drawdown":-0.0994332081,"capm_alpha":0.0089915935,"capm_alpha_t":3.6612839711,"capm_beta":-0.0187352275,"capm_ir_ann":1.1029279753,"capm_te_ann":0.0978297085},"LS_vt":{"mean_monthly":0.0088988536,"tstat_monthly":3.5769082204,"hit_rate":0.5980392157,"max_drawdown":-0.0994332081,"capm_alpha":0.0089915935,"capm_alpha_t":3.6612839711,"capm_beta":-0.0187352275,"capm_ir_ann":1.1029279753,"capm_te_ann":0.0978297085},"LS_pre_vt":{"mean_monthly":0.0073335275,"tstat_monthly":3.5642162923,"hit_rate":0.5980392157,"max_drawdown":-0.0768426783,"capm_alpha":0.0073141205,"capm_alpha_t":3.6527743963,"capm_beta":0.0039205641,"capm_ir_ann":1.0974790633,"capm_te_ann":0.0799736865},"D10":{"mean_monthly":0.0093690527,"tstat_monthly":1.4227672855,"mean_monthly_excess":0.0011644578,"tstat_monthly_excess":0.176379202,"ann_sharpe_excess":0.0632223469,"hit_rate":0.568627451,"max_drawdown":-0.4212915731},"LS_alpha_vs_BOVA11":{"alpha_bps_per_month":89.9159352931,"alpha_tstat":3.6612839711,"beta":-0.0187352275,"ir_ann":1.1029279753},"LS_vt_alpha_vs_BOVA11":{"alpha_bps_per_month":89.9159352931,"alpha_tstat":3.6612839711,"beta":-0.0187352275,"ir_ann":1.1029279753},"LS_pre_vt_alpha_vs_BOVA11":{"alpha_bps_per_month":73.1412054736,"alpha_tstat":3.6527743963,"beta":0.0039205641,"ir_ann":1.0974790633}}