bps,D10_sharpe,D10_mean,D10_t,D10_alpha_bps,D10_alpha_t,LS_mean,LS_t,LS_alpha_bps,LS_alpha_t,LS_ir,LS_mean_vt,LS_t_vt,LS_alpha_bps_vt,LS_alpha_t_vt,LS_ir_vt,LS_maxDD_vt,LS_hit_vt,avg_turnover_D10,avg_turnover_LS
20,0.0332403902992824,0.008795653029592038,1.470195194620734,56.30945357583717,1.3235877682900203,0.008820139405859195,2.3925687330868093,92.32069412277919,2.723409582415622,1.09447701514458,0.00852252942532881,2.439657889176426,88.91435234874739,2.754232649614526,1.126606466221538,-0.13415846397983955,0.6105263157894737,0.28561276929697976,0.36509743043205845
50,0.010175540680960412,0.008367233875646567,1.3995449315910617,52.046849185317555,1.2219563878116682,0.008272493260211108,2.2337283132868304,86.84328051480325,2.5486347383058727,1.0278938974657257,0.008003616468961342,2.2800596918189773,83.7255219334064,2.579688628644348,1.0592792671561817,-0.1375718022218393,0.6105263157894737,0.28561276929697976,0.36509743043205845
100,-0.028304232312297464,0.007653201952404117,1.2815464339153213,44.942508534451534,1.0530571311154913,0.007359749684130962,1.9720041600289857,77.71425783484331,2.2610353022024703,0.9173024106994953,0.007138761541682231,2.017148913372387,75.07747124117145,2.2924699118284737,0.9473988922662643,-0.14323538305125993,0.6105263157894737,0.28561276929697976,0.36509743043205845
