{"LS":{"mean_monthly":0.0091852368,"tstat_monthly":2.4992117502,"hit_rate":0.6105263158,"max_drawdown":-0.1463278121,"capm_alpha":0.0095972303,"capm_alpha_t":2.8408456874,"capm_beta":-0.0991816851,"capm_ir_ann":1.1389556268,"capm_te_ann":0.1011161112},"LS_vt":{"mean_monthly":0.0091852368,"tstat_monthly":2.4992117502,"hit_rate":0.6105263158,"max_drawdown":-0.1463278121,"capm_alpha":0.0095972303,"capm_alpha_t":2.8408456874,"capm_beta":-0.0991816851,"capm_ir_ann":1.1389556268,"capm_te_ann":0.1011161112},"LS_pre_vt":{"mean_monthly":0.0111381405,"tstat_monthly":2.2986891128,"hit_rate":0.6105263158,"max_drawdown":-0.2315962091,"capm_alpha":0.0117268603,"capm_alpha_t":2.6667711602,"capm_beta":-0.1417260785,"capm_ir_ann":1.0187407209,"capm_te_ann":0.1381335998},"D10":{"mean_monthly":0.0090812658,"tstat_monthly":1.5172320387,"mean_monthly_excess":0.0009029355,"tstat_monthly_excess":0.1519896131,"ann_sharpe_excess":0.0486072014,"hit_rate":0.5789473684,"max_drawdown":-0.3487018847},"LS_alpha_vs_BOVA11":{"alpha_bps_per_month":95.9723031948,"alpha_tstat":2.8408456874,"beta":-0.0991816851,"ir_ann":1.1389556268},"LS_vt_alpha_vs_BOVA11":{"alpha_bps_per_month":95.9723031948,"alpha_tstat":2.8408456874,"beta":-0.0991816851,"ir_ann":1.1389556268},"LS_pre_vt_alpha_vs_BOVA11":{"alpha_bps_per_month":117.2686025185,"alpha_tstat":2.6667711602,"beta":-0.1417260785,"ir_ann":1.0187407209}}