{"LS":{"mean_monthly":0.0091100199,"tstat_monthly":4.7237993455,"hit_rate":0.5885714286,"max_drawdown":-0.1341831584,"capm_alpha":0.0092019475,"capm_alpha_t":4.9783986675,"capm_beta":-0.0143629854,"capm_ir_ann":1.0875745866,"capm_te_ann":0.1015317674},"LS_vt":{"mean_monthly":0.0091100199,"tstat_monthly":4.7237993455,"hit_rate":0.5885714286,"max_drawdown":-0.1341831584,"capm_alpha":0.0092019475,"capm_alpha_t":4.9783986675,"capm_beta":-0.0143629854,"capm_ir_ann":1.0875745866,"capm_te_ann":0.1015317674},"LS_pre_vt":{"mean_monthly":0.0071218409,"tstat_monthly":4.501302651,"hit_rate":0.5885714286,"max_drawdown":-0.1013815613,"capm_alpha":0.0071847335,"capm_alpha_t":4.7139657304,"capm_beta":-0.0098264949,"capm_ir_ann":1.0754339448,"capm_te_ann":0.0801693143},"D10":{"mean_monthly":0.0122701755,"tstat_monthly":2.375569194,"mean_monthly_excess":0.0046171031,"tstat_monthly_excess":0.8746568359,"ann_sharpe_excess":0.2146264663,"hit_rate":0.5371428571,"max_drawdown":-0.4886859723},"LS_alpha_vs_BOVA11":{"alpha_bps_per_month":92.0194749669,"alpha_tstat":4.9783986675,"beta":-0.0143629854,"ir_ann":1.0875745866},"LS_vt_alpha_vs_BOVA11":{"alpha_bps_per_month":92.0194749669,"alpha_tstat":4.9783986675,"beta":-0.0143629854,"ir_ann":1.0875745866},"LS_pre_vt_alpha_vs_BOVA11":{"alpha_bps_per_month":71.8473349069,"alpha_tstat":4.7139657304,"beta":-0.0098264949,"ir_ann":1.0754339448}}