bps,D10_sharpe,D10_mean,D10_t,D10_alpha_bps,D10_alpha_t,LS_mean,LS_t,LS_alpha_bps,LS_alpha_t,LS_ir,LS_mean_vt,LS_t_vt,LS_alpha_bps_vt,LS_alpha_t_vt,LS_ir_vt,LS_maxDD_vt,LS_hit_vt,avg_turnover_D10,avg_turnover_LS
20,0.0037588677096472016,0.008277089719940126,1.168773582184373,40.20576119877705,0.9409009448153388,0.0075017384179290325,3.1554307476674692,72.70916840389106,3.14302993031372,0.8921212071845254,0.007568651009223963,3.1466632882153376,73.7257482926704,3.1085510021706515,0.8944364666111371,-0.10948205045264237,0.6176470588235294,0.1959230312171488,0.2785386831057622
50,-0.011480142426520417,0.007983205173114401,1.1291506788927377,37.25621580521004,0.8749742132336454,0.00708393039327039,2.9863956471657778,68.5097350395796,2.966949841224287,0.840432035623829,0.007142258145216361,2.976512842014284,69.43583029361035,2.934059955375338,0.842239403759043,-0.11091208966169352,0.6176470588235294,0.1959230312171488,0.2785386831057622
100,-0.03688432616004427,0.007493397595071529,1.0628045394198762,32.340306815931676,0.7640266969479247,0.006387583685505984,2.7026325057406897,61.51067943239383,2.6716611957117427,0.7542653305340873,0.0064316033718703584,2.6907152168432336,62.28596696184358,2.641145578097052,0.7552225361462686,-0.11329127141907835,0.5784313725490197,0.1959230312171488,0.2785386831057622
