{"LS":{"mean_monthly":0.0077802771,"tstat_monthly":3.2675982106,"hit_rate":0.6274509804,"max_drawdown":-0.1045180623,"capm_alpha":0.0075508791,"capm_alpha_t":3.2599440471,"capm_beta":0.0463427724,"capm_ir_ann":0.9265725343,"capm_te_ann":0.0977911015},"LS_vt":{"mean_monthly":0.0077802771,"tstat_monthly":3.2675982106,"hit_rate":0.6274509804,"max_drawdown":-0.1045180623,"capm_alpha":0.0075508791,"capm_alpha_t":3.2599440471,"capm_beta":0.0463427724,"capm_ir_ann":0.9265725343,"capm_te_ann":0.0977911015},"LS_pre_vt":{"mean_monthly":0.0071993217,"tstat_monthly":3.1503512481,"hit_rate":0.6274509804,"max_drawdown":-0.0989651679,"capm_alpha":0.0069740911,"capm_alpha_t":3.1588422286,"capm_beta":0.0455008618,"capm_ir_ann":0.9140677947,"capm_te_ann":0.0915567686},"D10":{"mean_monthly":0.0084730128,"tstat_monthly":1.1951118676,"mean_monthly_excess":0.0002684178,"tstat_monthly_excess":0.0377999358,"ann_sharpe_excess":0.0139166371,"hit_rate":0.5784313725,"max_drawdown":-0.470052655},"LS_alpha_vs_BOVA11":{"alpha_bps_per_month":75.5087906468,"alpha_tstat":3.2599440471,"beta":0.0463427724,"ir_ann":0.9265725343},"LS_vt_alpha_vs_BOVA11":{"alpha_bps_per_month":75.5087906468,"alpha_tstat":3.2599440471,"beta":0.0463427724,"ir_ann":0.9265725343},"LS_pre_vt_alpha_vs_BOVA11":{"alpha_bps_per_month":69.7409113416,"alpha_tstat":3.1588422286,"beta":0.0455008618,"ir_ann":0.9140677947}}