{"LS":{"mean_monthly":0.0085268763,"tstat_monthly":3.3213276442,"hit_rate":0.6274509804,"max_drawdown":-0.0849548967,"capm_alpha":0.0086602165,"capm_alpha_t":3.4185592994,"capm_beta":-0.026937266,"capm_ir_ann":1.0686880729,"capm_te_ann":0.0972431532},"LS_vt":{"mean_monthly":0.0085268763,"tstat_monthly":3.3213276442,"hit_rate":0.6274509804,"max_drawdown":-0.0849548967,"capm_alpha":0.0086602165,"capm_alpha_t":3.4185592994,"capm_beta":-0.026937266,"capm_ir_ann":1.0686880729,"capm_te_ann":0.0972431532},"LS_pre_vt":{"mean_monthly":0.0073218395,"tstat_monthly":3.3482846026,"hit_rate":0.6274509804,"max_drawdown":-0.0709173976,"capm_alpha":0.0073468832,"capm_alpha_t":3.440297009,"capm_beta":-0.0050593044,"capm_ir_ann":1.0660075087,"capm_te_ann":0.0827035435},"D10":{"mean_monthly":0.0088808244,"tstat_monthly":1.2496982047,"mean_monthly_excess":0.0006762295,"tstat_monthly_excess":0.09518521,"ann_sharpe_excess":0.0356189418,"hit_rate":0.5588235294,"max_drawdown":-0.463089557},"LS_alpha_vs_BOVA11":{"alpha_bps_per_month":86.6021650165,"alpha_tstat":3.4185592994,"beta":-0.026937266,"ir_ann":1.0686880729},"LS_vt_alpha_vs_BOVA11":{"alpha_bps_per_month":86.6021650165,"alpha_tstat":3.4185592994,"beta":-0.026937266,"ir_ann":1.0686880729},"LS_pre_vt_alpha_vs_BOVA11":{"alpha_bps_per_month":73.4688319534,"alpha_tstat":3.440297009,"beta":-0.0050593044,"ir_ann":1.0660075087}}