bps,D10_sharpe,D10_mean,D10_t,D10_alpha_bps,D10_alpha_t,LS_mean,LS_t,LS_alpha_bps,LS_alpha_t,LS_ir,LS_mean_vt,LS_t_vt,LS_alpha_bps_vt,LS_alpha_t_vt,LS_ir_vt,LS_maxDD_vt,LS_hit_vt,avg_turnover_D10,avg_turnover_LS
20,0.024774478571626537,0.008674897421009298,1.2218921977514265,43.93951949338979,1.049441366179772,0.008236951202873849,3.214763067453869,83.68992466978831,3.3095489791071815,1.0327518010613164,0.008052122818722364,3.0269811156254307,82.59028444293254,3.125641384189618,1.0104329920797441,-0.09690781879944077,0.6078431372549019,0.20592699197082123,0.2899250685826015
50,0.008503981174733522,0.008366006933053068,1.180077807782632,40.8382616316404,0.9789719231937245,0.007802063599999947,3.0540320835001147,79.32156414973225,3.145198595115385,0.978819467346612,0.0076107468713519175,2.868948445122399,78.15080925651421,2.9653468997105557,0.9561471473390019,-0.09870107369331549,0.6078431372549019,0.20592699197082123,0.2899250685826015
100,-0.018623231140751696,0.007851189453126014,1.1101063600945813,35.66949852872478,0.8603437489105261,0.007077250928543442,2.783805939362631,72.04096328297214,2.869078134738174,0.8888713823525048,0.006875120292401169,2.6033817215626396,70.75168394581696,2.6960883564747564,0.86560103342229,-0.10248135544528758,0.5882352941176471,0.20592699197082123,0.2899250685826015
