{"LS":{"mean_monthly":0.0093466421,"tstat_monthly":4.830327964,"hit_rate":0.625,"max_drawdown":-0.1287665255,"capm_alpha":0.009686551,"capm_alpha_t":5.1416872294,"capm_beta":-0.0508431035,"capm_ir_ann":1.1569251471,"capm_te_ann":0.1004720243},"LS_vt":{"mean_monthly":0.0093466421,"tstat_monthly":4.830327964,"hit_rate":0.625,"max_drawdown":-0.1287665255,"capm_alpha":0.009686551,"capm_alpha_t":5.1416872294,"capm_beta":-0.0508431035,"capm_ir_ann":1.1569251471,"capm_te_ann":0.1004720243},"LS_pre_vt":{"mean_monthly":0.0078933233,"tstat_monthly":4.8910481336,"hit_rate":0.625,"max_drawdown":-0.095444958,"capm_alpha":0.0081021307,"capm_alpha_t":5.1787393152,"capm_beta":-0.0312331263,"capm_ir_ann":1.1578941066,"capm_te_ann":0.0839675821},"LS_net":{"mean_monthly":0.0099776835,"tstat_monthly":4.961484525,"hit_rate":0.6467391304,"max_drawdown":-0.1793401894,"capm_alpha":0.0103229909,"capm_alpha_t":5.2937115427,"capm_beta":-0.0516506109,"capm_ir_ann":1.226929531,"capm_te_ann":0.1009641446},"D10":{"mean_monthly":0.0108278979,"tstat_monthly":2.2587519612,"mean_monthly_excess":0.0031632089,"tstat_monthly_excess":0.6453237029,"ann_sharpe_excess":0.1473467279,"hit_rate":0.5489130435,"max_drawdown":-0.487709738},"LS_alpha_vs_BOVA11":{"alpha_bps_per_month":96.8655095518,"alpha_tstat":5.1416872294,"beta":-0.0508431035,"ir_ann":1.1569251471},"LS_vt_alpha_vs_BOVA11":{"alpha_bps_per_month":96.8655095518,"alpha_tstat":5.1416872294,"beta":-0.0508431035,"ir_ann":1.1569251471},"LS_pre_vt_alpha_vs_BOVA11":{"alpha_bps_per_month":81.0213070016,"alpha_tstat":5.1787393152,"beta":-0.0312331263,"ir_ann":1.1578941066},"LS_net_alpha_vs_BOVA11":{"alpha_bps_per_month":103.2299088251,"alpha_tstat":5.2937115427,"beta":-0.0516506109,"ir_ann":1.226929531},"LS_financing_assumptions":{"avg_short_gross":0.5,"avg_long_gross":0.5,"avg_carry":0.004584838,"avg_borrow_cost":0.0039537966,"carry_multiplier":1.0,"borrow_cost_annual":0.08}}