{"LS":{"mean_monthly":0.0078217557,"tstat_monthly":2.1904064617,"hit_rate":0.6811594203,"max_drawdown":-0.1376290045,"capm_alpha":0.0085260686,"capm_alpha_t":2.3476933014,"capm_beta":-0.1108669059,"capm_ir_ann":1.0852482639,"capm_te_ann":0.094275961},"LS_vt":{"mean_monthly":0.0078217557,"tstat_monthly":2.1904064617,"hit_rate":0.6811594203,"max_drawdown":-0.1376290045,"capm_alpha":0.0085260686,"capm_alpha_t":2.3476933014,"capm_beta":-0.1108669059,"capm_ir_ann":1.0852482639,"capm_te_ann":0.094275961},"LS_pre_vt":{"mean_monthly":0.0066555722,"tstat_monthly":2.0988512865,"hit_rate":0.6811594203,"max_drawdown":-0.1334968859,"capm_alpha":0.0072815737,"capm_alpha_t":2.2914892064,"capm_beta":-0.0985397924,"capm_ir_ann":1.0287559594,"capm_te_ann":0.0849364548},"D10":{"mean_monthly":0.0052551554,"tstat_monthly":0.5976170074,"mean_monthly_excess":-0.002153782,"tstat_monthly_excess":-0.2341018941,"ann_sharpe_excess":-0.0836227832,"hit_rate":0.4927536232,"max_drawdown":-0.4055808224},"LS_alpha_vs_BOVA11":{"alpha_bps_per_month":85.2606858537,"alpha_tstat":2.3476933014,"beta":-0.1108669059,"ir_ann":1.0852482639},"LS_vt_alpha_vs_BOVA11":{"alpha_bps_per_month":85.2606858537,"alpha_tstat":2.3476933014,"beta":-0.1108669059,"ir_ann":1.0852482639},"LS_pre_vt_alpha_vs_BOVA11":{"alpha_bps_per_month":72.8157367068,"alpha_tstat":2.2914892064,"beta":-0.0985397924,"ir_ann":1.0287559594}}