bps,D10_sharpe,D10_mean,D10_t,D10_alpha_bps,D10_alpha_t,LS_mean,LS_t,LS_alpha_bps,LS_alpha_t,LS_ir,LS_mean_vt,LS_t_vt,LS_alpha_bps_vt,LS_alpha_t_vt,LS_ir_vt,LS_maxDD_vt,LS_hit_vt,avg_turnover_D10,avg_turnover_LS
20,0.033536594181315674,0.008838383549841596,1.256005394549879,46.1159026226558,1.1159271590193338,0.007868517929919001,3.217169767493357,75.42129388128771,3.1299770881264566,0.9548060464062853,0.007869316928152159,3.1142454535983064,75.83470641400558,3.0086597497014678,0.9355372728073974,-0.09892030129446583,0.5784313725490197,0.19557028739554685,0.2781893663234244
50,0.01801632126252572,0.008545028118748278,1.2163782372119571,43.17262512091026,1.0488169733548085,0.007451233880433865,3.055614532366353,71.23486872208592,2.9642416092004735,0.9015050126571712,0.007440327501833148,2.9522964889079297,71.52729226902017,2.845426059414818,0.8820659371529205,-0.10069639605533254,0.5784313725490197,0.19557028739554685,0.2781893663234244
100,-0.007860215560944898,0.008056102400259411,1.1500184387726098,38.26716261800097,0.935762126435982,0.006755760464625305,2.784011668596891,64.25749345674959,2.685802618639622,0.8126832990451562,0.006725345124634801,2.6802740404720398,64.34826869404445,2.571227376746108,0.7929750589150487,-0.10464594014636619,0.5784313725490197,0.19557028739554685,0.2781893663234244
