{"LS":{"mean_monthly":0.0081467073,"tstat_monthly":3.324284036,"hit_rate":0.5980392157,"max_drawdown":-0.0879083829,"capm_alpha":0.0078212244,"capm_alpha_t":3.2399088766,"capm_beta":0.0657537443,"capm_ir_ann":0.9903397711,"capm_te_ann":0.0947701946},"LS_vt":{"mean_monthly":0.0081467073,"tstat_monthly":3.324284036,"hit_rate":0.5980392157,"max_drawdown":-0.0879083829,"capm_alpha":0.0078212244,"capm_alpha_t":3.2399088766,"capm_beta":0.0657537443,"capm_ir_ann":0.9903397711,"capm_te_ann":0.0947701946},"LS_pre_vt":{"mean_monthly":0.0069938484,"tstat_monthly":3.3336953175,"hit_rate":0.5980392157,"max_drawdown":-0.0750313502,"capm_alpha":0.0066962124,"capm_alpha_t":3.2484636938,"capm_beta":0.0601281464,"capm_ir_ann":0.9928253812,"capm_te_ann":0.0809352278},"D10":{"mean_monthly":0.0090339538,"tstat_monthly":1.2823449097,"mean_monthly_excess":0.0008293589,"tstat_monthly_excess":0.1176192647,"ann_sharpe_excess":0.0438809738,"hit_rate":0.5784313725,"max_drawdown":-0.458511137},"LS_alpha_vs_BOVA11":{"alpha_bps_per_month":78.2122439874,"alpha_tstat":3.2399088766,"beta":0.0657537443,"ir_ann":0.9903397711},"LS_vt_alpha_vs_BOVA11":{"alpha_bps_per_month":78.2122439874,"alpha_tstat":3.2399088766,"beta":0.0657537443,"ir_ann":0.9903397711},"LS_pre_vt_alpha_vs_BOVA11":{"alpha_bps_per_month":66.9621236608,"alpha_tstat":3.2484636938,"beta":0.0601281464,"ir_ann":0.9928253812}}