{"LS":{"mean_monthly":0.0111562997,"tstat_monthly":3.0261077383,"hit_rate":0.6631578947,"max_drawdown":-0.1375293996,"capm_alpha":0.0114422584,"capm_alpha_t":3.2779105269,"capm_beta":-0.0688405666,"capm_ir_ann":1.3616006802,"capm_te_ann":0.1008424151},"LS_vt":{"mean_monthly":0.0111562997,"tstat_monthly":3.0261077383,"hit_rate":0.6631578947,"max_drawdown":-0.1375293996,"capm_alpha":0.0114422584,"capm_alpha_t":3.2779105269,"capm_beta":-0.0688405666,"capm_ir_ann":1.3616006802,"capm_te_ann":0.1008424151},"LS_pre_vt":{"mean_monthly":0.0119483857,"tstat_monthly":2.8944665353,"hit_rate":0.6631578947,"max_drawdown":-0.1869633705,"capm_alpha":0.0122795467,"capm_alpha_t":3.1580859896,"capm_beta":-0.0797224056,"capm_ir_ann":1.2448982514,"capm_te_ann":0.1183667504},"D10":{"mean_monthly":0.0099003455,"tstat_monthly":1.6004421483,"mean_monthly_excess":0.0017220152,"tstat_monthly_excess":0.2816766927,"ann_sharpe_excess":0.0918003197,"hit_rate":0.6105263158,"max_drawdown":-0.3410610163},"LS_alpha_vs_BOVA11":{"alpha_bps_per_month":114.4225841684,"alpha_tstat":3.2779105269,"beta":-0.0688405666,"ir_ann":1.3616006802},"LS_vt_alpha_vs_BOVA11":{"alpha_bps_per_month":114.4225841684,"alpha_tstat":3.2779105269,"beta":-0.0688405666,"ir_ann":1.3616006802},"LS_pre_vt_alpha_vs_BOVA11":{"alpha_bps_per_month":122.7954671373,"alpha_tstat":3.1580859896,"beta":-0.0797224056,"ir_ann":1.2448982514}}