{"LS":{"mean_monthly":0.008733314,"tstat_monthly":2.4877023113,"hit_rate":0.6105263158,"max_drawdown":-0.142774216,"capm_alpha":0.0091217641,"capm_alpha_t":2.8212037308,"capm_beta":-0.0935139253,"capm_ir_ann":1.0881993719,"capm_te_ann":0.1005892593},"LS_vt":{"mean_monthly":0.008733314,"tstat_monthly":2.4877023113,"hit_rate":0.6105263158,"max_drawdown":-0.142774216,"capm_alpha":0.0091217641,"capm_alpha_t":2.8212037308,"capm_beta":-0.0935139253,"capm_ir_ann":1.0881993719,"capm_te_ann":0.1005892593},"LS_pre_vt":{"mean_monthly":0.0106968672,"tstat_monthly":2.2692053956,"hit_rate":0.6105263158,"max_drawdown":-0.2284932653,"capm_alpha":0.0112584964,"capm_alpha_t":2.6192084217,"capm_beta":-0.1352043892,"capm_ir_ann":0.9772833179,"capm_te_ann":0.1382423644},"D10":{"mean_monthly":0.0095030808,"tstat_monthly":1.6037695916,"mean_monthly_excess":0.0013247505,"tstat_monthly_excess":0.2250490263,"ann_sharpe_excess":0.0719172593,"hit_rate":0.5789473684,"max_drawdown":-0.3487018847},"LS_alpha_vs_BOVA11":{"alpha_bps_per_month":91.2176406814,"alpha_tstat":2.8212037308,"beta":-0.0935139253,"ir_ann":1.0881993719},"LS_vt_alpha_vs_BOVA11":{"alpha_bps_per_month":91.2176406814,"alpha_tstat":2.8212037308,"beta":-0.0935139253,"ir_ann":1.0881993719},"LS_pre_vt_alpha_vs_BOVA11":{"alpha_bps_per_month":112.5849637783,"alpha_tstat":2.6192084217,"beta":-0.1352043892,"ir_ann":0.9772833179}}