bps,D10_sharpe,D10_mean,D10_t,D10_alpha_bps,D10_alpha_t,LS_mean,LS_t,LS_alpha_bps,LS_alpha_t,LS_ir,LS_mean_vt,LS_t_vt,LS_alpha_bps_vt,LS_alpha_t_vt,LS_ir_vt,LS_maxDD_vt,LS_hit_vt,avg_turnover_D10,avg_turnover_LS
20,0.05647537027342921,0.009218435376700498,1.5561966217537921,60.74911199323768,1.4276286196868389,0.008367495384464033,2.37650103111758,87.55891734785412,2.6992701283122766,1.0436113846789457,0.008066313508912827,2.4388142091838043,84.1198583336452,2.7506012351142486,1.0754352620334278,-0.13009509651702444,0.6105263157894737,0.28464545201387303,0.365818661095365
50,0.03330137303098913,0.008791467198679685,1.4847707388183171,56.498525625025074,1.3260458222963583,0.007818767392820987,2.210828994827087,82.0708323474906,2.5177240035661326,0.9768432460691223,0.007546084723504195,2.270716211534641,78.91814833446193,2.5672050038287044,1.0076500205780625,-0.1335532694645234,0.6105263157894737,0.28464545201387303,0.365818661095365
100,-0.005351052110910202,0.008079853568645002,1.3655557687662834,49.41421501133745,1.1572727869804917,0.0069042207400825725,1.937739431997018,72.92402401355145,2.218780893027689,0.8658876970034838,0.0066790367478231395,1.9937476791536015,70.24863166915635,2.2652969824728135,0.8949506276252617,-0.13929100422504503,0.6105263157894737,0.28464545201387303,0.365818661095365
