{"LS":{"mean_monthly":0.0111294073,"tstat_monthly":3.0205033705,"hit_rate":0.6526315789,"max_drawdown":-0.1504139395,"capm_alpha":0.011488604,"capm_alpha_t":3.3595878416,"capm_beta":-0.0864715884,"capm_ir_ann":1.3682199865,"capm_te_ann":0.1007610247},"LS_vt":{"mean_monthly":0.0111294073,"tstat_monthly":3.0205033705,"hit_rate":0.6526315789,"max_drawdown":-0.1504139395,"capm_alpha":0.011488604,"capm_alpha_t":3.3595878416,"capm_beta":-0.0864715884,"capm_ir_ann":1.3682199865,"capm_te_ann":0.1007610247},"LS_pre_vt":{"mean_monthly":0.0124481599,"tstat_monthly":2.8974139284,"hit_rate":0.6526315789,"max_drawdown":-0.2217194628,"capm_alpha":0.0128937545,"capm_alpha_t":3.2688664247,"capm_beta":-0.1072706673,"capm_ir_ann":1.24027814,"capm_te_ann":0.1247502868},"D10":{"mean_monthly":0.0098214692,"tstat_monthly":1.6043717939,"mean_monthly_excess":0.0016431389,"tstat_monthly_excess":0.2705604811,"ann_sharpe_excess":0.090185652,"hit_rate":0.5789473684,"max_drawdown":-0.3379879826},"LS_alpha_vs_BOVA11":{"alpha_bps_per_month":114.8860399028,"alpha_tstat":3.3595878416,"beta":-0.0864715884,"ir_ann":1.3682199865},"LS_vt_alpha_vs_BOVA11":{"alpha_bps_per_month":114.8860399028,"alpha_tstat":3.3595878416,"beta":-0.0864715884,"ir_ann":1.3682199865},"LS_pre_vt_alpha_vs_BOVA11":{"alpha_bps_per_month":128.9375447177,"alpha_tstat":3.2688664247,"beta":-0.1072706673,"ir_ann":1.24027814}}