bps,D10_sharpe,D10_mean,D10_t,D10_alpha_bps,D10_alpha_t,LS_mean,LS_t,LS_alpha_bps,LS_alpha_t,LS_ir,LS_mean_vt,LS_t_vt,LS_alpha_bps_vt,LS_alpha_t_vt,LS_ir_vt,LS_maxDD_vt,LS_hit_vt,avg_turnover_D10,avg_turnover_LS
20,0.07627846897790819,0.009602672671622898,1.5499262058638092,61.09987154947708,1.4953925971346402,0.010724273908250544,2.8852318174919325,110.21544695763939,3.139371386517847,1.306478386727865,0.010807126130161448,2.9949045369698912,110.81505531331665,3.2304012808509626,1.3810735276668165,-0.13975703218478053,0.6526315789473685,0.2857173528226159,0.35450169573627605
50,0.05334565403813317,0.009174096642388975,1.4822699247845412,56.83370719313967,1.3892646522710657,0.01019252136464613,2.7320019131879465,104.90017846429838,2.9762528168072433,1.2419765898057453,0.010299969391684287,2.8466731454788565,105.74512535006482,3.0736424497722874,1.316642384174185,-0.14298180584632325,0.6421052631578947,0.2857173528226159,0.35450169573627605
100,0.015087977065093301,0.008459803260332435,1.3691650308041095,49.723433265910664,1.212900701395268,0.00930626712530544,2.479010832871102,96.04139764206332,2.70707314535485,1.1347543854567315,0.009454708160889017,2.6012540458208915,97.29524207797844,2.8142432482305773,1.2094576944409603,-0.14833355026784378,0.6421052631578947,0.2857173528226159,0.35450169573627605
