{"LS":{"mean_monthly":0.0110787756,"tstat_monthly":2.9879839811,"hit_rate":0.6526315789,"max_drawdown":-0.1587262553,"capm_alpha":0.0113758959,"capm_alpha_t":3.2487894145,"capm_beta":-0.0715275743,"capm_ir_ann":1.3495469822,"capm_te_ann":0.1011530187},"LS_vt":{"mean_monthly":0.0110787756,"tstat_monthly":2.9879839811,"hit_rate":0.6526315789,"max_drawdown":-0.1587262553,"capm_alpha":0.0113758959,"capm_alpha_t":3.2487894145,"capm_beta":-0.0715275743,"capm_ir_ann":1.3495469822,"capm_te_ann":0.1011530187},"LS_pre_vt":{"mean_monthly":0.0116638452,"tstat_monthly":2.8227690777,"hit_rate":0.6526315789,"max_drawdown":-0.2158200836,"capm_alpha":0.0120054366,"capm_alpha_t":3.1091151044,"capm_beta":-0.0822333758,"capm_ir_ann":1.2236534848,"capm_te_ann":0.1177336895},"D10":{"mean_monthly":0.00988839,"tstat_monthly":1.5949431544,"mean_monthly_excess":0.0017100597,"tstat_monthly_excess":0.2774462416,"ann_sharpe_excess":0.0915577635,"hit_rate":0.6210526316,"max_drawdown":-0.3592389448},"LS_alpha_vs_BOVA11":{"alpha_bps_per_month":113.7589592865,"alpha_tstat":3.2487894145,"beta":-0.0715275743,"ir_ann":1.3495469822},"LS_vt_alpha_vs_BOVA11":{"alpha_bps_per_month":113.7589592865,"alpha_tstat":3.2487894145,"beta":-0.0715275743,"ir_ann":1.3495469822},"LS_pre_vt_alpha_vs_BOVA11":{"alpha_bps_per_month":120.0543662425,"alpha_tstat":3.1091151044,"beta":-0.0822333758,"ir_ann":1.2236534848}}