{"LS":{"mean_monthly":0.0080468762,"tstat_monthly":3.2524359496,"hit_rate":0.5980392157,"max_drawdown":-0.0890497698,"capm_alpha":0.0077046794,"capm_alpha_t":3.1229116196,"capm_beta":0.0691302639,"capm_ir_ann":0.971947713,"capm_te_ann":0.0951246162},"LS_vt":{"mean_monthly":0.0080468762,"tstat_monthly":3.2524359496,"hit_rate":0.5980392157,"max_drawdown":-0.0890497698,"capm_alpha":0.0077046794,"capm_alpha_t":3.1229116196,"capm_beta":0.0691302639,"capm_ir_ann":0.971947713,"capm_te_ann":0.0951246162},"LS_pre_vt":{"mean_monthly":0.0070429747,"tstat_monthly":3.262584432,"hit_rate":0.5980392157,"max_drawdown":-0.0762569869,"capm_alpha":0.0067168446,"capm_alpha_t":3.1405719473,"capm_beta":0.0658845,"capm_ir_ann":0.9706675805,"capm_te_ann":0.0830378352},"D10":{"mean_monthly":0.0090457383,"tstat_monthly":1.2778006005,"mean_monthly_excess":0.0008411434,"tstat_monthly_excess":0.1187264329,"ann_sharpe_excess":0.0443982806,"hit_rate":0.5784313725,"max_drawdown":-0.458511137},"LS_alpha_vs_BOVA11":{"alpha_bps_per_month":77.0467942878,"alpha_tstat":3.1229116196,"beta":0.0691302639,"ir_ann":0.971947713},"LS_vt_alpha_vs_BOVA11":{"alpha_bps_per_month":77.0467942878,"alpha_tstat":3.1229116196,"beta":0.0691302639,"ir_ann":0.971947713},"LS_pre_vt_alpha_vs_BOVA11":{"alpha_bps_per_month":67.168445513,"alpha_tstat":3.1405719473,"beta":0.0658845,"ir_ann":0.9706675805}}