{
  "max_drawdown_full": -0.16656696519590997,
  "max_drawdown_12m": -0.029159449961747463,
  "max_drawdown_24m": -0.036225335472441,
  "worst_month": -0.058512048840180735,
  "avg_ls_multiplier": 0.9990140417398711,
  "avg_ls_score": 0.003943833040516072,
  "last_ls_multiplier": 1.0,
  "last_ls_flagged": 0.0,
  "last_ls_high": 0.0
}