bps,D10_sharpe,D10_mean,D10_t,D10_alpha_bps,D10_alpha_t,LS_mean,LS_t,LS_alpha_bps,LS_alpha_t,LS_ir,LS_mean_vt,LS_t_vt,LS_alpha_bps_vt,LS_alpha_t_vt,LS_ir_vt,LS_maxDD_vt,LS_hit_vt,avg_turnover_D10,avg_turnover_LS
20,0.13912117552397482,0.010648061581269793,2.224184415779628,38.825968572420216,1.479840116607367,0.009275785964214103,4.259562221648672,98.44158862386577,4.752279032926431,1.18202155012232,0.008875360370914746,4.0369661051265,95.02170193850905,4.559195449766429,1.1453449034827978,-0.29440574144257214,0.6413043478260869,0.19404210384735587,0.2936261349294259
50,0.12557037279256392,0.010356998425498757,2.165717663474728,35.91720371284391,1.3728990086691129,0.008835346761819962,4.064529739984701,94.0312468356979,4.547076773509637,1.128768707004529,0.008429442963135608,3.8373036224983523,90.55460880246534,4.348192041872435,1.0909957414960951,-0.3035791511635525,0.6304347826086957,0.19404210384735587,0.2936261349294259
100,0.10297448348636448,0.009871893165880365,2.0679555159315495,31.069262280216794,1.1932342234499698,0.008101281424496398,3.7375465218791795,86.6806771887514,4.203027248476302,1.039996878399816,0.0076862472835037094,3.503333728481687,83.10945357572581,3.995197662644224,1.0004463786292548,-0.31861332110551155,0.6086956521739131,0.19404210384735587,0.2936261349294259
