{"LS":{"mean_monthly":0.0076646374,"tstat_monthly":2.9503926881,"hit_rate":0.5980392157,"max_drawdown":-0.1201602719,"capm_alpha":0.00746204,"capm_alpha_t":2.9417958893,"capm_beta":0.0409285292,"capm_ir_ann":0.9009061566,"capm_te_ann":0.0993937934},"LS_vt":{"mean_monthly":0.0076646374,"tstat_monthly":2.9503926881,"hit_rate":0.5980392157,"max_drawdown":-0.1201602719,"capm_alpha":0.00746204,"capm_alpha_t":2.9417958893,"capm_beta":0.0409285292,"capm_ir_ann":0.9009061566,"capm_te_ann":0.0993937934},"LS_pre_vt":{"mean_monthly":0.0064876322,"tstat_monthly":2.8606370903,"hit_rate":0.5980392157,"max_drawdown":-0.1106797907,"capm_alpha":0.006273351,"capm_alpha_t":2.8808474712,"capm_beta":0.0432888874,"capm_ir_ann":0.879594681,"capm_te_ann":0.0855851149},"D10":{"mean_monthly":0.0087525824,"tstat_monthly":1.208596549,"mean_monthly_excess":0.0005479875,"tstat_monthly_excess":0.0756604609,"ann_sharpe_excess":0.0287318979,"hit_rate":0.5588235294,"max_drawdown":-0.467756552},"LS_alpha_vs_BOVA11":{"alpha_bps_per_month":74.6204003371,"alpha_tstat":2.9417958893,"beta":0.0409285292,"ir_ann":0.9009061566},"LS_vt_alpha_vs_BOVA11":{"alpha_bps_per_month":74.6204003371,"alpha_tstat":2.9417958893,"beta":0.0409285292,"ir_ann":0.9009061566},"LS_pre_vt_alpha_vs_BOVA11":{"alpha_bps_per_month":62.733509836,"alpha_tstat":2.8808474712,"beta":0.0432888874,"ir_ann":0.879594681}}