bps,D10_sharpe,D10_mean,D10_t,D10_alpha_bps,D10_alpha_t,LS_mean,LS_t,LS_alpha_bps,LS_alpha_t,LS_ir,LS_mean_vt,LS_t_vt,LS_alpha_bps_vt,LS_alpha_t_vt,LS_ir_vt,LS_maxDD_vt,LS_hit_vt,avg_turnover_D10,avg_turnover_LS
20,0.017572113123550392,0.008539720115385915,1.180345639662207,42.80605272627349,0.9892563105299909,0.00736249862959013,2.8390877391611022,71.5803416575856,2.826377134714934,0.8641520278547401,0.007342371882073956,2.7352044719016146,72.02135575754555,2.7052085542734545,0.8610784422953672,-0.12480522944770389,0.5882352941176471,0.2128622706909904,0.30213878346665585
50,0.0008301948371750639,0.00822042670934943,1.1378615900154037,39.60077708025575,0.9183843704454783,0.006909290454390147,2.6713197867747813,67.0202536383667,2.652488972527871,0.8090041446274226,0.006883139710820891,2.5716851993194814,67.39398184394985,2.5387755441967443,0.8057513871090618,-0.1264309783836287,0.5882352941176471,0.2128622706909904,0.30213878346665585
100,-0.02707848631930567,0.007688271032621952,1.0667678699792922,34.25865100355948,0.7991396595820195,0.006153943495723508,2.3895652757145496,59.420106939668536,2.360677581662042,0.7170615738443878,0.006117752758732448,2.296815587767226,59.68169198795696,2.2590539913362857,0.713485029019903,-0.12913501103733205,0.5882352941176471,0.2128622706909904,0.30213878346665585
