{"LS":{"mean_monthly":0.0117622439,"tstat_monthly":3.2746633825,"hit_rate":0.6736842105,"max_drawdown":-0.1338455103,"capm_alpha":0.0121271024,"capm_alpha_t":3.6362424897,"capm_beta":-0.0878345963,"capm_ir_ann":1.4606434428,"capm_te_ann":0.0996309055},"LS_vt":{"mean_monthly":0.0117622439,"tstat_monthly":3.2746633825,"hit_rate":0.6736842105,"max_drawdown":-0.1338455103,"capm_alpha":0.0121271024,"capm_alpha_t":3.6362424897,"capm_beta":-0.0878345963,"capm_ir_ann":1.4606434428,"capm_te_ann":0.0996309055},"LS_pre_vt":{"mean_monthly":0.0125407431,"tstat_monthly":3.1377805397,"hit_rate":0.6736842105,"max_drawdown":-0.1812006922,"capm_alpha":0.0129599917,"capm_alpha_t":3.5068974036,"capm_beta":-0.1009282498,"capm_ir_ann":1.3443440473,"capm_te_ann":0.1156845978},"D10":{"mean_monthly":0.0101764788,"tstat_monthly":1.6586669697,"mean_monthly_excess":0.0019981485,"tstat_monthly_excess":0.3300374613,"ann_sharpe_excess":0.1072585206,"hit_rate":0.6,"max_drawdown":-0.3302964836},"LS_alpha_vs_BOVA11":{"alpha_bps_per_month":121.2710240446,"alpha_tstat":3.6362424897,"beta":-0.0878345963,"ir_ann":1.4606434428},"LS_vt_alpha_vs_BOVA11":{"alpha_bps_per_month":121.2710240446,"alpha_tstat":3.6362424897,"beta":-0.0878345963,"ir_ann":1.4606434428},"LS_pre_vt_alpha_vs_BOVA11":{"alpha_bps_per_month":129.59991705,"alpha_tstat":3.5068974036,"beta":-0.1009282498,"ir_ann":1.3443440473}}