bps,D10_sharpe,D10_mean,D10_t,D10_alpha_bps,D10_alpha_t,LS_mean,LS_t,LS_alpha_bps,LS_alpha_t,LS_ir,LS_mean_vt,LS_t_vt,LS_alpha_bps_vt,LS_alpha_t_vt,LS_ir_vt,LS_maxDD_vt,LS_hit_vt,avg_turnover_D10,avg_turnover_LS
20,0.012602837494124794,0.00840756945533513,1.4311950271652625,52.836971737959836,1.2556775948016494,0.008057782533218217,2.299195985902434,84.28184537126182,2.61725609471098,1.0019479071918689,0.0077420136513132115,2.359202750989502,80.69665135252518,2.6649739935090477,1.0286189496530287,-0.1357737695651834,0.6210526315789474,0.26450841556104715,0.3493549654265998
50,-0.00921037104559447,0.008010806831993558,1.3634092782178941,48.88215554647443,1.1595582077626043,0.007533750085078318,2.1419637502327404,79.03705244065438,2.4441480769811665,0.9386637058533782,0.007247657533446752,2.2001248982498374,75.74805611524746,2.4904027442338097,0.9646984812199705,-0.13897329066200348,0.6210526315789474,0.26450841556104715,0.3493549654265998
100,-0.04557016392180749,0.007349535793090942,1.2504600922484312,42.29079522733208,1.0001083154391053,0.0066603626715118205,1.8822008215761472,70.29573088964193,2.1585451689685917,0.833394882675766,0.0064237306703359845,1.9373939207347581,67.50039738645118,2.2025014721437546,0.858320972812438,-0.14428346428548877,0.6,0.26450841556104715,0.3493549654265998
