{"LS":{"mean_monthly":0.0084071375,"tstat_monthly":2.4045822928,"hit_rate":0.6315789474,"max_drawdown":-0.1511554562,"capm_alpha":0.0087778374,"capm_alpha_t":2.7333793116,"capm_beta":-0.089240831,"capm_ir_ann":1.0441839698,"capm_te_ann":0.1008769066},"LS_vt":{"mean_monthly":0.0084071375,"tstat_monthly":2.4045822928,"hit_rate":0.6315789474,"max_drawdown":-0.1511554562,"capm_alpha":0.0087778374,"capm_alpha_t":2.7333793116,"capm_beta":-0.089240831,"capm_ir_ann":1.0441839698,"capm_te_ann":0.1008769066},"LS_pre_vt":{"mean_monthly":0.0101288243,"tstat_monthly":2.1707637261,"hit_rate":0.6315789474,"max_drawdown":-0.2379029443,"capm_alpha":0.0106651501,"capm_alpha_t":2.5149572432,"capm_beta":-0.1291129672,"capm_ir_ann":0.9394052404,"capm_te_ann":0.1362370531},"D10":{"mean_monthly":0.0086720779,"tstat_monthly":1.4763910582,"mean_monthly_excess":0.0004937476,"tstat_monthly_excess":0.0845739563,"ann_sharpe_excess":0.0271436884,"hit_rate":0.5684210526,"max_drawdown":-0.3433367039},"LS_alpha_vs_BOVA11":{"alpha_bps_per_month":87.7783739917,"alpha_tstat":2.7333793116,"beta":-0.089240831,"ir_ann":1.0441839698},"LS_vt_alpha_vs_BOVA11":{"alpha_bps_per_month":87.7783739917,"alpha_tstat":2.7333793116,"beta":-0.089240831,"ir_ann":1.0441839698},"LS_pre_vt_alpha_vs_BOVA11":{"alpha_bps_per_month":106.6515013654,"alpha_tstat":2.5149572432,"beta":-0.1291129672,"ir_ann":0.9394052404}}