bps,D10_sharpe,D10_mean,D10_t,D10_alpha_bps,D10_alpha_t,LS_mean,LS_t,LS_alpha_bps,LS_alpha_t,LS_ir,LS_mean_vt,LS_t_vt,LS_alpha_bps_vt,LS_alpha_t_vt,LS_ir_vt,LS_maxDD_vt,LS_hit_vt,avg_turnover_D10,avg_turnover_LS
20,0.13732635876946228,0.010614265188512462,2.2143274789658185,38.3038233435261,1.455546400285732,0.009686609512540119,4.736328131466282,100.41264957580903,5.077163417595222,1.189403614171023,0.009286964096482164,4.504629945748712,96.7876601731359,4.850009101850384,1.1457491679933682,-0.22231444953223034,0.625,0.19447705245948602,0.2787795358762884
50,0.1237683254605547,0.01032254960982323,2.1557602086683145,35.39009995260852,1.3486194778040812,0.009268440208725685,4.5397728062159,96.22300804647281,4.873442824600755,1.1394961683747051,0.008864195053246534,4.302798880780316,92.55043795160431,4.641303206975143,1.0951957652569226,-0.23253083109199535,0.6195652173913043,0.19447705245948602,0.2787795358762884
100,0.10115948879056906,0.009836356978674514,2.0578341737040686,30.53389430107933,1.1690020067687215,0.008571491369034963,4.210248421526417,89.24027216424577,4.531905666108637,1.0563036828566337,0.008159579981187147,3.965229349150512,85.48840091571839,4.292124318265279,1.0109542788052863,-0.24927047436700656,0.6195652173913043,0.19447705245948602,0.2787795358762884
