{
  "max_drawdown_full": -0.14736795680340609,
  "max_drawdown_12m": -0.07837320920089497,
  "max_drawdown_24m": -0.07837320920089486,
  "worst_month": -0.07837320920089497,
  "avg_ls_multiplier": 0.9985344404572254,
  "avg_ls_score": 0.005862238171098361,
  "last_ls_multiplier": 1.0,
  "last_ls_flagged": 0.0,
  "last_ls_high": 0.0
}