{"LS":{"mean_monthly":0.0093348192,"tstat_monthly":4.7330588253,"hit_rate":0.6195652174,"max_drawdown":-0.1473679568,"capm_alpha":0.0096847475,"capm_alpha_t":5.0555122126,"capm_beta":-0.052341816,"capm_ir_ann":1.1529353329,"capm_te_ann":0.1008009445},"LS_vt":{"mean_monthly":0.0093348192,"tstat_monthly":4.7330588253,"hit_rate":0.6195652174,"max_drawdown":-0.1473679568,"capm_alpha":0.0096847475,"capm_alpha_t":5.0555122126,"capm_beta":-0.052341816,"capm_ir_ann":1.1529353329,"capm_te_ann":0.1008009445},"LS_pre_vt":{"mean_monthly":0.0079510259,"tstat_monthly":4.8346689502,"hit_rate":0.6195652174,"max_drawdown":-0.108462273,"capm_alpha":0.0081850728,"capm_alpha_t":5.1281100379,"capm_beta":-0.0350084248,"capm_ir_ann":1.1579228622,"capm_te_ann":0.0848250577},"LS_net":{"mean_monthly":0.009965389,"tstat_monthly":4.8668698294,"hit_rate":0.6358695652,"max_drawdown":-0.1969368475,"capm_alpha":0.0103205744,"capm_alpha_t":5.2124617832,"capm_beta":-0.0531281461,"capm_ir_ann":1.2226691945,"capm_te_ann":0.1012922328},"D10":{"mean_monthly":0.0108087422,"tstat_monthly":2.2532932924,"mean_monthly_excess":0.0031440532,"tstat_monthly_excess":0.6409123942,"ann_sharpe_excess":0.1463619553,"hit_rate":0.5489130435,"max_drawdown":-0.487709738},"dispersion_gate":{"mode":"none","blocked_months":0,"total_months":184},"regime_scaler":{"mode":"gross","avg_scale":0.9987276986,"min_scale":0.8728668538,"max_scale":1.1510216983,"weights":{"dispersion":0.2,"vol":0.3,"macro":0.5}},"delisting_risk":{"avg_ls_weighted_multiplier":0.9985344405,"avg_ls_weighted_score":0.0058622382,"avg_ls_flagged":0.277173913,"avg_ls_high":0.0,"avg_universe_flagged":0.7336956522,"avg_universe_high":0.0,"avg_universe_multiplier":0.9984233837},"LS_alpha_vs_BOVA11":{"alpha_bps_per_month":96.8474754126,"alpha_tstat":5.0555122126,"beta":-0.052341816,"ir_ann":1.1529353329},"LS_vt_alpha_vs_BOVA11":{"alpha_bps_per_month":96.8474754126,"alpha_tstat":5.0555122126,"beta":-0.052341816,"ir_ann":1.1529353329},"LS_pre_vt_alpha_vs_BOVA11":{"alpha_bps_per_month":81.8507280037,"alpha_tstat":5.1281100379,"beta":-0.0350084248,"ir_ann":1.1579228622},"LS_net_alpha_vs_BOVA11":{"alpha_bps_per_month":103.2057439287,"alpha_tstat":5.2124617832,"beta":-0.0531281461,"ir_ann":1.2226691945},"LS_financing_assumptions":{"avg_short_gross":0.5,"avg_long_gross":0.5,"avg_carry":0.0045651201,"avg_borrow_cost":0.0039345502,"carry_multiplier":1.0,"borrow_cost_annual":0.08}}