bps,D10_sharpe,D10_mean,D10_t,D10_alpha_bps,D10_alpha_t,LS_mean,LS_t,LS_alpha_bps,LS_alpha_t,LS_ir,LS_mean_vt,LS_t_vt,LS_alpha_bps_vt,LS_alpha_t_vt,LS_ir_vt,LS_maxDD_vt,LS_hit_vt,avg_turnover_D10,avg_turnover_LS
20,0.014017163209585251,0.00843962186239325,1.3935048204827234,52.21598331858765,1.248447942103529,0.00884253032669419,2.403086949899983,92.2686872761077,2.727663744610563,1.092081502072899,0.008640117447845718,2.4790102484056424,89.83026103861225,2.7858075351056684,1.137582896946914,-0.15178514533573262,0.6105263157894737,0.2961764745975272,0.3673754708734442
50,-0.009820055228821492,0.007995357150496958,1.321547500471673,47.799673575027406,1.141788166190546,0.008291467120384024,2.242481070397296,86.76230927660015,2.5514805268417757,1.025429846886328,0.008118428827531655,2.3182776185579264,84.61719010983079,2.6107011572472265,1.0702515739863154,-0.15524286614331195,0.6,0.2961764745975272,0.3673754708734442
100,-0.04959508830490621,0.00725491596400314,1.2012473933653809,40.43915733576036,0.9644186843738984,0.007373028443200414,1.9780410707434568,77.58501261075426,2.261662725349879,0.9146947080864026,0.00724894779367488,2.053477488744495,75.9287385618616,2.322448482083765,0.958306140324068,-0.16097914306503225,0.5789473684210527,0.2961764745975272,0.3673754708734442
