{"LS":{"mean_monthly":0.0092099058,"tstat_monthly":2.5109670623,"hit_rate":0.6210526316,"max_drawdown":-0.1677220209,"capm_alpha":0.0095939606,"capm_alpha_t":2.8460744233,"capm_beta":-0.092455836,"capm_ir_ann":1.1365994396,"capm_te_ann":0.1012912053},"LS_vt":{"mean_monthly":0.0092099058,"tstat_monthly":2.5109670623,"hit_rate":0.6210526316,"max_drawdown":-0.1677220209,"capm_alpha":0.0095939606,"capm_alpha_t":2.8460744233,"capm_beta":-0.092455836,"capm_ir_ann":1.1365994396,"capm_te_ann":0.1012912053},"LS_pre_vt":{"mean_monthly":0.0107512324,"tstat_monthly":2.2739710264,"hit_rate":0.6210526316,"max_drawdown":-0.2579430402,"capm_alpha":0.0112819062,"capm_alpha_t":2.6354449845,"capm_beta":-0.127752328,"capm_ir_ann":1.0011610286,"capm_te_ann":0.1352258737},"D10":{"mean_monthly":0.0087357983,"tstat_monthly":1.4413823166,"mean_monthly_excess":0.000557468,"tstat_monthly_excess":0.0925280611,"ann_sharpe_excess":0.0298968773,"hit_rate":0.6,"max_drawdown":-0.3525578908},"LS_alpha_vs_BOVA11":{"alpha_bps_per_month":95.9396059424,"alpha_tstat":2.8460744233,"beta":-0.092455836,"ir_ann":1.1365994396},"LS_vt_alpha_vs_BOVA11":{"alpha_bps_per_month":95.9396059424,"alpha_tstat":2.8460744233,"beta":-0.092455836,"ir_ann":1.1365994396},"LS_pre_vt_alpha_vs_BOVA11":{"alpha_bps_per_month":112.8190622991,"alpha_tstat":2.6354449845,"beta":-0.127752328,"ir_ann":1.0011610286}}