{
  "max_drawdown_full": -0.14597897826824102,
  "max_drawdown_12m": -0.06991215381536231,
  "max_drawdown_24m": -0.06991215381536231,
  "worst_month": -0.0699121538153623,
  "avg_ls_multiplier": 0.9985194099670089,
  "avg_ls_score": 0.005922360131963851,
  "last_ls_multiplier": 1.0,
  "last_ls_flagged": 0.0,
  "last_ls_high": 0.0
}