{"LS":{"mean_monthly":0.0093993205,"tstat_monthly":4.7917461094,"hit_rate":0.6304347826,"max_drawdown":-0.1459789783,"capm_alpha":0.0097517917,"capm_alpha_t":5.0984270136,"capm_beta":-0.0527221663,"capm_ir_ann":1.1701451902,"capm_te_ann":0.1000059664},"LS_vt":{"mean_monthly":0.0093993205,"tstat_monthly":4.7917461094,"hit_rate":0.6304347826,"max_drawdown":-0.1459789783,"capm_alpha":0.0097517917,"capm_alpha_t":5.0984270136,"capm_beta":-0.0527221663,"capm_ir_ann":1.1701451902,"capm_te_ann":0.1000059664},"LS_pre_vt":{"mean_monthly":0.0077691133,"tstat_monthly":4.8817333296,"hit_rate":0.6304347826,"max_drawdown":-0.105472747,"capm_alpha":0.0080029143,"capm_alpha_t":5.1599180228,"capm_beta":-0.0349716467,"capm_ir_ann":1.1763274112,"capm_te_ann":0.0816396619},"LS_net":{"mean_monthly":0.0100475224,"tstat_monthly":4.9145623588,"hit_rate":0.6467391304,"max_drawdown":-0.1961349378,"capm_alpha":0.0104049723,"capm_alpha_t":5.238323676,"capm_beta":-0.0534668835,"capm_ir_ann":1.2419218252,"capm_te_ann":0.1005374618},"D10":{"mean_monthly":0.0108087422,"tstat_monthly":2.2532932924,"mean_monthly_excess":0.0031440532,"tstat_monthly_excess":0.6409123942,"ann_sharpe_excess":0.1463619553,"hit_rate":0.5489130435,"max_drawdown":-0.487709738},"dispersion_gate":{"mode":"none","blocked_months":0,"total_months":184},"delisting_risk":{"avg_ls_weighted_multiplier":0.99851941,"avg_ls_weighted_score":0.0059223601,"avg_ls_flagged":0.2880434783,"avg_ls_high":0.0,"avg_universe_flagged":0.7336956522,"avg_universe_high":0.0,"avg_universe_multiplier":0.9984233837},"LS_alpha_vs_BOVA11":{"alpha_bps_per_month":97.5179171921,"alpha_tstat":5.0984270136,"beta":-0.0527221663,"ir_ann":1.1701451902},"LS_vt_alpha_vs_BOVA11":{"alpha_bps_per_month":97.5179171921,"alpha_tstat":5.0984270136,"beta":-0.0527221663,"ir_ann":1.1701451902},"LS_pre_vt_alpha_vs_BOVA11":{"alpha_bps_per_month":80.0291434111,"alpha_tstat":5.1599180228,"beta":-0.0349716467,"ir_ann":1.1763274112},"LS_net_alpha_vs_BOVA11":{"alpha_bps_per_month":104.0497234265,"alpha_tstat":5.238323676,"beta":-0.0534668835,"ir_ann":1.2419218252},"LS_financing_assumptions":{"avg_short_gross":0.5,"avg_long_gross":0.4999606175,"avg_carry":0.0046803315,"avg_borrow_cost":0.0040321296,"carry_multiplier":1.0,"borrow_cost_annual":0.08}}