{"LS":{"mean_monthly":0.0074384597,"tstat_monthly":3.5916734646,"hit_rate":0.6032608696,"max_drawdown":-0.1665669652,"capm_alpha":0.0071685111,"capm_alpha_t":3.4624308495,"capm_beta":0.040378552,"capm_ir_ann":0.8214694236,"capm_te_ann":0.1047173891},"LS_vt":{"mean_monthly":0.0074384597,"tstat_monthly":3.5916734646,"hit_rate":0.6032608696,"max_drawdown":-0.1665669652,"capm_alpha":0.0071685111,"capm_alpha_t":3.4624308495,"capm_beta":0.040378552,"capm_ir_ann":0.8214694236,"capm_te_ann":0.1047173891},"LS_pre_vt":{"mean_monthly":0.0061128966,"tstat_monthly":3.5229597526,"hit_rate":0.6032608696,"max_drawdown":-0.1198131392,"capm_alpha":0.005876087,"capm_alpha_t":3.4117869429,"capm_beta":0.0354216734,"capm_ir_ann":0.7997937325,"capm_te_ann":0.0881640361},"LS_net":{"mean_monthly":0.0081610454,"tstat_monthly":3.6705592897,"hit_rate":0.6141304348,"max_drawdown":-0.2160881552,"capm_alpha":0.0078956008,"capm_alpha_t":3.5635466258,"capm_beta":0.0397048532,"capm_ir_ann":0.8969438297,"capm_te_ann":0.1056333812},"D10":{"mean_monthly":0.0118089198,"tstat_monthly":2.3442621179,"mean_monthly_excess":0.0041442308,"tstat_monthly_excess":0.8206243154,"ann_sharpe_excess":0.1925022833,"hit_rate":0.5652173913,"max_drawdown":-0.4838801755},"dispersion_gate":{"mode":"quantile70","blocked_months":113,"total_months":184},"delisting_risk":{"avg_ls_weighted_multiplier":0.9989781587,"avg_ls_weighted_score":0.0040873653,"avg_ls_flagged":0.1793478261,"avg_ls_high":0.0,"avg_universe_flagged":0.7336956522,"avg_universe_high":0.0,"avg_universe_multiplier":0.9984233837},"LS_alpha_vs_BOVA11":{"alpha_bps_per_month":71.6851110325,"alpha_tstat":3.4624308495,"beta":0.040378552,"ir_ann":0.8214694236},"LS_vt_alpha_vs_BOVA11":{"alpha_bps_per_month":71.6851110325,"alpha_tstat":3.4624308495,"beta":0.040378552,"ir_ann":0.8214694236},"LS_pre_vt_alpha_vs_BOVA11":{"alpha_bps_per_month":58.7608695979,"alpha_tstat":3.4117869429,"beta":0.0354216734,"ir_ann":0.7997937325},"LS_net_alpha_vs_BOVA11":{"alpha_bps_per_month":78.9560079138,"alpha_tstat":3.5635466258,"beta":0.0397048532,"ir_ann":0.8969438297},"LS_financing_assumptions":{"avg_short_gross":0.5,"avg_long_gross":0.4999505136,"avg_carry":0.0050514137,"avg_borrow_cost":0.0043288279,"carry_multiplier":1.0,"borrow_cost_annual":0.08}}