{"LS":{"mean_monthly":0.0108766203,"tstat_monthly":4.1761199122,"hit_rate":0.6892655367,"max_drawdown":-0.1954652409,"capm_alpha":0.0114499838,"capm_alpha_t":4.5442629952,"capm_beta":-0.0906246797,"capm_ir_ann":1.3779378138,"capm_te_ann":0.0997140832},"LS_vt":{"mean_monthly":0.0108766203,"tstat_monthly":4.1761199122,"hit_rate":0.6892655367,"max_drawdown":-0.1954652409,"capm_alpha":0.0114499838,"capm_alpha_t":4.5442629952,"capm_beta":-0.0906246797,"capm_ir_ann":1.3779378138,"capm_te_ann":0.0997140832},"LS_pre_vt":{"mean_monthly":0.0106908891,"tstat_monthly":3.9691990476,"hit_rate":0.6892655367,"max_drawdown":-0.2574361933,"capm_alpha":0.0112477315,"capm_alpha_t":4.3650381019,"capm_beta":-0.0880133839,"capm_ir_ann":1.2438033158,"capm_te_ann":0.108516175},"LS_net":{"mean_monthly":0.0115058236,"tstat_monthly":4.3793193846,"hit_rate":0.6666666667,"max_drawdown":-0.175768602,"capm_alpha":0.0120816792,"capm_alpha_t":4.7306361742,"capm_beta":-0.091018577,"capm_ir_ann":1.450554139,"capm_te_ann":0.0999481138},"D10":{"mean_monthly":0.0119507201,"tstat_monthly":2.5961757788,"mean_monthly_excess":0.0043214801,"tstat_monthly_excess":0.9036545041,"ann_sharpe_excess":0.2120687367,"hit_rate":0.6101694915,"max_drawdown":-0.4525952151},"dispersion_gate":{"mode":"quantile80","blocked_months":122,"total_months":177},"delisting_risk":{"avg_ls_weighted_multiplier":0.9968785782,"avg_ls_weighted_score":0.012485687,"avg_ls_flagged":0.4745762712,"avg_ls_high":0.0,"avg_universe_flagged":1.1355932203,"avg_universe_high":0.0,"avg_universe_multiplier":0.9978720306},"LS_alpha_vs_BOVA11":{"alpha_bps_per_month":114.4998382205,"alpha_tstat":4.5442629952,"beta":-0.0906246797,"ir_ann":1.3779378138},"LS_vt_alpha_vs_BOVA11":{"alpha_bps_per_month":114.4998382205,"alpha_tstat":4.5442629952,"beta":-0.0906246797,"ir_ann":1.3779378138},"LS_pre_vt_alpha_vs_BOVA11":{"alpha_bps_per_month":112.4773152064,"alpha_tstat":4.3650381019,"beta":-0.0880133839,"ir_ann":1.2438033158},"LS_net_alpha_vs_BOVA11":{"alpha_bps_per_month":120.8167917695,"alpha_tstat":4.7306361742,"beta":-0.091018577,"ir_ann":1.450554139},"LS_financing_assumptions":{"avg_short_gross":0.5,"avg_long_gross":0.4945374236,"avg_carry":0.0037105703,"avg_borrow_cost":0.0030813671,"carry_multiplier":1.0,"borrow_cost_annual":0.08}}