bps,D10_sharpe,D10_mean,D10_t,D10_alpha_bps,D10_alpha_t,LS_mean,LS_t,LS_alpha_bps,LS_alpha_t,LS_ir,LS_mean_vt,LS_t_vt,LS_alpha_bps_vt,LS_alpha_t_vt,LS_ir_vt,LS_maxDD_vt,LS_hit_vt,avg_turnover_D10,avg_turnover_LS
20,-0.007312992190442519,0.008061178963021574,1.1166286733046333,37.814501525462006,0.8505255040136591,0.005433464039486725,2.317513940602103,54.45002293051374,2.3357086979775565,0.6720891498985095,0.005303533876970159,2.207368040220362,53.453265183814246,2.2343892310675013,0.6641149759111826,-0.11234446775096696,0.5882352941176471,0.1935445092307837,0.2855271421767586
50,-0.022121727687290135,0.007770862199175397,1.0781750655904891,34.90531175644107,0.7876165979353787,0.005005173326221587,2.1402551461912496,50.15277874553902,2.155938459934181,0.618897184889785,0.004875126305928782,2.0343217018563364,49.15175635643903,2.0591111257412114,0.6105482288599678,-0.11885890164899726,0.5784313725490197,0.1935445092307837,0.2855271421767586
100,-0.04681761660309875,0.007287000926098438,1.0137931326433893,30.056662141406157,0.6818465111468902,0.00429135547077969,1.8426345379676374,42.99070510391451,1.8544158733682854,0.530255099441236,0.004161113687526486,1.7437345064176846,41.982574977480304,1.7650683614320972,0.5212744137996731,-0.12961789018493997,0.5784313725490197,0.1935445092307837,0.2855271421767586
