{"LS":{"mean_monthly":0.0057189912,"tstat_monthly":2.4351298099,"hit_rate":0.5980392157,"max_drawdown":-0.1073229057,"capm_alpha":0.0057314852,"capm_alpha_t":2.4550665845,"capm_beta":-0.0025240375,"capm_ir_ann":0.7075493895,"capm_te_ann":0.0972056847},"LS_vt":{"mean_monthly":0.0057189912,"tstat_monthly":2.4351298099,"hit_rate":0.5980392157,"max_drawdown":-0.1073229057,"capm_alpha":0.0057314852,"capm_alpha_t":2.4550665845,"capm_beta":-0.0025240375,"capm_ir_ann":0.7075493895,"capm_te_ann":0.0972056847},"LS_pre_vt":{"mean_monthly":0.0058889437,"tstat_monthly":2.4940192362,"hit_rate":0.5980392157,"max_drawdown":-0.1065004661,"capm_alpha":0.0058784979,"capm_alpha_t":2.5231601034,"capm_beta":0.002110251,"capm_ir_ann":0.7131725786,"capm_te_ann":0.0989129101},"D10":{"mean_monthly":0.0082547235,"tstat_monthly":1.1421912959,"mean_monthly_excess":0.0000501285,"tstat_monthly_excess":0.0069278397,"ann_sharpe_excess":0.0025557339,"hit_rate":0.568627451,"max_drawdown":-0.4912745704},"LS_alpha_vs_BOVA11":{"alpha_bps_per_month":57.3148523872,"alpha_tstat":2.4550665845,"beta":-0.0025240375,"ir_ann":0.7075493895},"LS_vt_alpha_vs_BOVA11":{"alpha_bps_per_month":57.3148523872,"alpha_tstat":2.4550665845,"beta":-0.0025240375,"ir_ann":0.7075493895},"LS_pre_vt_alpha_vs_BOVA11":{"alpha_bps_per_month":58.7849792695,"alpha_tstat":2.5231601034,"beta":0.002110251,"ir_ann":0.7131725786}}