{"LS":{"mean_monthly":0.0098746463,"tstat_monthly":2.4934147469,"hit_rate":0.6526315789,"max_drawdown":-0.1616560966,"capm_alpha":0.0101918563,"capm_alpha_t":2.7491561721,"capm_beta":-0.0763638772,"capm_ir_ann":1.1897463181,"capm_te_ann":0.1027969358},"LS_vt":{"mean_monthly":0.0098746463,"tstat_monthly":2.4934147469,"hit_rate":0.6526315789,"max_drawdown":-0.1616560966,"capm_alpha":0.0101918563,"capm_alpha_t":2.7491561721,"capm_beta":-0.0763638772,"capm_ir_ann":1.1897463181,"capm_te_ann":0.1027969358},"LS_pre_vt":{"mean_monthly":0.010820891,"tstat_monthly":2.2758247948,"hit_rate":0.6526315789,"max_drawdown":-0.24458479,"capm_alpha":0.011239659,"capm_alpha_t":2.5600002344,"capm_beta":-0.1008125503,"capm_ir_ann":1.0245923736,"capm_te_ann":0.1316386024},"D10":{"mean_monthly":0.0102259874,"tstat_monthly":1.6715695,"mean_monthly_excess":0.0020476571,"tstat_monthly_excess":0.337421348,"ann_sharpe_excess":0.1135305523,"hit_rate":0.5894736842,"max_drawdown":-0.3313798861},"LS_alpha_vs_BOVA11":{"alpha_bps_per_month":101.9185632297,"alpha_tstat":2.7491561721,"beta":-0.0763638772,"ir_ann":1.1897463181},"LS_vt_alpha_vs_BOVA11":{"alpha_bps_per_month":101.9185632297,"alpha_tstat":2.7491561721,"beta":-0.0763638772,"ir_ann":1.1897463181},"LS_pre_vt_alpha_vs_BOVA11":{"alpha_bps_per_month":112.3965901199,"alpha_tstat":2.5600002344,"beta":-0.1008125503,"ir_ann":1.0245923736}}