bps,D10_sharpe,D10_mean,D10_t,D10_alpha_bps,D10_alpha_t,LS_mean,LS_t,LS_alpha_bps,LS_alpha_t,LS_ir,LS_mean_vt,LS_t_vt,LS_alpha_bps_vt,LS_alpha_t_vt,LS_ir_vt,LS_maxDD_vt,LS_hit_vt,avg_turnover_D10,avg_turnover_LS
20,0.09885633759010289,0.009961137354995883,1.6287078666096308,66.94268765902942,1.62577440573062,0.009530232545094445,2.4010875698735825,98.47440123512675,2.6496748417871143,1.1487628100399745,0.009454224965833133,2.4955430600384583,97.39120240845851,2.730385362182872,1.2167746229865417,-0.1419275038440322,0.6526315789473685,0.2648500232710759,0.34441380408962957
50,0.07683909589863115,0.00956386232008927,1.564361882687196,62.984458337314884,1.5280224084383118,0.00901361183896,2.2633216377264884,93.3081582432583,2.5013176601139464,1.0873672438006596,0.008966385348091584,2.3600099110793247,92.5110232291658,2.585156400671655,1.154925347384278,-0.14480945157589542,0.631578947368421,0.2648500232710759,0.34441380408962957
100,0.04012856452265622,0.008901737261911579,1.4569795954244416,56.387409467790675,1.3655126576922243,0.008152577328735927,2.0356478442892505,84.69775325681088,2.2563641185560837,0.9852654189898714,0.008153319318522338,2.1356851214078403,84.37739126367796,2.3450080098280157,1.0519803985931964,-0.14959436972876472,0.6,0.2648500232710759,0.34441380408962957
