{"LS":{"mean_monthly":0.0073052989,"tstat_monthly":2.0879752094,"hit_rate":0.6956521739,"max_drawdown":-0.1480691567,"capm_alpha":0.0081254471,"capm_alpha_t":2.3115079945,"capm_beta":-0.1291007064,"capm_ir_ann":1.0141407158,"capm_te_ann":0.0961457947},"LS_vt":{"mean_monthly":0.0073052989,"tstat_monthly":2.0879752094,"hit_rate":0.6956521739,"max_drawdown":-0.1480691567,"capm_alpha":0.0081254471,"capm_alpha_t":2.3115079945,"capm_beta":-0.1291007064,"capm_ir_ann":1.0141407158,"capm_te_ann":0.0961457947},"LS_pre_vt":{"mean_monthly":0.0071477856,"tstat_monthly":2.0057930246,"hit_rate":0.6956521739,"max_drawdown":-0.1636531965,"capm_alpha":0.0079822752,"capm_alpha_t":2.2290617187,"capm_beta":-0.1313581953,"capm_ir_ann":0.9591971345,"capm_te_ann":0.099861956},"D10":{"mean_monthly":0.0052107935,"tstat_monthly":0.5986421406,"mean_monthly_excess":-0.0021981439,"tstat_monthly_excess":-0.2434217983,"ann_sharpe_excess":-0.08528805,"hit_rate":0.4492753623,"max_drawdown":-0.409254815},"LS_alpha_vs_BOVA11":{"alpha_bps_per_month":81.2544709237,"alpha_tstat":2.3115079945,"beta":-0.1291007064,"ir_ann":1.0141407158},"LS_vt_alpha_vs_BOVA11":{"alpha_bps_per_month":81.2544709237,"alpha_tstat":2.3115079945,"beta":-0.1291007064,"ir_ann":1.0141407158},"LS_pre_vt_alpha_vs_BOVA11":{"alpha_bps_per_month":79.8227517425,"alpha_tstat":2.2290617187,"beta":-0.1313581953,"ir_ann":0.9591971345}}