bps,D10_sharpe,D10_mean,D10_t,D10_alpha_bps,D10_alpha_t,LS_mean,LS_t,LS_alpha_bps,LS_alpha_t,LS_ir,LS_mean_vt,LS_t_vt,LS_alpha_bps_vt,LS_alpha_t_vt,LS_ir_vt,LS_maxDD_vt,LS_hit_vt,avg_turnover_D10,avg_turnover_LS
20,-0.09619920431105611,0.004929778161752966,0.566289727007894,-22.37672337326255,-0.521431119206621,0.006962024628021081,1.9881881429709236,77.82740877640994,2.211636415237421,0.9710157235442206,0.007176773226584386,2.0617740970409195,79.8725631382715,2.284372776649631,1.0205441686835555,-0.13771200786725646,0.6956521739130435,0.2810153265867359,0.3432742275170332
50,-0.11256903888330945,0.004508255171872864,0.5177730303222424,-26.579115674884722,-0.6186348455280422,0.006447113286745531,1.8387593414711219,72.68681555554463,2.062164741149119,0.9063704991522615,0.00667016104655575,1.9165364677636043,74.81441486650955,2.1390718360952805,0.9557379582907649,-0.14009845356769723,0.6811594202898551,0.2810153265867359,0.3432742275170332
100,-0.13986012333479408,0.0038057168554060275,0.4369458407137364,-33.58310284425491,-0.7800976730403442,0.0055889277179529484,1.590425560179112,64.11916018743574,1.8139788696812553,0.7987513139140714,0.005825807413174689,1.674194297750895,66.38416774690634,1.896901967119228,0.8477384914381414,-0.14948051897578496,0.6521739130434783,0.2810153265867359,0.3432742275170332
