{"LS":{"mean_monthly":0.0084849455,"tstat_monthly":3.4646666252,"hit_rate":0.6078431373,"max_drawdown":-0.0889702184,"capm_alpha":0.0081488195,"capm_alpha_t":3.3566897191,"capm_beta":0.0679038414,"capm_ir_ann":1.0172950784,"capm_te_ann":0.0961233732},"LS_vt":{"mean_monthly":0.0084849455,"tstat_monthly":3.4646666252,"hit_rate":0.6078431373,"max_drawdown":-0.0889702184,"capm_alpha":0.0081488195,"capm_alpha_t":3.3566897191,"capm_beta":0.0679038414,"capm_ir_ann":1.0172950784,"capm_te_ann":0.0961233732},"LS_pre_vt":{"mean_monthly":0.007566229,"tstat_monthly":3.4572581581,"hit_rate":0.6078431373,"max_drawdown":-0.0757885239,"capm_alpha":0.0072155505,"capm_alpha_t":3.3814463431,"capm_beta":0.0708437412,"capm_ir_ann":1.0152350136,"capm_te_ann":0.0852872536},"D10":{"mean_monthly":0.0088255391,"tstat_monthly":1.224364046,"mean_monthly_excess":0.0006209442,"tstat_monthly_excess":0.0861460431,"ann_sharpe_excess":0.0324154913,"hit_rate":0.5784313725,"max_drawdown":-0.4661918325},"LS_alpha_vs_BOVA11":{"alpha_bps_per_month":81.4881953637,"alpha_tstat":3.3566897191,"beta":0.0679038414,"ir_ann":1.0172950784},"LS_vt_alpha_vs_BOVA11":{"alpha_bps_per_month":81.4881953637,"alpha_tstat":3.3566897191,"beta":0.0679038414,"ir_ann":1.0172950784},"LS_pre_vt_alpha_vs_BOVA11":{"alpha_bps_per_month":72.1555050875,"alpha_tstat":3.3814463431,"beta":0.0708437412,"ir_ann":1.0152350136}}