bps,D10_sharpe,D10_mean,D10_t,D10_alpha_bps,D10_alpha_t,LS_mean,LS_t,LS_alpha_bps,LS_alpha_t,LS_ir,LS_mean_vt,LS_t_vt,LS_alpha_bps_vt,LS_alpha_t_vt,LS_ir_vt,LS_maxDD_vt,LS_hit_vt,avg_turnover_D10,avg_turnover_LS
20,0.021379650327731804,0.00861410411284326,1.1962462695894867,43.688944452107755,1.0114527147525632,0.008178866350347825,3.3470825866013816,78.41344059761963,3.236206971340835,0.9786877208747232,0.00808304996981822,3.2100288703461155,78.04852673498748,3.077928014910252,0.963248813185735,-0.09990749411395383,0.5980392156862745,0.21143503373895528,0.3060791248038319
50,0.004822352631852462,0.008296951562234828,1.1539563742403132,40.50966869286047,0.9411282483935283,0.007719747663142077,3.1696221989165334,73.80130844856578,3.054505590154077,0.9207791750697312,0.007618761141353035,3.035226355725949,73.37956339709238,2.902667392843759,0.905333148378539,-0.10149384274355422,0.5784313725490197,0.21143503373895528,0.3060791248038319
100,-0.022782077006353183,0.007768363977887439,1.083171587562353,35.21087576078169,0.8228002342530917,0.006954549851132499,2.8709809725560014,66.114421533476,2.7490958906992504,0.8242886215076849,0.006844946427244394,2.7411974930620597,65.59795783393385,2.6079709790985404,0.8088245824976033,-0.10499789230854917,0.5784313725490197,0.21143503373895528,0.3060791248038319
