bps,D10_sharpe,D10_mean,D10_t,D10_alpha_bps,D10_alpha_t,LS_mean,LS_t,LS_alpha_bps,LS_alpha_t,LS_ir,LS_mean_vt,LS_t_vt,LS_alpha_bps_vt,LS_alpha_t_vt,LS_ir_vt,LS_maxDD_vt,LS_hit_vt,avg_turnover_D10,avg_turnover_LS
20,0.1924178925924749,0.011835188962547084,2.3409295705042643,53.765107649103356,1.6406176731715199,0.008028450657225513,3.6355555567733866,77.64972521563281,3.5270740347539973,0.8781046066627447,0.007354771556243856,3.3641827224917757,70.9955374019832,3.2350217418028633,0.816875555454262,-0.2405972770125412,0.592391304347826,0.09592249464907561,0.1360490987151725
50,0.18573381901075212,0.011691305220573472,2.3096165278786445,52.316994040573356,1.5934890927806884,0.007824377009152755,3.554388971035507,75.60576280761194,3.446066609131389,0.8560279201806091,0.007152570698014811,3.2801929071314158,68.96912273084332,3.151832747811222,0.79451049586792,-0.24274255077790796,0.592391304347826,0.09592249464907561,0.1360490987151725
100,0.1745975600177105,0.011451498983950781,2.2574811121863343,49.90347135969005,1.5151322312807203,0.0074842542623648235,3.416128558900773,72.19915879424386,3.308008251943236,0.8189307307275818,0.006815569267633071,3.1375383832953427,65.59176494561024,3.010467381681065,0.7569360717673417,-0.24630756234054207,0.592391304347826,0.09592249464907561,0.1360490987151725
