{"LS":{"mean_monthly":0.0074435506,"tstat_monthly":3.6129190572,"hit_rate":0.6086956522,"max_drawdown":-0.1665669652,"capm_alpha":0.0071757389,"capm_alpha_t":3.4818249383,"capm_beta":0.0400589129,"capm_ir_ann":0.8176493583,"capm_te_ann":0.1053127066},"LS_vt":{"mean_monthly":0.0074435506,"tstat_monthly":3.6129190572,"hit_rate":0.6086956522,"max_drawdown":-0.1665669652,"capm_alpha":0.0071757389,"capm_alpha_t":3.4818249383,"capm_beta":0.0400589129,"capm_ir_ann":0.8176493583,"capm_te_ann":0.1053127066},"LS_pre_vt":{"mean_monthly":0.0062658058,"tstat_monthly":3.4837711785,"hit_rate":0.6086956522,"max_drawdown":-0.1198131392,"capm_alpha":0.0060227936,"capm_alpha_t":3.3817462266,"capm_beta":0.0363494409,"capm_ir_ann":0.7898087858,"capm_te_ann":0.0915076205},"LS_net":{"mean_monthly":0.0081644998,"tstat_monthly":3.6888976387,"hit_rate":0.6032608696,"max_drawdown":-0.2160881552,"capm_alpha":0.0079012367,"capm_alpha_t":3.580295006,"capm_beta":0.0393785365,"capm_ir_ann":0.892743106,"capm_te_ann":0.1062061858},"D10":{"mean_monthly":0.0119311115,"tstat_monthly":2.3618167316,"mean_monthly_excess":0.0042664224,"tstat_monthly_excess":0.8427592547,"ann_sharpe_excess":0.1968747983,"hit_rate":0.5652173913,"max_drawdown":-0.4838801755},"dispersion_gate":{"mode":"quantile70","blocked_months":117,"total_months":184},"delisting_risk":{"avg_ls_weighted_multiplier":0.9990136273,"avg_ls_weighted_score":0.0039454907,"avg_ls_flagged":0.1739130435,"avg_ls_high":0.0,"avg_universe_flagged":0.7336956522,"avg_universe_high":0.0,"avg_universe_multiplier":0.9984233837},"LS_alpha_vs_BOVA11":{"alpha_bps_per_month":71.7573891669,"alpha_tstat":3.4818249383,"beta":0.0400589129,"ir_ann":0.8176493583},"LS_vt_alpha_vs_BOVA11":{"alpha_bps_per_month":71.7573891669,"alpha_tstat":3.4818249383,"beta":0.0400589129,"ir_ann":0.8176493583},"LS_pre_vt_alpha_vs_BOVA11":{"alpha_bps_per_month":60.2279355533,"alpha_tstat":3.3817462266,"beta":0.0363494409,"ir_ann":0.7898087858},"LS_net_alpha_vs_BOVA11":{"alpha_bps_per_month":79.012366821,"alpha_tstat":3.580295006,"beta":0.0393785365,"ir_ann":0.892743106},"LS_financing_assumptions":{"avg_short_gross":0.5,"avg_long_gross":0.5,"avg_carry":0.0050455389,"avg_borrow_cost":0.0043245898,"carry_multiplier":1.0,"borrow_cost_annual":0.08}}