{
  "max_drawdown_full": -0.16656696519591008,
  "max_drawdown_12m": -0.029555076157189553,
  "max_drawdown_24m": -0.03668025818647547,
  "worst_month": -0.05851204884018072,
  "avg_ls_multiplier": 0.9990136273138677,
  "avg_ls_score": 0.0039454907445297055,
  "last_ls_multiplier": 1.0,
  "last_ls_flagged": 0.0,
  "last_ls_high": 0.0
}