{"LS":{"mean_monthly":0.010724222,"tstat_monthly":3.0304695293,"hit_rate":0.6526315789,"max_drawdown":-0.1466413114,"capm_alpha":0.0112201447,"capm_alpha_t":3.4893691489,"capm_beta":-0.1193864611,"capm_ir_ann":1.3668027101,"capm_te_ann":0.0985085377},"LS_vt":{"mean_monthly":0.010724222,"tstat_monthly":3.0304695293,"hit_rate":0.6526315789,"max_drawdown":-0.1466413114,"capm_alpha":0.0112201447,"capm_alpha_t":3.4893691489,"capm_beta":-0.1193864611,"capm_ir_ann":1.3668027101,"capm_te_ann":0.0985085377},"LS_pre_vt":{"mean_monthly":0.0104335263,"tstat_monthly":2.7928228192,"hit_rate":0.6526315789,"max_drawdown":-0.181505257,"capm_alpha":0.0109274794,"capm_alpha_t":3.2158788519,"capm_beta":-0.1189123042,"capm_ir_ann":1.2527291396,"capm_te_ann":0.1046752633},"D10":{"mean_monthly":0.0102586209,"tstat_monthly":1.6968164435,"mean_monthly_excess":0.0020802906,"tstat_monthly_excess":0.348179358,"ann_sharpe_excess":0.1163672726,"hit_rate":0.6315789474,"max_drawdown":-0.340164511},"LS_alpha_vs_BOVA11":{"alpha_bps_per_month":112.2014468655,"alpha_tstat":3.4893691489,"beta":-0.1193864611,"ir_ann":1.3668027101},"LS_vt_alpha_vs_BOVA11":{"alpha_bps_per_month":112.2014468655,"alpha_tstat":3.4893691489,"beta":-0.1193864611,"ir_ann":1.3668027101},"LS_pre_vt_alpha_vs_BOVA11":{"alpha_bps_per_month":109.2747938013,"alpha_tstat":3.2158788519,"beta":-0.1189123042,"ir_ann":1.2527291396}}