{"LS":{"mean_monthly":0.0092887635,"tstat_monthly":2.5511612114,"hit_rate":0.6315789474,"max_drawdown":-0.1595868264,"capm_alpha":0.0096396853,"capm_alpha_t":2.8594122058,"capm_beta":-0.0844795177,"capm_ir_ann":1.1369326377,"capm_te_ann":0.101744131},"LS_vt":{"mean_monthly":0.0092887635,"tstat_monthly":2.5511612114,"hit_rate":0.6315789474,"max_drawdown":-0.1595868264,"capm_alpha":0.0096396853,"capm_alpha_t":2.8594122058,"capm_beta":-0.0844795177,"capm_ir_ann":1.1369326377,"capm_te_ann":0.101744131},"LS_pre_vt":{"mean_monthly":0.0110752369,"tstat_monthly":2.3088393458,"hit_rate":0.6315789474,"max_drawdown":-0.2546939887,"capm_alpha":0.0115663594,"capm_alpha_t":2.6379672827,"capm_beta":-0.1182308982,"capm_ir_ann":0.9939188742,"capm_te_ann":0.1396455147},"D10":{"mean_monthly":0.0101473577,"tstat_monthly":1.6236338538,"mean_monthly_excess":0.0019690274,"tstat_monthly_excess":0.3181458975,"ann_sharpe_excess":0.103986644,"hit_rate":0.6105263158,"max_drawdown":-0.337782599},"LS_alpha_vs_BOVA11":{"alpha_bps_per_month":96.3968527082,"alpha_tstat":2.8594122058,"beta":-0.0844795177,"ir_ann":1.1369326377},"LS_vt_alpha_vs_BOVA11":{"alpha_bps_per_month":96.3968527082,"alpha_tstat":2.8594122058,"beta":-0.0844795177,"ir_ann":1.1369326377},"LS_pre_vt_alpha_vs_BOVA11":{"alpha_bps_per_month":115.6635939436,"alpha_tstat":2.6379672827,"beta":-0.1182308982,"ir_ann":0.9939188742}}