bps,D10_sharpe,D10_mean,D10_t,D10_alpha_bps,D10_alpha_t,LS_mean,LS_t,LS_alpha_bps,LS_alpha_t,LS_ir,LS_mean_vt,LS_t_vt,LS_alpha_bps_vt,LS_alpha_t_vt,LS_ir_vt,LS_maxDD_vt,LS_hit_vt,avg_turnover_D10,avg_turnover_LS
20,0.08782637667466567,0.009840884020903013,1.5759360610935382,64.85566685218434,1.5273203405451283,0.008912745141489539,2.4407975163289715,92.64035232406634,2.739633867857646,1.0917782597697887,0.008658014259905377,2.525046543892161,89.70968526117692,2.80978626745662,1.1414265459684039,-0.14330823334158815,0.6210526315789474,0.30647370173685956,0.376018376894515
50,0.06356844108103264,0.009381173468297723,1.5042181773734427,60.28519344478761,1.418303672647609,0.008348717576147765,2.276367309750521,87.00560174783811,2.561224651516913,1.0241491530591997,0.008128034392521915,2.3605357353992344,84.4140400812822,2.6322521282903972,1.0729804330071842,-0.1469313366020094,0.6210526315789474,0.30647370173685956,0.376018376894515
100,0.02309272274181312,0.008614989213955575,1.3842377294904622,52.66773776579309,1.2370013868932357,0.007408671633911479,2.0053005668189865,77.61435078745772,2.267245531539694,0.9117233506669294,0.007244734613549478,2.0891340780740113,75.58796478145769,2.339488757027775,0.9591212686074867,-0.1529409053998606,0.6,0.30647370173685956,0.376018376894515
