{
  "baseline_full": {
    "months": 177,
    "mean": 0.010791535193350504,
    "cagr": 0.13487620860591298,
    "vol": 0.06828095025657616,
    "sharpe": 0.5657495362516091,
    "hit": 0.711864406779661,
    "max_dd": -0.04960823130798753,
    "skew": 0.06187504567568795,
    "kurt": -0.03747029449882122
  },
  "regime_full": {
    "months": 177,
    "mean": 0.01069704699015425,
    "cagr": 0.1335521025070252,
    "vol": 0.06894953581418847,
    "sharpe": 0.5428549056702044,
    "hit": 0.711864406779661,
    "max_dd": -0.05490867524820142,
    "skew": 0.0556733621681627,
    "kurt": 0.17451348301088698
  },
  "baseline_oos_2019_plus": {
    "months": 81,
    "mean": 0.009065877652100793,
    "cagr": 0.11172745909379111,
    "vol": 0.06966174389168502,
    "sharpe": 0.3628148318610714,
    "hit": 0.7160493827160493,
    "max_dd": -0.049608231307987416,
    "skew": -0.019829282359043156,
    "kurt": 0.660511549718338
  },
  "regime_oos_2019_plus": {
    "months": 81,
    "mean": 0.008903688404944031,
    "cagr": 0.10952522909591367,
    "vol": 0.07040937528931843,
    "sharpe": 0.33012393586993766,
    "hit": 0.7160493827160493,
    "max_dd": -0.05490867524820142,
    "skew": -0.0645968973284093,
    "kurt": 1.0649897247590623
  },
  "deflated_sharpe": {
    "baseline": 5.750528123459029,
    "regime": 5.312429926042514
  },
  "spa_regime_vs_baseline": 0.7302697302697303,
  "mean_excess_regime_minus_baseline": -9.44882031962535e-05,
  "mean_excess_regime_minus_baseline_2019_plus": -0.00016218924715676167
}