{"LS":{"mean_monthly":0.007459866,"tstat_monthly":3.5940374831,"hit_rate":0.6032608696,"max_drawdown":-0.1665669652,"capm_alpha":0.0071985405,"capm_alpha_t":3.4659783232,"capm_beta":0.0390887309,"capm_ir_ann":0.8248170716,"capm_te_ann":0.1047292647},"LS_vt":{"mean_monthly":0.007459866,"tstat_monthly":3.5940374831,"hit_rate":0.6032608696,"max_drawdown":-0.1665669652,"capm_alpha":0.0071985405,"capm_alpha_t":3.4659783232,"capm_beta":0.0390887309,"capm_ir_ann":0.8248170716,"capm_te_ann":0.1047292647},"LS_pre_vt":{"mean_monthly":0.0061503067,"tstat_monthly":3.5336199687,"hit_rate":0.6032608696,"max_drawdown":-0.1198131392,"capm_alpha":0.005919091,"capm_alpha_t":3.4240767427,"capm_beta":0.0345849302,"capm_ir_ann":0.8036316377,"capm_te_ann":0.0883851371},"LS_net":{"mean_monthly":0.0081747362,"tstat_monthly":3.6704738553,"hit_rate":0.6141304348,"max_drawdown":-0.2160881552,"capm_alpha":0.0079179688,"capm_alpha_t":3.5643171003,"capm_beta":0.0384069148,"capm_ir_ann":0.8993944934,"capm_te_ann":0.1056439935},"D10":{"mean_monthly":0.0118639602,"tstat_monthly":2.3586784905,"mean_monthly_excess":0.0041992711,"tstat_monthly_excess":0.8328285855,"ann_sharpe_excess":0.1954551493,"hit_rate":0.5706521739,"max_drawdown":-0.4838801755},"dispersion_gate":{"mode":"quantile70","blocked_months":113,"total_months":184},"delisting_risk":{"avg_ls_weighted_multiplier":0.9989785731,"avg_ls_weighted_score":0.0040857076,"avg_ls_flagged":0.1793478261,"avg_ls_high":0.0,"avg_universe_flagged":0.7336956522,"avg_universe_high":0.0,"avg_universe_multiplier":0.9984226814},"LS_alpha_vs_BOVA11":{"alpha_bps_per_month":71.9854045205,"alpha_tstat":3.4659783232,"beta":0.0390887309,"ir_ann":0.8248170716},"LS_vt_alpha_vs_BOVA11":{"alpha_bps_per_month":71.9854045205,"alpha_tstat":3.4659783232,"beta":0.0390887309,"ir_ann":0.8248170716},"LS_pre_vt_alpha_vs_BOVA11":{"alpha_bps_per_month":59.1909103917,"alpha_tstat":3.4240767427,"beta":0.0345849302,"ir_ann":0.8036316377},"LS_net_alpha_vs_BOVA11":{"alpha_bps_per_month":79.179688316,"alpha_tstat":3.5643171003,"beta":0.0384069148,"ir_ann":0.8993944934},"LS_financing_assumptions":{"avg_short_gross":0.5,"avg_long_gross":0.4999505136,"avg_carry":0.0050294571,"avg_borrow_cost":0.0043145869,"carry_multiplier":1.0,"borrow_cost_annual":0.08}}