{"LS":{"mean_monthly":0.0064098548,"tstat_monthly":2.722071615,"hit_rate":0.6078431373,"max_drawdown":-0.1397759951,"capm_alpha":0.0061371647,"capm_alpha_t":2.61006699,"capm_beta":0.0550885866,"capm_ir_ann":0.7433727987,"capm_te_ann":0.099070045},"LS_vt":{"mean_monthly":0.0064098548,"tstat_monthly":2.722071615,"hit_rate":0.6078431373,"max_drawdown":-0.1397759951,"capm_alpha":0.0061371647,"capm_alpha_t":2.61006699,"capm_beta":0.0550885866,"capm_ir_ann":0.7433727987,"capm_te_ann":0.099070045},"LS_pre_vt":{"mean_monthly":0.007215345,"tstat_monthly":2.786801952,"hit_rate":0.6078431373,"max_drawdown":-0.1526984502,"capm_alpha":0.0069028437,"capm_alpha_t":2.7202980694,"capm_beta":0.0631312147,"capm_ir_ann":0.7733653238,"capm_te_ann":0.1071086613},"D10":{"mean_monthly":0.006948175,"tstat_monthly":0.9219314609,"mean_monthly_excess":-0.00125642,"tstat_monthly_excess":-0.1664953452,"ann_sharpe_excess":-0.0600044609,"hit_rate":0.5588235294,"max_drawdown":-0.5796662566},"LS_alpha_vs_BOVA11":{"alpha_bps_per_month":61.3716472064,"alpha_tstat":2.61006699,"beta":0.0550885866,"ir_ann":0.7433727987},"LS_vt_alpha_vs_BOVA11":{"alpha_bps_per_month":61.3716472064,"alpha_tstat":2.61006699,"beta":0.0550885866,"ir_ann":0.7433727987},"LS_pre_vt_alpha_vs_BOVA11":{"alpha_bps_per_month":69.0284370898,"alpha_tstat":2.7202980694,"beta":0.0631312147,"ir_ann":0.7733653238}}