bps,D10_sharpe,D10_mean,D10_t,D10_alpha_bps,D10_alpha_t,LS_mean,LS_t,LS_alpha_bps,LS_alpha_t,LS_ir,LS_mean_vt,LS_t_vt,LS_alpha_bps_vt,LS_alpha_t_vt,LS_ir_vt,LS_maxDD_vt,LS_hit_vt,avg_turnover_D10,avg_turnover_LS
20,-0.07032968534708448,0.0067322017496361675,0.8942344232260335,23.393753346972108,0.4701937193136238,0.006113028798759832,2.597397136111092,58.39316539307606,2.4833603638152018,0.7070879083393748,0.006021129562331902,2.5437387059537095,57.69567450908707,2.416129757570026,0.6974455608738187,-0.13476825426719452,0.6078431372549019,0.2159732243065576,0.29682598628677065
50,-0.08582310856188644,0.006408241913176333,0.8525713187842381,20.1526728524773,0.40609824690747065,0.005667789819329675,2.4099723585712414,53.92544267308003,2.293142042510563,0.6526723769413625,0.005576083220918672,2.3579600996858363,53.226790184498476,2.2294660260221564,0.6431899322908589,-0.14095143567835522,0.6078431372549019,0.2159732243065576,0.29682598628677065
100,-0.11165988379580065,0.005868308852409937,0.7828201083415357,14.75087202831927,0.2985207833873739,0.004925724853612748,2.0966066980249844,46.479238139753335,1.9758111814681196,0.5620321730336192,0.004834339318563289,2.0469393045458015,45.778649643517504,1.91759664543633,0.5527828093983939,-0.1511671797096008,0.5980392156862745,0.2159732243065576,0.29682598628677065
