{"LS":{"mean_monthly":0.0107829116,"tstat_monthly":4.2210695936,"hit_rate":0.6779661017,"max_drawdown":-0.195679993,"capm_alpha":0.0113636652,"capm_alpha_t":4.6211045792,"capm_beta":-0.0917927406,"capm_ir_ann":1.3721582292,"capm_te_ann":0.0993791967},"LS_vt":{"mean_monthly":0.0107829116,"tstat_monthly":4.2210695936,"hit_rate":0.6779661017,"max_drawdown":-0.195679993,"capm_alpha":0.0113636652,"capm_alpha_t":4.6211045792,"capm_beta":-0.0917927406,"capm_ir_ann":1.3721582292,"capm_te_ann":0.0993791967},"LS_pre_vt":{"mean_monthly":0.0105131816,"tstat_monthly":3.9965555254,"hit_rate":0.6779661017,"max_drawdown":-0.2539387266,"capm_alpha":0.0110680772,"capm_alpha_t":4.421471836,"capm_beta":-0.0877056707,"capm_ir_ann":1.2407616616,"capm_te_ann":0.107044673},"LS_net":{"mean_monthly":0.0114240435,"tstat_monthly":4.4444825313,"hit_rate":0.6610169492,"max_drawdown":-0.1756300689,"capm_alpha":0.0120071867,"capm_alpha_t":4.8284873074,"capm_beta":-0.0921704425,"capm_ir_ann":1.4474600402,"capm_te_ann":0.0995441922},"D10":{"mean_monthly":0.0119507201,"tstat_monthly":2.5961757788,"mean_monthly_excess":0.0043214801,"tstat_monthly_excess":0.9036545041,"ann_sharpe_excess":0.2120687367,"hit_rate":0.6101694915,"max_drawdown":-0.4525952151},"dispersion_gate":{"mode":"quantile80","blocked_months":122,"total_months":177},"delisting_risk":{"avg_ls_weighted_multiplier":0.9968727023,"avg_ls_weighted_score":0.0125091909,"avg_ls_flagged":0.4858757062,"avg_ls_high":0.0,"avg_universe_flagged":1.1355932203,"avg_universe_high":0.0,"avg_universe_multiplier":0.9978720306},"LS_alpha_vs_BOVA11":{"alpha_bps_per_month":113.6366520985,"alpha_tstat":4.6211045792,"beta":-0.0917927406,"ir_ann":1.3721582292},"LS_vt_alpha_vs_BOVA11":{"alpha_bps_per_month":113.6366520985,"alpha_tstat":4.6211045792,"beta":-0.0917927406,"ir_ann":1.3721582292},"LS_pre_vt_alpha_vs_BOVA11":{"alpha_bps_per_month":110.6807719523,"alpha_tstat":4.421471836,"beta":-0.0877056707,"ir_ann":1.2407616616},"LS_net_alpha_vs_BOVA11":{"alpha_bps_per_month":120.0718670254,"alpha_tstat":4.8284873074,"beta":-0.0921704425,"ir_ann":1.4474600402},"LS_financing_assumptions":{"avg_short_gross":0.5,"avg_long_gross":0.4945374236,"avg_carry":0.0037611213,"avg_borrow_cost":0.0031199894,"carry_multiplier":1.0,"borrow_cost_annual":0.08}}