bps,D10_sharpe,D10_mean,D10_t,D10_alpha_bps,D10_alpha_t,LS_mean,LS_t,LS_alpha_bps,LS_alpha_t,LS_ir,LS_mean_vt,LS_t_vt,LS_alpha_bps_vt,LS_alpha_t_vt,LS_ir_vt,LS_maxDD_vt,LS_hit_vt,avg_turnover_D10,avg_turnover_LS
20,0.2059914386063555,0.011828305756527737,2.5664471544539276,57.615769274524425,2.185930429879786,0.011245149700498717,4.378856181467508,118.25405106674205,4.758714171499774,1.4269127947056952,0.011918759696958593,4.604721353746289,125.0018862622205,4.966588290267644,1.4814800927052776,-0.14898226296092698,0.6610169491525424,0.12241433245581862,0.17889376699743936
50,0.19688040813392896,0.011644684257844009,2.5219179978424586,55.75054900187754,2.1106284099906367,0.010976809050002556,4.279411951982304,115.52732712873225,4.6529366181587735,1.3957367136534373,0.011641787951452116,4.506835997846685,122.19392904132114,4.862269488054888,1.4504168996824078,-0.15276222794051075,0.6610169491525424,0.12241433245581862,0.17889376699743936
100,0.18170961862991739,0.011338648426704461,2.4478841732334793,52.641848547466125,1.985352508950768,0.010529574632508958,4.111136772395672,110.98278723204928,4.473835183434585,1.342878886151964,0.011180168375607985,4.340357904915635,117.51400033982227,4.68486683086766,1.397638391941566,-0.15903179613298235,0.6610169491525424,0.12241433245581862,0.17889376699743936
