{
  "max_drawdown_full": -0.19567999296498761,
  "max_drawdown_12m": -0.06921317859006015,
  "max_drawdown_24m": -0.06921317859006004,
  "worst_month": -0.09189365599518155,
  "avg_ls_multiplier": 0.9968727022651069,
  "avg_ls_score": 0.012509190939572432,
  "last_ls_multiplier": 1.0,
  "last_ls_flagged": 0.0,
  "last_ls_high": 0.0
}