bps,D10_sharpe,D10_mean,D10_t,D10_alpha_bps,D10_alpha_t,LS_mean,LS_t,LS_alpha_bps,LS_alpha_t,LS_ir,LS_mean_vt,LS_t_vt,LS_alpha_bps_vt,LS_alpha_t_vt,LS_ir_vt,LS_maxDD_vt,LS_hit_vt,avg_turnover_D10,avg_turnover_LS
20,0.040084044003999925,0.008959702601077712,1.3063996638329425,46.97541592546524,1.2039815954309063,0.006100705975649167,2.6066912596056584,59.70204992491195,2.583799227533237,0.7267637749185106,0.006136112426179499,2.4557035180296665,60.68237335399481,2.4489224940986647,0.7194103544047213,-0.14797698473426246,0.6274509803921569,0.2251788244435303,0.3197935389306231
50,0.022158825496800715,0.008621934364412416,1.2592526930638188,43.59274753390246,1.1218649618868661,0.005621015667253232,2.410091418193944,54.88991213261027,2.382895631543963,0.6681384051203109,0.00564312054855084,2.2669277055016583,55.731160697315524,2.2575817257549597,0.6607565189782194,-0.1497681688855933,0.6078431372549019,0.2251788244435303,0.3197935389306231
100,-0.007733841717473601,0.008058987303303589,1.180306421131929,37.954966881297786,0.9834723240839913,0.004821531819926674,2.0791310364372495,46.86968247877415,2.045034606089871,0.5703999704279661,0.004821467419169742,1.9488577651555055,47.47913960285007,1.9352121363971728,0.5629377602025497,-0.15274654005467458,0.5784313725490197,0.2251788244435303,0.3197935389306231
