{"LS":{"mean_monthly":0.0064204995,"tstat_monthly":2.736926371,"hit_rate":0.6274509804,"max_drawdown":-0.1380211651,"capm_alpha":0.0062910142,"capm_alpha_t":2.7169684349,"capm_beta":0.026158504,"capm_ir_ann":0.765835903,"capm_te_ann":0.0985748642},"LS_vt":{"mean_monthly":0.0064204995,"tstat_monthly":2.736926371,"hit_rate":0.6274509804,"max_drawdown":-0.1380211651,"capm_alpha":0.0062910142,"capm_alpha_t":2.7169684349,"capm_beta":0.026158504,"capm_ir_ann":0.765835903,"capm_te_ann":0.0985748642},"LS_pre_vt":{"mean_monthly":0.0050127581,"tstat_monthly":2.7240724901,"hit_rate":0.6274509804,"max_drawdown":-0.1103344989,"capm_alpha":0.004874289,"capm_alpha_t":2.6866037246,"capm_beta":0.027973398,"capm_ir_ann":0.7467506707,"capm_te_ann":0.0783279754},"D10":{"mean_monthly":0.0091848814,"tstat_monthly":1.3377389688,"mean_monthly_excess":0.0009802865,"tstat_monthly_excess":0.1423422603,"ann_sharpe_excess":0.0520297301,"hit_rate":0.5784313725,"max_drawdown":-0.454781949},"LS_alpha_vs_BOVA11":{"alpha_bps_per_month":62.9101417864,"alpha_tstat":2.7169684349,"beta":0.026158504,"ir_ann":0.765835903},"LS_vt_alpha_vs_BOVA11":{"alpha_bps_per_month":62.9101417864,"alpha_tstat":2.7169684349,"beta":0.026158504,"ir_ann":0.765835903},"LS_pre_vt_alpha_vs_BOVA11":{"alpha_bps_per_month":48.7428901355,"alpha_tstat":2.6866037246,"beta":0.027973398,"ir_ann":0.7467506707}}