{"LS":{"mean_monthly":0.0078126206,"tstat_monthly":4.0072581314,"hit_rate":0.6141304348,"max_drawdown":-0.1528650008,"capm_alpha":0.007401397,"capm_alpha_t":3.7708842435,"capm_beta":0.0615102632,"capm_ir_ann":0.8616821167,"capm_te_ann":0.1030737003},"LS_vt":{"mean_monthly":0.0078126206,"tstat_monthly":4.0072581314,"hit_rate":0.6141304348,"max_drawdown":-0.1528650008,"capm_alpha":0.007401397,"capm_alpha_t":3.7708842435,"capm_beta":0.0615102632,"capm_ir_ann":0.8616821167,"capm_te_ann":0.1030737003},"LS_pre_vt":{"mean_monthly":0.006401575,"tstat_monthly":3.6594010493,"hit_rate":0.6141304348,"max_drawdown":-0.1148922242,"capm_alpha":0.0060690952,"capm_alpha_t":3.4903197164,"capm_beta":0.0497318738,"capm_ir_ann":0.8053603483,"capm_te_ann":0.0904305044},"LS_net":{"mean_monthly":0.0085753911,"tstat_monthly":4.1828799055,"hit_rate":0.625,"max_drawdown":-0.1391304337,"capm_alpha":0.0081684255,"capm_alpha_t":3.9549284219,"capm_beta":0.0608733692,"capm_ir_ann":0.9464320788,"capm_te_ann":0.1035690869},"D10":{"mean_monthly":0.0127738762,"tstat_monthly":2.4271574993,"mean_monthly_excess":0.0051091872,"tstat_monthly_excess":0.9657718612,"ann_sharpe_excess":0.2292197761,"hit_rate":0.5597826087,"max_drawdown":-0.4870498709},"dispersion_gate":{"mode":"quantile80","blocked_months":133,"total_months":184},"delisting_risk":{"avg_ls_weighted_multiplier":0.9989820351,"avg_ls_weighted_score":0.0040718595,"avg_ls_flagged":0.152173913,"avg_ls_high":0.0,"avg_universe_flagged":0.7336956522,"avg_universe_high":0.0,"avg_universe_multiplier":0.9984233837},"LS_alpha_vs_BOVA11":{"alpha_bps_per_month":74.0139701763,"alpha_tstat":3.7708842435,"beta":0.0615102632,"ir_ann":0.8616821167},"LS_vt_alpha_vs_BOVA11":{"alpha_bps_per_month":74.0139701763,"alpha_tstat":3.7708842435,"beta":0.0615102632,"ir_ann":0.8616821167},"LS_pre_vt_alpha_vs_BOVA11":{"alpha_bps_per_month":60.6909520916,"alpha_tstat":3.4903197164,"beta":0.0497318738,"ir_ann":0.8053603483},"LS_net_alpha_vs_BOVA11":{"alpha_bps_per_month":81.6842552029,"alpha_tstat":3.9549284219,"beta":0.0608733692,"ir_ann":0.9464320788},"LS_financing_assumptions":{"avg_short_gross":0.5,"avg_long_gross":0.5,"avg_carry":0.005126471,"avg_borrow_cost":0.0043637004,"carry_multiplier":1.0,"borrow_cost_annual":0.08}}