bps,D10_sharpe,D10_mean,D10_t,D10_alpha_bps,D10_alpha_t,LS_mean,LS_t,LS_alpha_bps,LS_alpha_t,LS_ir,LS_mean_vt,LS_t_vt,LS_alpha_bps_vt,LS_alpha_t_vt,LS_ir_vt,LS_maxDD_vt,LS_hit_vt,avg_turnover_D10,avg_turnover_LS
20,0.2256053593768357,0.012694146667977305,2.409869354092,62.35079768268385,1.8202532496095194,0.008462500605831869,4.131078123701123,80.54684912711215,3.904947958099015,0.9337873897912474,0.008088761059216755,4.028767926656338,76.62333960267404,3.75779287215232,0.8949660202721752,-0.1628199758780131,0.6195652173913043,0.07972953582900208,0.11289052860457909
50,0.2201844679348654,0.012574552364233802,2.3839548526621286,61.144322551826136,1.781069073017683,0.008293164812925,4.052245964205411,78.84074001336077,3.828814242997738,0.9147114909904597,0.00791902306923762,3.9447614108795057,74.91166644113682,3.677524615502776,0.8756719946586999,-0.1628199758780131,0.6195652173913043,0.07972953582900208,0.11289052860457909
100,0.2111519376974476,0.012375228524661297,2.3408153397626994,59.13353066706326,1.7159684361597807,0.008010938491413553,3.918000507891975,75.99722482377513,3.698956499865634,0.8826419671867427,0.007636126419272395,3.8021512574717073,72.05887783857482,3.5410405969691374,0.8432338178564243,-0.162819975878013,0.6195652173913043,0.07972953582900208,0.11289052860457909
