{
  "max_drawdown_full": -0.1528650008013146,
  "max_drawdown_12m": -0.02314958706457315,
  "max_drawdown_24m": -0.03536434463288851,
  "worst_month": -0.055452457696605444,
  "avg_ls_multiplier": 0.9989820351361306,
  "avg_ls_score": 0.0040718594554781965,
  "last_ls_multiplier": 1.0,
  "last_ls_flagged": 0.0,
  "last_ls_high": 0.0
}