{"LS":{"mean_monthly":0.005692317,"tstat_monthly":2.4611566999,"hit_rate":0.5980392157,"max_drawdown":-0.1122641279,"capm_alpha":0.0057614705,"capm_alpha_t":2.5297017465,"capm_beta":-0.0139703364,"capm_ir_ann":0.7130281706,"capm_te_ann":0.0969634148},"LS_vt":{"mean_monthly":0.005692317,"tstat_monthly":2.4611566999,"hit_rate":0.5980392157,"max_drawdown":-0.1122641279,"capm_alpha":0.0057614705,"capm_alpha_t":2.5297017465,"capm_beta":-0.0139703364,"capm_ir_ann":0.7130281706,"capm_te_ann":0.0969634148},"LS_pre_vt":{"mean_monthly":0.0057829758,"tstat_monthly":2.5045682761,"hit_rate":0.5980392157,"max_drawdown":-0.1116057933,"capm_alpha":0.0058338222,"capm_alpha_t":2.5787977224,"capm_beta":-0.0102719284,"capm_ir_ann":0.722587357,"capm_te_ann":0.096882218},"D10":{"mean_monthly":0.0079684152,"tstat_monthly":1.075692483,"mean_monthly_excess":-0.0002361797,"tstat_monthly_excess":-0.0318232623,"ann_sharpe_excess":-0.0119554353,"hit_rate":0.568627451,"max_drawdown":-0.5243809201},"LS_alpha_vs_BOVA11":{"alpha_bps_per_month":57.6147052077,"alpha_tstat":2.5297017465,"beta":-0.0139703364,"ir_ann":0.7130281706},"LS_vt_alpha_vs_BOVA11":{"alpha_bps_per_month":57.6147052077,"alpha_tstat":2.5297017465,"beta":-0.0139703364,"ir_ann":0.7130281706},"LS_pre_vt_alpha_vs_BOVA11":{"alpha_bps_per_month":58.3382215632,"alpha_tstat":2.5787977224,"beta":-0.0102719284,"ir_ann":0.722587357}}