bps,D10_sharpe,D10_mean,D10_t,D10_alpha_bps,D10_alpha_t,LS_mean,LS_t,LS_alpha_bps,LS_alpha_t,LS_ir,LS_mean_vt,LS_t_vt,LS_alpha_bps_vt,LS_alpha_t_vt,LS_ir_vt,LS_maxDD_vt,LS_hit_vt,avg_turnover_D10,avg_turnover_LS
20,-0.021763185408519653,0.007774699746590178,1.0507125499217795,34.63544257966621,0.7545356620200474,0.005417749754511583,2.3467081365881364,54.857547665102,2.4124001946315565,0.6787644235319166,0.0053133131881811695,2.2428491695326085,54.05777878935345,2.313494211174309,0.6682588359619371,-0.11694254639432322,0.5980392156862745,0.1937154530291785,0.2745672052364295
50,-0.036477841366888045,0.007484126567046409,1.0131333964037972,31.72247562328332,0.6933270912427129,0.0050058989466569385,2.1741619116060207,50.721811351167716,2.235658898340124,0.6273751458424238,0.004898590067956425,2.0733625683326515,49.88983283066714,2.139959377394137,0.6165501493955733,-0.12312672658010793,0.5882352941176471,0.1937154530291785,0.2745672052364295
100,-0.06100994948307043,0.006999837934473462,0.9502099618156372,26.867530695978452,0.5904066826997366,0.004319480933565866,1.8842968288590156,43.82891749461058,1.9390396837729005,0.5417581924516123,0.0042073848675818456,1.7886385385293737,42.94325623285664,1.848753539234519,0.5303922194240424,-0.13334472868225933,0.5882352941176471,0.1937154530291785,0.2745672052364295
