bps,D10_sharpe,D10_mean,D10_t,D10_alpha_bps,D10_alpha_t,LS_mean,LS_t,LS_alpha_bps,LS_alpha_t,LS_ir,LS_mean_vt,LS_t_vt,LS_alpha_bps_vt,LS_alpha_t_vt,LS_ir_vt,LS_maxDD_vt,LS_hit_vt,avg_turnover_D10,avg_turnover_LS
20,0.08281375228386292,0.009721020852661886,1.5841070306504115,62.06006964173373,1.5643612178564683,0.011780541496287227,3.290818622550035,121.47494184289206,3.649146843188444,1.4535161642265122,0.011707476391247553,3.359233288092313,120.44203220327029,3.695303133859628,1.5139402505450008,-0.11555855919246627,0.6631578947368421,0.30613439536040143,0.3826712561173816
50,0.058184715311722354,0.00926181925962128,1.5111300650651376,57.490923488507356,1.446696859891822,0.011206534612111154,3.1199461612199086,115.73924297053605,3.4650142977183593,1.3835842768560729,0.011160008037695693,3.194074780877917,114.96857800053586,3.517826180959577,1.4441451391417255,-0.1190902366098473,0.6631578947368421,0.30613439536040143,0.3826712561173816
100,0.017095558878002518,0.008496483271220278,1.3890519110200483,49.87567989979674,1.251390650024647,0.010249856471817701,2.8375753685110445,106.17974484994265,3.160736816797134,1.267251579854661,0.010247560781775931,2.9205362120331544,105.84615432931176,3.224013292702302,1.3279578512138175,-0.12494964199137393,0.6421052631578947,0.30613439536040143,0.3826712561173816
