{"LS":{"mean_monthly":0.0121632128,"tstat_monthly":3.4053379254,"hit_rate":0.6736842105,"max_drawdown":-0.1320815648,"capm_alpha":0.0125298741,"capm_alpha_t":3.772553522,"capm_beta":-0.0882686079,"capm_ir_ann":1.5001893642,"capm_te_ann":0.10022634},"LS_vt":{"mean_monthly":0.0121632128,"tstat_monthly":3.4053379254,"hit_rate":0.6736842105,"max_drawdown":-0.1320815648,"capm_alpha":0.0125298741,"capm_alpha_t":3.772553522,"capm_beta":-0.0882686079,"capm_ir_ann":1.5001893642,"capm_te_ann":0.10022634},"LS_pre_vt":{"mean_monthly":0.0131306628,"tstat_monthly":3.2744835705,"hit_rate":0.6736842105,"max_drawdown":-0.1825869642,"capm_alpha":0.013550565,"capm_alpha_t":3.6459299094,"capm_beta":-0.1010855938,"capm_ir_ann":1.385167349,"capm_te_ann":0.1173914331},"D10":{"mean_monthly":0.0100271552,"tstat_monthly":1.6326441718,"mean_monthly_excess":0.0018488249,"tstat_monthly_excess":0.3051011466,"ann_sharpe_excess":0.0992226874,"hit_rate":0.6,"max_drawdown":-0.3328140916},"LS_alpha_vs_BOVA11":{"alpha_bps_per_month":125.2987410911,"alpha_tstat":3.772553522,"beta":-0.0882686079,"ir_ann":1.5001893642},"LS_vt_alpha_vs_BOVA11":{"alpha_bps_per_month":125.2987410911,"alpha_tstat":3.772553522,"beta":-0.0882686079,"ir_ann":1.5001893642},"LS_pre_vt_alpha_vs_BOVA11":{"alpha_bps_per_month":135.5056501229,"alpha_tstat":3.6459299094,"beta":-0.1010855938,"ir_ann":1.385167349}}