bps,D10_sharpe,D10_mean,D10_t,D10_alpha_bps,D10_alpha_t,LS_mean,LS_t,LS_alpha_bps,LS_alpha_t,LS_ir,LS_mean_vt,LS_t_vt,LS_alpha_bps_vt,LS_alpha_t_vt,LS_ir_vt,LS_maxDD_vt,LS_hit_vt,avg_turnover_D10,avg_turnover_LS
20,0.06620797263583725,0.00942116364235833,1.5111922843443866,59.20111654929219,1.43001926001481,0.010439055297870634,2.7794858650161927,107.62407700179403,3.0435594607969554,1.2769427744760533,0.010563556938223851,2.889981041674953,108.6213167538782,3.1361668498479656,1.3532288973521875,-0.1416340713934381,0.6631578947368421,0.2871599745283955,0.36250462959919916
50,0.04327813330470173,0.008990423680565737,1.4436030817516776,54.91374039656088,1.324822215176513,0.009895298353471834,2.6249007340050223,102.1903461546548,2.878539138225406,1.2110313518724174,0.010044688778804281,2.740669400959366,103.43595435139467,2.97785402471406,1.2874498794559095,-0.14489447686860002,0.6526315789473685,0.2871599745283955,0.36250462959919916
100,0.005022899992005354,0.008272523744244748,1.3306066243464725,47.7681134753421,1.1500094794150288,0.008989036779473837,2.3696873160056953,93.1341280760895,2.6062347663768843,1.101461413361546,0.009179908513104998,2.4934585447314963,94.79368368058876,2.7158706212053647,1.1780133825518297,-0.15030505137973804,0.6526315789473685,0.2871599745283955,0.36250462959919916
