{"LS":{"mean_monthly":0.0108015599,"tstat_monthly":2.883150701,"hit_rate":0.6631578947,"max_drawdown":-0.159878282,"capm_alpha":0.0111246564,"capm_alpha_t":3.154256702,"capm_beta":-0.0777809753,"capm_ir_ann":1.3209512798,"capm_te_ann":0.1010604094},"LS_vt":{"mean_monthly":0.0108015599,"tstat_monthly":2.883150701,"hit_rate":0.6631578947,"max_drawdown":-0.159878282,"capm_alpha":0.0111246564,"capm_alpha_t":3.154256702,"capm_beta":-0.0777809753,"capm_ir_ann":1.3209512798,"capm_te_ann":0.1010604094},"LS_pre_vt":{"mean_monthly":0.0113125662,"tstat_monthly":2.7137950347,"hit_rate":0.6631578947,"max_drawdown":-0.216006735,"capm_alpha":0.0116829996,"capm_alpha_t":3.0067445518,"capm_beta":-0.0891766736,"capm_ir_ann":1.1939211725,"capm_te_ann":0.1174248341},"D10":{"mean_monthly":0.0097083236,"tstat_monthly":1.5561637013,"mean_monthly_excess":0.0015299933,"tstat_monthly_excess":0.246906843,"ann_sharpe_excess":0.0814846574,"hit_rate":0.6105263158,"max_drawdown":-0.3607966737},"LS_alpha_vs_BOVA11":{"alpha_bps_per_month":111.2465642332,"alpha_tstat":3.154256702,"beta":-0.0777809753,"ir_ann":1.3209512798},"LS_vt_alpha_vs_BOVA11":{"alpha_bps_per_month":111.2465642332,"alpha_tstat":3.154256702,"beta":-0.0777809753,"ir_ann":1.3209512798},"LS_pre_vt_alpha_vs_BOVA11":{"alpha_bps_per_month":116.8299963841,"alpha_tstat":3.0067445518,"beta":-0.0891766736,"ir_ann":1.1939211725}}