{"LS":{"mean_monthly":0.0124324334,"tstat_monthly":3.4961063205,"hit_rate":0.6736842105,"max_drawdown":-0.1258865761,"capm_alpha":0.0128233467,"capm_alpha_t":3.8693240701,"capm_beta":-0.094106919,"capm_ir_ann":1.5416414196,"capm_te_ann":0.0998157925},"LS_vt":{"mean_monthly":0.0124324334,"tstat_monthly":3.4961063205,"hit_rate":0.6736842105,"max_drawdown":-0.1258865761,"capm_alpha":0.0128233467,"capm_alpha_t":3.8693240701,"capm_beta":-0.094106919,"capm_ir_ann":1.5416414196,"capm_te_ann":0.0998157925},"LS_pre_vt":{"mean_monthly":0.0131842385,"tstat_monthly":3.3738042794,"hit_rate":0.6736842105,"max_drawdown":-0.1717538542,"capm_alpha":0.0136211597,"capm_alpha_t":3.7548133768,"capm_beta":-0.1051826759,"capm_ir_ann":1.434894692,"capm_te_ann":0.1139135277},"D10":{"mean_monthly":0.0102449852,"tstat_monthly":1.673006366,"mean_monthly_excess":0.0020666549,"tstat_monthly_excess":0.3411441638,"ann_sharpe_excess":0.1125139163,"hit_rate":0.6,"max_drawdown":-0.3415309177},"LS_alpha_vs_BOVA11":{"alpha_bps_per_month":128.2334667015,"alpha_tstat":3.8693240701,"beta":-0.094106919,"ir_ann":1.5416414196},"LS_vt_alpha_vs_BOVA11":{"alpha_bps_per_month":128.2334667015,"alpha_tstat":3.8693240701,"beta":-0.094106919,"ir_ann":1.5416414196},"LS_pre_vt_alpha_vs_BOVA11":{"alpha_bps_per_month":136.2115968901,"alpha_tstat":3.7548133768,"beta":-0.1051826759,"ir_ann":1.434894692}}