{"LS":{"mean_monthly":0.0098310814,"tstat_monthly":2.5643621943,"hit_rate":0.6210526316,"max_drawdown":-0.1591818024,"capm_alpha":0.0101497797,"capm_alpha_t":2.8232734404,"capm_beta":-0.0767221852,"capm_ir_ann":1.2058998105,"capm_te_ann":0.1010012241},"LS_vt":{"mean_monthly":0.0098310814,"tstat_monthly":2.5643621943,"hit_rate":0.6210526316,"max_drawdown":-0.1591818024,"capm_alpha":0.0101497797,"capm_alpha_t":2.8232734404,"capm_beta":-0.0767221852,"capm_ir_ann":1.2058998105,"capm_te_ann":0.1010012241},"LS_pre_vt":{"mean_monthly":0.0106098995,"tstat_monthly":2.4030456515,"hit_rate":0.6210526316,"max_drawdown":-0.2234545731,"capm_alpha":0.0110029565,"capm_alpha_t":2.6889608325,"capm_beta":-0.0946229815,"capm_ir_ann":1.0777878905,"capm_te_ann":0.1225059948},"D10":{"mean_monthly":0.0098275105,"tstat_monthly":1.6154229113,"mean_monthly_excess":0.0016491802,"tstat_monthly_excess":0.2727821747,"ann_sharpe_excess":0.0910227108,"hit_rate":0.5894736842,"max_drawdown":-0.3365529837},"LS_alpha_vs_BOVA11":{"alpha_bps_per_month":101.4977974848,"alpha_tstat":2.8232734404,"beta":-0.0767221852,"ir_ann":1.2058998105},"LS_vt_alpha_vs_BOVA11":{"alpha_bps_per_month":101.4977974848,"alpha_tstat":2.8232734404,"beta":-0.0767221852,"ir_ann":1.2058998105},"LS_pre_vt_alpha_vs_BOVA11":{"alpha_bps_per_month":110.0295647101,"alpha_tstat":2.6889608325,"beta":-0.0946229815,"ir_ann":1.0777878905}}