{"LS":{"mean_monthly":0.0088154848,"tstat_monthly":2.436488379,"hit_rate":0.6,"max_drawdown":-0.1472748624,"capm_alpha":0.0091826699,"capm_alpha_t":2.7432510303,"capm_beta":-0.0883946877,"capm_ir_ann":1.0891738053,"capm_te_ann":0.1011702981},"LS_vt":{"mean_monthly":0.0088154848,"tstat_monthly":2.436488379,"hit_rate":0.6,"max_drawdown":-0.1472748624,"capm_alpha":0.0091826699,"capm_alpha_t":2.7432510303,"capm_beta":-0.0883946877,"capm_ir_ann":1.0891738053,"capm_te_ann":0.1011702981},"LS_pre_vt":{"mean_monthly":0.0108653469,"tstat_monthly":2.1966107498,"hit_rate":0.6,"max_drawdown":-0.2391647031,"capm_alpha":0.0114104741,"capm_alpha_t":2.5168197322,"capm_beta":-0.1312317717,"capm_ir_ann":0.9770061393,"capm_te_ann":0.1401482378},"D10":{"mean_monthly":0.008963285,"tstat_monthly":1.485681454,"mean_monthly_excess":0.0007849547,"tstat_monthly_excess":0.13096884,"ann_sharpe_excess":0.0417056539,"hit_rate":0.6,"max_drawdown":-0.3534847703},"LS_alpha_vs_BOVA11":{"alpha_bps_per_month":91.8266987591,"alpha_tstat":2.7432510303,"beta":-0.0883946877,"ir_ann":1.0891738053},"LS_vt_alpha_vs_BOVA11":{"alpha_bps_per_month":91.8266987591,"alpha_tstat":2.7432510303,"beta":-0.0883946877,"ir_ann":1.0891738053},"LS_pre_vt_alpha_vs_BOVA11":{"alpha_bps_per_month":114.1047406329,"alpha_tstat":2.5168197322,"beta":-0.1312317717,"ir_ann":0.9770061393}}