{"LS":{"mean_monthly":0.0076237243,"tstat_monthly":3.1123701805,"hit_rate":0.5980392157,"max_drawdown":-0.1239452672,"capm_alpha":0.0074612127,"capm_alpha_t":3.1167968604,"capm_beta":0.0328304337,"capm_ir_ann":0.9071881283,"capm_te_ann":0.0986945816},"LS_vt":{"mean_monthly":0.0076237243,"tstat_monthly":3.1123701805,"hit_rate":0.5980392157,"max_drawdown":-0.1239452672,"capm_alpha":0.0074612127,"capm_alpha_t":3.1167968604,"capm_beta":0.0328304337,"capm_ir_ann":0.9071881283,"capm_te_ann":0.0986945816},"LS_pre_vt":{"mean_monthly":0.0061512977,"tstat_monthly":3.0242916541,"hit_rate":0.5980392157,"max_drawdown":-0.1075150345,"capm_alpha":0.0059832859,"capm_alpha_t":3.038310352,"capm_beta":0.033941587,"capm_ir_ann":0.8801961197,"capm_te_ann":0.0815720828},"D10":{"mean_monthly":0.009215153,"tstat_monthly":1.3274465727,"mean_monthly_excess":0.0010105581,"tstat_monthly_excess":0.145438528,"ann_sharpe_excess":0.053330124,"hit_rate":0.568627451,"max_drawdown":-0.4516605618},"LS_alpha_vs_BOVA11":{"alpha_bps_per_month":74.6121272747,"alpha_tstat":3.1167968604,"beta":0.0328304337,"ir_ann":0.9071881283},"LS_vt_alpha_vs_BOVA11":{"alpha_bps_per_month":74.6121272747,"alpha_tstat":3.1167968604,"beta":0.0328304337,"ir_ann":0.9071881283},"LS_pre_vt_alpha_vs_BOVA11":{"alpha_bps_per_month":59.832858935,"alpha_tstat":3.038310352,"beta":0.033941587,"ir_ann":0.8801961197}}