bps,D10_sharpe,D10_mean,D10_t,D10_alpha_bps,D10_alpha_t,LS_mean,LS_t,LS_alpha_bps,LS_alpha_t,LS_ir,LS_mean_vt,LS_t_vt,LS_alpha_bps_vt,LS_alpha_t_vt,LS_ir_vt,LS_maxDD_vt,LS_hit_vt,avg_turnover_D10,avg_turnover_LS
20,0.04184660823038012,0.008997504744368529,1.297365996570551,47.30274966934841,1.194750276450033,0.00731978557319903,2.994949201963398,71.55814712907512,2.995191298218485,0.8698751676369681,0.007378754405451931,2.8994531703173596,72.76037631448595,2.8915757874527745,0.8687303332295717,-0.1284826488779217,0.5882352941176471,0.217648237746277,0.3039387315561284
50,0.02461876307839014,0.008671032387749111,1.2521287382338075,44.027932168616246,1.1162311514637007,0.006863877475864838,2.817738988268146,66.97717691059839,2.8117678678930225,0.8139112324270147,0.0069122589851778275,2.7262917931791955,68.06741333483235,2.7149622888518143,0.8125066350081475,-0.1300789992343918,0.5882352941176471,0.217648237746277,0.3039387315561284
100,-0.004100685550079428,0.008126911793383417,1.1764231195518264,38.56990300072931,0.984020904557087,0.006104030646974516,2.5195304173899613,59.342226546470464,2.5033853879758277,0.7206670943373931,0.006134766618054321,2.434535813233334,60.24580836874307,2.4174755094158527,0.7188054322012918,-0.13273419920489637,0.5784313725490197,0.217648237746277,0.3039387315561284
