{"LS":{"mean_monthly":0.005746784,"tstat_monthly":2.3839001912,"hit_rate":0.6274509804,"max_drawdown":-0.1446242095,"capm_alpha":0.0059148845,"capm_alpha_t":2.475493258,"capm_beta":-0.0339595009,"capm_ir_ann":0.7070597581,"capm_te_ann":0.1003855939},"LS_vt":{"mean_monthly":0.005746784,"tstat_monthly":2.3839001912,"hit_rate":0.6274509804,"max_drawdown":-0.1446242095,"capm_alpha":0.0059148845,"capm_alpha_t":2.475493258,"capm_beta":-0.0339595009,"capm_ir_ann":0.7070597581,"capm_te_ann":0.1003855939},"LS_pre_vt":{"mean_monthly":0.0066252891,"tstat_monthly":2.4951364634,"hit_rate":0.6274509804,"max_drawdown":-0.1582515588,"capm_alpha":0.006736618,"capm_alpha_t":2.5888120989,"capm_beta":-0.022490554,"capm_ir_ann":0.7477718465,"capm_te_ann":0.1081070605},"D10":{"mean_monthly":0.0068013991,"tstat_monthly":0.8880453496,"mean_monthly_excess":-0.0014031958,"tstat_monthly_excess":-0.1828302345,"ann_sharpe_excess":-0.0673866111,"hit_rate":0.5490196078,"max_drawdown":-0.5966002026},"LS_alpha_vs_BOVA11":{"alpha_bps_per_month":59.1488447793,"alpha_tstat":2.475493258,"beta":-0.0339595009,"ir_ann":0.7070597581},"LS_vt_alpha_vs_BOVA11":{"alpha_bps_per_month":59.1488447793,"alpha_tstat":2.475493258,"beta":-0.0339595009,"ir_ann":0.7070597581},"LS_pre_vt_alpha_vs_BOVA11":{"alpha_bps_per_month":67.3661802213,"alpha_tstat":2.5888120989,"beta":-0.022490554,"ir_ann":0.7477718465}}