bps,D10_sharpe,D10_mean,D10_t,D10_alpha_bps,D10_alpha_t,LS_mean,LS_t,LS_alpha_bps,LS_alpha_t,LS_ir,LS_mean_vt,LS_t_vt,LS_alpha_bps_vt,LS_alpha_t_vt,LS_ir_vt,LS_maxDD_vt,LS_hit_vt,avg_turnover_D10,avg_turnover_LS
20,-0.07675864365227004,0.00660647014010401,0.8634940069957346,21.984883129424585,0.4335509744130218,0.005465463191686526,2.2681462897658946,56.33031738208616,2.3577839789596053,0.6733563182632124,0.005103041969193769,2.118944470728527,53.41967024139381,2.2326678977331373,0.6393320300279988,-0.1391639747912622,0.6274509803921569,0.19492898169368764,0.28132079431099044
50,-0.09082133680480357,0.0063140766675634785,0.8265658890992832,19.056239946128724,0.3767696014116443,0.00504348200022004,2.09420952167921,52.10252628619497,2.181037652154857,0.6227801885435976,0.004685034446996317,1.9449717122034467,49.22843458412395,2.056682905186718,0.5892306749785822,-0.1452328579822807,0.6274509803921569,0.19492898169368764,0.28132079431099044
100,-0.11427111735415942,0.005826754213329258,0.7647498901817639,14.175167973968904,0.2814681460531592,0.004340180014442563,1.8035894899480962,45.056207793043015,1.886071296840861,0.5384473752286455,0.003988355243333897,1.6547698702092954,42.24304182200752,1.7632304247831538,0.5056512397463994,-0.1552608417666086,0.6176470588235294,0.19492898169368764,0.28132079431099044
