{"LS":{"mean_monthly":0.0082530174,"tstat_monthly":2.309433768,"hit_rate":0.6956521739,"max_drawdown":-0.1367989442,"capm_alpha":0.0088454757,"capm_alpha_t":2.4319206707,"capm_beta":-0.0932597124,"capm_ir_ann":1.0887522125,"capm_te_ann":0.0974929901},"LS_vt":{"mean_monthly":0.0082530174,"tstat_monthly":2.309433768,"hit_rate":0.6956521739,"max_drawdown":-0.1367989442,"capm_alpha":0.0088454757,"capm_alpha_t":2.4319206707,"capm_beta":-0.0932597124,"capm_ir_ann":1.0887522125,"capm_te_ann":0.0974929901},"LS_pre_vt":{"mean_monthly":0.0069598163,"tstat_monthly":2.21828857,"hit_rate":0.6956521739,"max_drawdown":-0.1366718173,"capm_alpha":0.0074939036,"capm_alpha_t":2.3771646346,"capm_beta":-0.0840714429,"capm_ir_ann":1.0210447859,"capm_te_ann":0.0880733578},"D10":{"mean_monthly":0.0046683791,"tstat_monthly":0.5297884638,"mean_monthly_excess":-0.0027405583,"tstat_monthly_excess":-0.297313492,"ann_sharpe_excess":-0.1066746552,"hit_rate":0.4637681159,"max_drawdown":-0.4047215069},"LS_alpha_vs_BOVA11":{"alpha_bps_per_month":88.4547572317,"alpha_tstat":2.4319206707,"beta":-0.0932597124,"ir_ann":1.0887522125},"LS_vt_alpha_vs_BOVA11":{"alpha_bps_per_month":88.4547572317,"alpha_tstat":2.4319206707,"beta":-0.0932597124,"ir_ann":1.0887522125},"LS_pre_vt_alpha_vs_BOVA11":{"alpha_bps_per_month":74.9390356638,"alpha_tstat":2.3771646346,"beta":-0.0840714429,"ir_ann":1.0210447859}}