{"LS":{"mean_monthly":0.0107000113,"tstat_monthly":2.8295129391,"hit_rate":0.6631578947,"max_drawdown":-0.1566392124,"capm_alpha":0.0110279812,"capm_alpha_t":3.0959277728,"capm_beta":-0.0789541936,"capm_ir_ann":1.3089192679,"capm_te_ann":0.1011030839},"LS_vt":{"mean_monthly":0.0107000113,"tstat_monthly":2.8295129391,"hit_rate":0.6631578947,"max_drawdown":-0.1566392124,"capm_alpha":0.0110279812,"capm_alpha_t":3.0959277728,"capm_beta":-0.0789541936,"capm_ir_ann":1.3089192679,"capm_te_ann":0.1011030839},"LS_pre_vt":{"mean_monthly":0.0111846055,"tstat_monthly":2.6578296569,"hit_rate":0.6631578947,"max_drawdown":-0.2132433726,"capm_alpha":0.0115608155,"capm_alpha_t":2.9449930519,"capm_beta":-0.0905672933,"capm_ir_ann":1.1781329979,"capm_te_ann":0.1177539259},"D10":{"mean_monthly":0.0099125271,"tstat_monthly":1.597934064,"mean_monthly_excess":0.0017341968,"tstat_monthly_excess":0.2816289575,"ann_sharpe_excess":0.0934394623,"hit_rate":0.6105263158,"max_drawdown":-0.3592389448},"LS_alpha_vs_BOVA11":{"alpha_bps_per_month":110.2798121053,"alpha_tstat":3.0959277728,"beta":-0.0789541936,"ir_ann":1.3089192679},"LS_vt_alpha_vs_BOVA11":{"alpha_bps_per_month":110.2798121053,"alpha_tstat":3.0959277728,"beta":-0.0789541936,"ir_ann":1.3089192679},"LS_pre_vt_alpha_vs_BOVA11":{"alpha_bps_per_month":115.6081547479,"alpha_tstat":2.9449930519,"beta":-0.0905672933,"ir_ann":1.1781329979}}