bps,D10_sharpe,D10_mean,D10_t,D10_alpha_bps,D10_alpha_t,LS_mean,LS_t,LS_alpha_bps,LS_alpha_t,LS_ir,LS_mean_vt,LS_t_vt,LS_alpha_bps_vt,LS_alpha_t_vt,LS_ir_vt,LS_maxDD_vt,LS_hit_vt,avg_turnover_D10,avg_turnover_LS
20,0.07804753525116939,0.009626508402981414,1.5529069788154464,61.55966314187369,1.4836831506956576,0.010343038292654854,2.7284476626957463,106.71268887751914,2.9881099591246176,1.2655883892281556,0.010456303756952504,2.8342647916745687,107.60490798156042,3.0775006439633583,1.3412780971996663,-0.13788031566223902,0.6631578947368421,0.2860186597028701,0.3569729587200986
50,0.05494544971517157,0.00919748041342711,1.4852340051021884,57.289650228273025,1.3791493462720419,0.009807578854574705,2.577722888041606,101.36200403584374,2.8273581923926754,1.2006929959123829,0.009945847654698636,2.68877873396693,102.5032922454545,2.9232706240461925,1.2764979409985344,-0.14112266515717764,0.6526315789473685,0.2860186597028701,0.3569729587200986
100,0.0164048195522137,0.008482433764169933,1.3720974175216898,50.17296203893859,1.2054068472270356,0.00891514645777446,2.3288408139167034,92.44419596638478,2.562035645824719,1.092814894535764,0.009095087484275519,2.4478799504591064,94.00059935194466,2.668015860151044,1.168728885451443,-0.14650352168855774,0.6526315789473685,0.2860186597028701,0.3569729587200986
