{"LS":{"mean_monthly":0.0100671427,"tstat_monthly":4.1238013221,"hit_rate":0.6723163842,"max_drawdown":-0.1367820323,"capm_alpha":0.0102881589,"capm_alpha_t":4.1881988092,"capm_beta":-0.0349333678,"capm_ir_ann":1.2324852238,"capm_te_ann":0.1001698878},"LS_vt":{"mean_monthly":0.0100671427,"tstat_monthly":4.1238013221,"hit_rate":0.6723163842,"max_drawdown":-0.1367820323,"capm_alpha":0.0102881589,"capm_alpha_t":4.1881988092,"capm_beta":-0.0349333678,"capm_ir_ann":1.2324852238,"capm_te_ann":0.1001698878},"LS_pre_vt":{"mean_monthly":0.0098694499,"tstat_monthly":3.870556219,"hit_rate":0.6723163842,"max_drawdown":-0.1833070189,"capm_alpha":0.0101325866,"capm_alpha_t":3.9944738099,"capm_beta":-0.0415908653,"capm_ir_ann":1.163033449,"capm_te_ann":0.1045464683},"D10":{"mean_monthly":0.0102901818,"tstat_monthly":2.1375331472,"mean_monthly_excess":0.0026609418,"tstat_monthly_excess":0.5381754052,"ann_sharpe_excess":0.1243069022,"hit_rate":0.5649717514,"max_drawdown":-0.4678177342},"LS_alpha_vs_BOVA11":{"alpha_bps_per_month":102.8815887711,"alpha_tstat":4.1881988092,"beta":-0.0349333678,"ir_ann":1.2324852238},"LS_vt_alpha_vs_BOVA11":{"alpha_bps_per_month":102.8815887711,"alpha_tstat":4.1881988092,"beta":-0.0349333678,"ir_ann":1.2324852238},"LS_pre_vt_alpha_vs_BOVA11":{"alpha_bps_per_month":101.3258663581,"alpha_tstat":3.9944738099,"beta":-0.0415908653,"ir_ann":1.163033449}}