{"LS":{"mean_monthly":0.0068536871,"tstat_monthly":2.8556156219,"hit_rate":0.6470588235,"max_drawdown":-0.1380331184,"capm_alpha":0.0071779931,"capm_alpha_t":3.064140648,"capm_beta":-0.0655159772,"capm_ir_ann":0.8707144116,"capm_te_ann":0.0989255672},"LS_vt":{"mean_monthly":0.0068536871,"tstat_monthly":2.8556156219,"hit_rate":0.6470588235,"max_drawdown":-0.1380331184,"capm_alpha":0.0071779931,"capm_alpha_t":3.064140648,"capm_beta":-0.0655159772,"capm_ir_ann":0.8707144116,"capm_te_ann":0.0989255672},"LS_pre_vt":{"mean_monthly":0.0054374665,"tstat_monthly":2.8245352259,"hit_rate":0.6470588235,"max_drawdown":-0.1150741082,"capm_alpha":0.0056273784,"capm_alpha_t":2.9984094759,"capm_beta":-0.0383658248,"capm_ir_ann":0.8397865923,"capm_te_ann":0.0804115491},"D10":{"mean_monthly":0.0093700198,"tstat_monthly":1.3486872048,"mean_monthly_excess":0.0011654249,"tstat_monthly_excess":0.1673230244,"ann_sharpe_excess":0.0617235289,"hit_rate":0.5784313725,"max_drawdown":-0.4539218535},"LS_alpha_vs_BOVA11":{"alpha_bps_per_month":71.7799308959,"alpha_tstat":3.064140648,"beta":-0.0655159772,"ir_ann":0.8707144116},"LS_vt_alpha_vs_BOVA11":{"alpha_bps_per_month":71.7799308959,"alpha_tstat":3.064140648,"beta":-0.0655159772,"ir_ann":0.8707144116},"LS_pre_vt_alpha_vs_BOVA11":{"alpha_bps_per_month":56.2737840292,"alpha_tstat":2.9984094759,"beta":-0.0383658248,"ir_ann":0.8397865923}}