bps,D10_sharpe,D10_mean,D10_t,D10_alpha_bps,D10_alpha_t,LS_mean,LS_t,LS_alpha_bps,LS_alpha_t,LS_ir,LS_mean_vt,LS_t_vt,LS_alpha_bps_vt,LS_alpha_t_vt,LS_ir_vt,LS_maxDD_vt,LS_hit_vt,avg_turnover_D10,avg_turnover_LS
20,0.04981786980907694,0.009145123469718974,1.3177084631663625,48.67839871193451,1.23468685584302,0.006539761158673503,2.731332011546757,68.63142531333578,2.935944434424415,0.8325367791439762,0.006520238450743589,2.556964595249845,69.19936757376772,2.7810839984618476,0.8278831637430648,-0.1469317343651041,0.6372549019607843,0.2248963545532173,0.31392598712069164
50,0.031954468381210924,0.008807778937889149,1.2711106954725584,45.29819314927058,1.1535100618835592,0.006068872177992466,2.5436736034903396,63.9086669394304,2.742495309940358,0.7752436587013906,0.006039922048118352,2.3778721504063216,64.37577056325958,2.596488109294207,0.7702792440793921,-0.14861466625285025,0.6176470588235294,0.2248963545532173,0.31392598712069164
100,0.0021695672981115535,0.008245538051506105,1.1931022467338952,39.66451721149736,1.0167480704026668,0.005284057210190736,2.2276551514280323,56.037402982921414,2.417049081010103,0.6796998569769749,0.0052393947104096205,2.07593837306584,56.33644221241265,2.2855182896332904,0.674182963836326,-0.15141344213771146,0.6176470588235294,0.2248963545532173,0.31392598712069164
