{"LS":{"mean_monthly":0.0082231283,"tstat_monthly":2.2999581916,"hit_rate":0.6105263158,"max_drawdown":-0.141566565,"capm_alpha":0.0085703426,"capm_alpha_t":2.5756937334,"capm_beta":-0.0835869899,"capm_ir_ann":1.0083524724,"capm_te_ann":0.1019922237},"LS_vt":{"mean_monthly":0.0082231283,"tstat_monthly":2.2999581916,"hit_rate":0.6105263158,"max_drawdown":-0.141566565,"capm_alpha":0.0085703426,"capm_alpha_t":2.5756937334,"capm_beta":-0.0835869899,"capm_ir_ann":1.0083524724,"capm_te_ann":0.1019922237},"LS_pre_vt":{"mean_monthly":0.0103447894,"tstat_monthly":2.0554672997,"hit_rate":0.6105263158,"max_drawdown":-0.2375041204,"capm_alpha":0.0108778305,"capm_alpha_t":2.3428691815,"capm_beta":-0.1283221991,"capm_ir_ann":0.8990942806,"capm_te_ann":0.1451838462},"D10":{"mean_monthly":0.008401284,"tstat_monthly":1.3779491639,"mean_monthly_excess":0.0002229537,"tstat_monthly_excess":0.0367729544,"ann_sharpe_excess":0.0117263182,"hit_rate":0.5789473684,"max_drawdown":-0.3513998693},"LS_alpha_vs_BOVA11":{"alpha_bps_per_month":85.7034257405,"alpha_tstat":2.5756937334,"beta":-0.0835869899,"ir_ann":1.0083524724},"LS_vt_alpha_vs_BOVA11":{"alpha_bps_per_month":85.7034257405,"alpha_tstat":2.5756937334,"beta":-0.0835869899,"ir_ann":1.0083524724},"LS_pre_vt_alpha_vs_BOVA11":{"alpha_bps_per_month":108.778304769,"alpha_tstat":2.3428691815,"beta":-0.1283221991,"ir_ann":0.8990942806}}