bps,D10_sharpe,D10_mean,D10_t,D10_alpha_bps,D10_alpha_t,LS_mean,LS_t,LS_alpha_bps,LS_alpha_t,LS_ir,LS_mean_vt,LS_t_vt,LS_alpha_bps_vt,LS_alpha_t_vt,LS_ir_vt,LS_maxDD_vt,LS_hit_vt,avg_turnover_D10,avg_turnover_LS
20,-0.0030572417926454437,0.008120209119012714,1.3320389777824169,49.286722090058355,1.0972334466545797,0.007859684568102846,2.192389381485811,82.06419289881997,2.458778764672946,0.9648529737734206,0.007499336010018744,2.26001567854336,78.02233109845768,2.5194966237621768,0.993932801273309,-0.128052497203213,0.6105263157894737,0.2810749094959621,0.36344374880988156
50,-0.02523864972333711,0.007698596754768772,1.2631339111452669,45.08646295326266,1.0020119749716516,0.007314518944888023,2.0320377600662334,76.6053436362425,2.2846364319019368,0.8996843528733109,0.006988486187690739,2.0967491692616846,72.90900711691859,2.342787595345065,0.9278691726647759,-0.13144331134942489,0.6105263157894737,0.2810749094959621,0.36344374880988156
100,-0.06222302952497606,0.006995909481028866,1.1481932768114427,38.08603105860314,0.843990391812715,0.006405909572863319,1.767477781671654,67.50726153194674,1.9977032558010106,0.7913066092763935,0.006137069817144066,1.8275436659673652,64.38680048102015,2.051748288156017,0.8179557535630209,-0.13706997216431882,0.5894736842105263,0.2810749094959621,0.36344374880988156
