{"LS":{"mean_monthly":0.0094941435,"tstat_monthly":4.8399654913,"hit_rate":0.625,"max_drawdown":-0.1328784474,"capm_alpha":0.0098109823,"capm_alpha_t":5.1331377469,"capm_beta":-0.0473923224,"capm_ir_ann":1.1723149141,"capm_te_ann":0.1004267595},"LS_vt":{"mean_monthly":0.0094941435,"tstat_monthly":4.8399654913,"hit_rate":0.625,"max_drawdown":-0.1328784474,"capm_alpha":0.0098109823,"capm_alpha_t":5.1331377469,"capm_beta":-0.0473923224,"capm_ir_ann":1.1723149141,"capm_te_ann":0.1004267595},"LS_pre_vt":{"mean_monthly":0.0080038352,"tstat_monthly":4.8970585088,"hit_rate":0.625,"max_drawdown":-0.0986208328,"capm_alpha":0.0082013873,"capm_alpha_t":5.17083378,"capm_beta":-0.0295495767,"capm_ir_ann":1.1725587587,"capm_te_ann":0.083933233},"LS_net":{"mean_monthly":0.0101292099,"tstat_monthly":4.9740679257,"hit_rate":0.6358695652,"max_drawdown":-0.1828674602,"capm_alpha":0.0104512836,"capm_alpha_t":5.2895183443,"capm_beta":-0.0481753466,"capm_ir_ann":1.2427877965,"capm_te_ann":0.1009145758},"D10":{"mean_monthly":0.0108278979,"tstat_monthly":2.2587519612,"mean_monthly_excess":0.0031632089,"tstat_monthly_excess":0.6453237029,"ann_sharpe_excess":0.1473467279,"hit_rate":0.5489130435,"max_drawdown":-0.487709738},"LS_alpha_vs_BOVA11":{"alpha_bps_per_month":98.1098233035,"alpha_tstat":5.1331377469,"beta":-0.0473923224,"ir_ann":1.1723149141},"LS_vt_alpha_vs_BOVA11":{"alpha_bps_per_month":98.1098233035,"alpha_tstat":5.1331377469,"beta":-0.0473923224,"ir_ann":1.1723149141},"LS_pre_vt_alpha_vs_BOVA11":{"alpha_bps_per_month":82.0138729375,"alpha_tstat":5.17083378,"beta":-0.0295495767,"ir_ann":1.1725587587},"LS_net_alpha_vs_BOVA11":{"alpha_bps_per_month":104.5128361317,"alpha_tstat":5.2895183443,"beta":-0.0481753466,"ir_ann":1.2427877965},"LS_financing_assumptions":{"avg_short_gross":0.5,"avg_long_gross":0.5,"avg_carry":0.0045795723,"avg_borrow_cost":0.0039445059,"carry_multiplier":1.0,"borrow_cost_annual":0.08}}