bps,D10_sharpe,D10_mean,D10_t,D10_alpha_bps,D10_alpha_t,LS_mean,LS_t,LS_alpha_bps,LS_alpha_t,LS_ir,LS_mean_vt,LS_t_vt,LS_alpha_bps_vt,LS_alpha_t_vt,LS_ir_vt,LS_maxDD_vt,LS_hit_vt,avg_turnover_D10,avg_turnover_LS
20,0.022780981461700784,0.008646739369413061,1.2137262834432856,43.76404734418596,1.0101885457937188,0.007286393882324856,2.9094658376132627,70.68100320193325,2.8916861567476086,0.854945991256129,0.007113819991138937,2.827008104209283,69.45057558160318,2.791699633216291,0.8402722256750447,-0.12273741137897443,0.6274509803921569,0.19832188508659093,0.2868670876343511
50,0.007455209947029659,0.008349256541783173,1.1738613102253903,40.781856526425706,0.944438637064668,0.006856093250873328,2.745112549179429,66.36287347504654,2.7214345565542004,0.8024165493373225,0.006682326143348674,2.6626713303115785,65.11518641334939,2.6239699103780896,0.787586172052872,-0.12883929211479683,0.6274509803921569,0.19832188508659093,0.2868670876343511
100,-0.018103020691738334,0.007853451829066695,1.1071188736724598,35.811538496825285,0.8338688446958678,0.006138925531787451,2.4689735666736574,59.165990596902056,2.435641156908176,0.7148943582139329,0.005963169730364902,2.3865324111741013,57.88953779959303,2.3422672960310837,0.6997868620858545,-0.1389218919290648,0.6078431372549019,0.19832188508659093,0.2868670876343511
