{"LS":{"mean_monthly":0.007573261,"tstat_monthly":3.0184742052,"hit_rate":0.6274509804,"max_drawdown":-0.11731381,"capm_alpha":0.0073559756,"capm_alpha_t":3.0046673171,"capm_beta":0.0438957759,"capm_ir_ann":0.8899686608,"capm_te_ann":0.0991851865},"LS_vt":{"mean_monthly":0.007573261,"tstat_monthly":3.0184742052,"hit_rate":0.6274509804,"max_drawdown":-0.11731381,"capm_alpha":0.0073559756,"capm_alpha_t":3.0046673171,"capm_beta":0.0438957759,"capm_ir_ann":0.8899686608,"capm_te_ann":0.0991851865},"LS_pre_vt":{"mean_monthly":0.0075039806,"tstat_monthly":2.967349506,"hit_rate":0.6274509804,"max_drawdown":-0.1156519583,"capm_alpha":0.0072548253,"capm_alpha_t":2.9847563587,"capm_beta":0.0503340978,"capm_ir_ann":0.8976987492,"capm_te_ann":0.0969789745},"D10":{"mean_monthly":0.0088450613,"tstat_monthly":1.2402277348,"mean_monthly_excess":0.0006404663,"tstat_monthly_excess":0.0897430395,"ann_sharpe_excess":0.0329942405,"hit_rate":0.5784313725,"max_drawdown":-0.4684335859},"LS_alpha_vs_BOVA11":{"alpha_bps_per_month":73.5597563532,"alpha_tstat":3.0046673171,"beta":0.0438957759,"ir_ann":0.8899686608},"LS_vt_alpha_vs_BOVA11":{"alpha_bps_per_month":73.5597563532,"alpha_tstat":3.0046673171,"beta":0.0438957759,"ir_ann":0.8899686608},"LS_pre_vt_alpha_vs_BOVA11":{"alpha_bps_per_month":72.5482534442,"alpha_tstat":2.9847563587,"beta":0.0503340978,"ir_ann":0.8976987492}}