{"LS":{"mean_monthly":0.0089292494,"tstat_monthly":4.2800817912,"hit_rate":0.6413043478,"max_drawdown":-0.2224559522,"capm_alpha":0.0094929914,"capm_alpha_t":4.7655165787,"capm_beta":-0.0843237697,"capm_ir_ann":1.1473138274,"capm_te_ann":0.0992892213},"LS_vt":{"mean_monthly":0.0089292494,"tstat_monthly":4.2800817912,"hit_rate":0.6413043478,"max_drawdown":-0.2224559522,"capm_alpha":0.0094929914,"capm_alpha_t":4.7655165787,"capm_beta":-0.0843237697,"capm_ir_ann":1.1473138274,"capm_te_ann":0.0992892213},"LS_pre_vt":{"mean_monthly":0.0075348034,"tstat_monthly":4.3491493457,"hit_rate":0.6413043478,"max_drawdown":-0.177701574,"capm_alpha":0.0079453989,"capm_alpha_t":4.8033423355,"capm_beta":-0.061416331,"capm_ir_ann":1.1341485422,"capm_te_ann":0.0840672837},"LS_net":{"mean_monthly":0.0095694121,"tstat_monthly":4.3890885915,"hit_rate":0.6467391304,"max_drawdown":-0.265762905,"capm_alpha":0.0101381816,"capm_alpha_t":4.8885528012,"capm_beta":-0.0850757842,"capm_ir_ann":1.2175157661,"capm_te_ann":0.099923289},"D10":{"mean_monthly":0.0108421037,"tstat_monthly":2.26308231,"mean_monthly_excess":0.0031774146,"tstat_monthly_excess":0.6485504769,"ann_sharpe_excess":0.1481521744,"hit_rate":0.5489130435,"max_drawdown":-0.487709738},"dispersion_gate":{"mode":"none","blocked_months":0,"total_months":184},"delisting_risk":{"avg_ls_weighted_multiplier":0.9985131335,"avg_ls_weighted_score":0.0059474659,"avg_ls_flagged":0.277173913,"avg_ls_high":0.0,"avg_universe_flagged":0.7336956522,"avg_universe_high":0.0,"avg_universe_multiplier":0.9984226814},"LS_alpha_vs_BOVA11":{"alpha_bps_per_month":94.9299137541,"alpha_tstat":4.7655165787,"beta":-0.0843237697,"ir_ann":1.1473138274},"LS_vt_alpha_vs_BOVA11":{"alpha_bps_per_month":94.9299137541,"alpha_tstat":4.7655165787,"beta":-0.0843237697,"ir_ann":1.1473138274},"LS_pre_vt_alpha_vs_BOVA11":{"alpha_bps_per_month":79.4539893318,"alpha_tstat":4.8033423355,"beta":-0.061416331,"ir_ann":1.1341485422},"LS_net_alpha_vs_BOVA11":{"alpha_bps_per_month":101.3818164826,"alpha_tstat":4.8885528012,"beta":-0.0850757842,"ir_ann":1.2175157661},"LS_financing_assumptions":{"avg_short_gross":0.5,"avg_long_gross":0.5,"avg_carry":0.0045492049,"avg_borrow_cost":0.0039090422,"carry_multiplier":1.0,"borrow_cost_annual":0.08}}