bps,D10_sharpe,D10_mean,D10_t,D10_alpha_bps,D10_alpha_t,LS_mean,LS_t,LS_alpha_bps,LS_alpha_t,LS_ir,LS_mean_vt,LS_t_vt,LS_alpha_bps_vt,LS_alpha_t_vt,LS_ir_vt,LS_maxDD_vt,LS_hit_vt,avg_turnover_D10,avg_turnover_LS
20,0.13912117552397482,0.010648061581269793,2.224184415779628,38.825968572420216,1.479840116607367,0.009275785964214103,4.259562221648672,98.44158862386574,4.75227903292643,1.1820215501223197,0.008875360370914744,4.0369661051265,95.02170193850905,4.559195449766429,1.145344903482798,-0.29440574144257214,0.6413043478260869,0.19404210384735587,0.2936261349294259
50,0.12557037279256392,0.010356998425498757,2.165717663474728,35.91720371284391,1.3728990086691129,0.008835346761819962,4.0645297399847005,94.0312468356979,4.547076773509637,1.128768707004529,0.008429442963135605,3.8373036224983514,90.55460880246531,4.348192041872434,1.0909957414960951,-0.30357915116355316,0.6304347826086957,0.19404210384735587,0.2936261349294259
100,0.10297448348636448,0.009871893165880366,2.06795551593155,31.069262280216794,1.1932342234499698,0.008101281424496396,3.7375465218791786,86.6806771887514,4.203027248476303,1.0399968783998161,0.007686247283503709,3.503333728481686,83.10945357572581,3.995197662644224,1.000446378629255,-0.31861332110551155,0.6086956521739131,0.19404210384735587,0.2936261349294259
