{"LS":{"mean_monthly":0.0088557816,"tstat_monthly":2.4493334686,"hit_rate":0.6,"max_drawdown":-0.1514433106,"capm_alpha":0.0092520733,"capm_alpha_t":2.7861756893,"capm_beta":-0.0954017009,"capm_ir_ann":1.0924491948,"capm_te_ann":0.1016293303},"LS_vt":{"mean_monthly":0.0088557816,"tstat_monthly":2.4493334686,"hit_rate":0.6,"max_drawdown":-0.1514433106,"capm_alpha":0.0092520733,"capm_alpha_t":2.7861756893,"capm_beta":-0.0954017009,"capm_ir_ann":1.0924491948,"capm_te_ann":0.1016293303},"LS_pre_vt":{"mean_monthly":0.0109958974,"tstat_monthly":2.1785392787,"hit_rate":0.6,"max_drawdown":-0.2554608217,"capm_alpha":0.011593626,"capm_alpha_t":2.5309951077,"capm_beta":-0.1438948344,"capm_ir_ann":0.9622102427,"capm_te_ann":0.1445874364},"D10":{"mean_monthly":0.0097124319,"tstat_monthly":1.6189545022,"mean_monthly_excess":0.0015341016,"tstat_monthly_excess":0.2573320482,"ann_sharpe_excess":0.0817709911,"hit_rate":0.5894736842,"max_drawdown":-0.3454275495},"LS_alpha_vs_BOVA11":{"alpha_bps_per_month":92.5207333691,"alpha_tstat":2.7861756893,"beta":-0.0954017009,"ir_ann":1.0924491948},"LS_vt_alpha_vs_BOVA11":{"alpha_bps_per_month":92.5207333691,"alpha_tstat":2.7861756893,"beta":-0.0954017009,"ir_ann":1.0924491948},"LS_pre_vt_alpha_vs_BOVA11":{"alpha_bps_per_month":115.9362601806,"alpha_tstat":2.5309951077,"beta":-0.1438948344,"ir_ann":0.9622102427}}