bps,D10_sharpe,D10_mean,D10_t,D10_alpha_bps,D10_alpha_t,LS_mean,LS_t,LS_alpha_bps,LS_alpha_t,LS_ir,LS_mean_vt,LS_t_vt,LS_alpha_bps_vt,LS_alpha_t_vt,LS_ir_vt,LS_maxDD_vt,LS_hit_vt,avg_turnover_D10,avg_turnover_LS
20,0.021235735325763675,0.0086069491060231,1.2145670762492593,43.99229830471273,1.0558913760695878,0.006944440969525841,2.7225494997706607,67.5070852763357,2.748599166797378,0.8267444733430338,0.006901588082141068,2.6839505394925447,67.54996185154987,2.6905999527180167,0.8156057118011947,-0.1232553465705023,0.5980392156862745,0.19859328217171351,0.2840638386194653
50,0.0055141509034762745,0.00830905918276553,1.1744598297200826,41.002166117224085,0.9878622134109235,0.006518345211596644,2.5635062559651822,63.2212258659247,2.5820230790232648,0.7741191407515021,0.006467840024495779,2.5228356455804954,63.18280487880176,2.524545733844846,0.7627498419930222,-0.12466537242507358,0.5784313725490197,0.19859328217171351,0.2840638386194653
100,-0.02069670125930545,0.007812575977336245,1.1073053872399816,36.01861247140964,0.8733014270014542,0.00580818561504798,2.296058670221358,56.07812684857299,2.301930943266422,0.6863995700463754,0.005744926595086962,2.251981964212596,55.904209924221554,2.2453040477611883,0.6746467623214415,-0.12701122202100645,0.5784313725490197,0.19859328217171351,0.2840638386194653
