{"LS":{"mean_monthly":0.0072285048,"tstat_monthly":2.8279825363,"hit_rate":0.5980392157,"max_drawdown":-0.12086643,"capm_alpha":0.0070364325,"capm_alpha_t":2.859029977,"capm_beta":0.0388022667,"capm_ir_ann":0.8618220111,"capm_te_ann":0.0979752069},"LS_vt":{"mean_monthly":0.0072285048,"tstat_monthly":2.8279825363,"hit_rate":0.5980392157,"max_drawdown":-0.12086643,"capm_alpha":0.0070364325,"capm_alpha_t":2.859029977,"capm_beta":0.0388022667,"capm_ir_ann":0.8618220111,"capm_te_ann":0.0979752069},"LS_pre_vt":{"mean_monthly":0.0062722974,"tstat_monthly":2.7675095646,"hit_rate":0.5980392157,"max_drawdown":-0.109502408,"capm_alpha":0.0060821251,"capm_alpha_t":2.8070988459,"capm_beta":0.0384184099,"capm_ir_ann":0.8566106792,"capm_te_ann":0.0852026522},"D10":{"mean_monthly":0.0088055424,"tstat_monthly":1.2412279797,"mean_monthly_excess":0.0006009475,"tstat_monthly_excess":0.0847421167,"ann_sharpe_excess":0.0317146242,"hit_rate":0.568627451,"max_drawdown":-0.4510072845},"LS_alpha_vs_BOVA11":{"alpha_bps_per_month":70.3643248833,"alpha_tstat":2.859029977,"beta":0.0388022667,"ir_ann":0.8618220111},"LS_vt_alpha_vs_BOVA11":{"alpha_bps_per_month":70.3643248833,"alpha_tstat":2.859029977,"beta":0.0388022667,"ir_ann":0.8618220111},"LS_pre_vt_alpha_vs_BOVA11":{"alpha_bps_per_month":60.821251479,"alpha_tstat":2.8070988459,"beta":0.0384184099,"ir_ann":0.8566106792}}