{"LS":{"mean_monthly":0.0118498727,"tstat_monthly":3.3421328609,"hit_rate":0.6842105263,"max_drawdown":-0.126616373,"capm_alpha":0.0122994867,"capm_alpha_t":3.7730996192,"capm_beta":-0.1082383126,"capm_ir_ann":1.4964994687,"capm_te_ann":0.0986260563},"LS_vt":{"mean_monthly":0.0118498727,"tstat_monthly":3.3421328609,"hit_rate":0.6842105263,"max_drawdown":-0.126616373,"capm_alpha":0.0122994867,"capm_alpha_t":3.7730996192,"capm_beta":-0.1082383126,"capm_ir_ann":1.4964994687,"capm_te_ann":0.0986260563},"LS_pre_vt":{"mean_monthly":0.0120902686,"tstat_monthly":3.1821305253,"hit_rate":0.6842105263,"max_drawdown":-0.1603653531,"capm_alpha":0.0125670565,"capm_alpha_t":3.5996598398,"capm_beta":-0.1147800442,"capm_ir_ann":1.4044467227,"capm_te_ann":0.1073765746},"D10":{"mean_monthly":0.0103938064,"tstat_monthly":1.6873223864,"mean_monthly_excess":0.0022154761,"tstat_monthly_excess":0.3640905242,"ann_sharpe_excess":0.12011863,"hit_rate":0.6105263158,"max_drawdown":-0.3335771209},"LS_alpha_vs_BOVA11":{"alpha_bps_per_month":122.9948673944,"alpha_tstat":3.7730996192,"beta":-0.1082383126,"ir_ann":1.4964994687},"LS_vt_alpha_vs_BOVA11":{"alpha_bps_per_month":122.9948673944,"alpha_tstat":3.7730996192,"beta":-0.1082383126,"ir_ann":1.4964994687},"LS_pre_vt_alpha_vs_BOVA11":{"alpha_bps_per_month":125.67056522,"alpha_tstat":3.5996598398,"beta":-0.1147800442,"ir_ann":1.4044467227}}