{"LS":{"mean_monthly":0.0107821391,"tstat_monthly":2.8799068655,"hit_rate":0.6526315789,"max_drawdown":-0.1611343256,"capm_alpha":0.0111028793,"capm_alpha_t":3.1445622119,"capm_beta":-0.0772137209,"capm_ir_ann":1.3229366224,"capm_te_ann":0.1007112123},"LS_vt":{"mean_monthly":0.0107821391,"tstat_monthly":2.8799068655,"hit_rate":0.6526315789,"max_drawdown":-0.1611343256,"capm_alpha":0.0111028793,"capm_alpha_t":3.1445622119,"capm_beta":-0.0772137209,"capm_ir_ann":1.3229366224,"capm_te_ann":0.1007112123},"LS_pre_vt":{"mean_monthly":0.0112029037,"tstat_monthly":2.701811975,"hit_rate":0.6526315789,"max_drawdown":-0.2154319058,"capm_alpha":0.0115608599,"capm_alpha_t":2.984003267,"capm_beta":-0.0861729736,"capm_ir_ann":1.1981739878,"capm_te_ann":0.1157847862},"D10":{"mean_monthly":0.0093968751,"tstat_monthly":1.5285739267,"mean_monthly_excess":0.0012185448,"tstat_monthly_excess":0.1994016067,"ann_sharpe_excess":0.0658740796,"hit_rate":0.6,"max_drawdown":-0.3553209028},"LS_alpha_vs_BOVA11":{"alpha_bps_per_month":111.0287925471,"alpha_tstat":3.1445622119,"beta":-0.0772137209,"ir_ann":1.3229366224},"LS_vt_alpha_vs_BOVA11":{"alpha_bps_per_month":111.0287925471,"alpha_tstat":3.1445622119,"beta":-0.0772137209,"ir_ann":1.3229366224},"LS_pre_vt_alpha_vs_BOVA11":{"alpha_bps_per_month":115.6085991389,"alpha_tstat":2.984003267,"beta":-0.0861729736,"ir_ann":1.1981739878}}