{"LS":{"mean_monthly":0.0105023504,"tstat_monthly":2.6809645317,"hit_rate":0.6526315789,"max_drawdown":-0.1525583453,"capm_alpha":0.0108022478,"capm_alpha_t":2.9274862499,"capm_beta":-0.0721961059,"capm_ir_ann":1.2773533426,"capm_te_ann":0.1014809051},"LS_vt":{"mean_monthly":0.0105023504,"tstat_monthly":2.6809645317,"hit_rate":0.6526315789,"max_drawdown":-0.1525583453,"capm_alpha":0.0108022478,"capm_alpha_t":2.9274862499,"capm_beta":-0.0721961059,"capm_ir_ann":1.2773533426,"capm_te_ann":0.1014809051},"LS_pre_vt":{"mean_monthly":0.0115776919,"tstat_monthly":2.5163626755,"hit_rate":0.6526315789,"max_drawdown":-0.2237803187,"capm_alpha":0.0119625483,"capm_alpha_t":2.7923465009,"capm_beta":-0.0926487977,"capm_ir_ann":1.1342842559,"capm_te_ann":0.1265560892},"D10":{"mean_monthly":0.0102255589,"tstat_monthly":1.6836739371,"mean_monthly_excess":0.0020472286,"tstat_monthly_excess":0.339158036,"ann_sharpe_excess":0.1116189423,"hit_rate":0.5894736842,"max_drawdown":-0.3358014261},"LS_alpha_vs_BOVA11":{"alpha_bps_per_month":108.0224777559,"alpha_tstat":2.9274862499,"beta":-0.0721961059,"ir_ann":1.2773533426},"LS_vt_alpha_vs_BOVA11":{"alpha_bps_per_month":108.0224777559,"alpha_tstat":2.9274862499,"beta":-0.0721961059,"ir_ann":1.2773533426},"LS_pre_vt_alpha_vs_BOVA11":{"alpha_bps_per_month":119.625482899,"alpha_tstat":2.7923465009,"beta":-0.0926487977,"ir_ann":1.1342842559}}