bps,D10_sharpe,D10_mean,D10_t,D10_alpha_bps,D10_alpha_t,LS_mean,LS_t,LS_alpha_bps,LS_alpha_t,LS_ir,LS_mean_vt,LS_t_vt,LS_alpha_bps_vt,LS_alpha_t_vt,LS_ir_vt,LS_maxDD_vt,LS_hit_vt,avg_turnover_D10,avg_turnover_LS
20,0.09601792603103988,0.009939083618771022,1.6376165709875476,65.63231300241891,1.6340922288991813,0.010144789072056635,2.5837561969302794,104.44832887696737,2.823762602299614,1.2340722858765707,0.010102403461126053,2.685260684654415,103.72681899690157,2.9120629380017213,1.304603525449489,-0.13576376033185833,0.6421052631578947,0.2864752401594507,0.3575613475620642
50,0.07260504294172808,0.009509370758531845,1.568397272996482,61.35475108640577,1.5260495002172627,0.00960844705071354,2.438735486838754,99.08710555858136,2.6690674604729363,1.1692574796163964,0.00959299038059156,2.542580290957073,98.63363339272547,2.760574326830372,1.2393088382338613,-0.1390283295621687,0.6421052631578947,0.2864752401594507,0.3575613475620642
100,0.033554046420264626,0.008793182658133222,1.4526813293775704,54.225481226383955,1.3463862039122387,0.008714543681808379,2.199143957935532,90.15173336127121,2.4136142889030143,1.0615297524178848,0.008743968579700738,2.3064505155617283,90.14499071909857,2.5099979360169367,1.1306978821103333,-0.14444596327957415,0.631578947368421,0.2864752401594507,0.3575613475620642
