{"LS":{"mean_monthly":0.0096295796,"tstat_monthly":3.5757130771,"hit_rate":0.6666666667,"max_drawdown":-0.2002032606,"capm_alpha":0.0105519908,"capm_alpha_t":4.2962813508,"capm_beta":-0.1457944534,"capm_ir_ann":1.2229872135,"capm_te_ann":0.1035365603},"LS_vt":{"mean_monthly":0.0096295796,"tstat_monthly":3.5757130771,"hit_rate":0.6666666667,"max_drawdown":-0.2002032606,"capm_alpha":0.0105519908,"capm_alpha_t":4.2962813508,"capm_beta":-0.1457944534,"capm_ir_ann":1.2229872135,"capm_te_ann":0.1035365603},"LS_pre_vt":{"mean_monthly":0.0090038571,"tstat_monthly":3.1094697751,"hit_rate":0.6666666667,"max_drawdown":-0.2329139138,"capm_alpha":0.0099661497,"capm_alpha_t":3.7602424579,"capm_beta":-0.1520980207,"capm_ir_ann":0.9936056527,"capm_te_ann":0.1203634416},"LS_net":{"mean_monthly":0.01029695,"tstat_monthly":3.7852294618,"hit_rate":0.6779661017,"max_drawdown":-0.1795358758,"capm_alpha":0.0112231219,"capm_alpha_t":4.5163808382,"capm_beta":-0.1463888572,"capm_ir_ann":1.2969562645,"capm_te_ann":0.1038411753},"D10":{"mean_monthly":0.0125376751,"tstat_monthly":2.7519040836,"mean_monthly_excess":0.0049084351,"tstat_monthly_excess":1.0391163335,"ann_sharpe_excess":0.2370486725,"hit_rate":0.593220339,"max_drawdown":-0.471583886},"dispersion_gate":{"mode":"quantile70","blocked_months":106,"total_months":177},"delisting_risk":{"avg_ls_weighted_multiplier":0.9970689232,"avg_ls_weighted_score":0.0117243073,"avg_ls_flagged":0.5197740113,"avg_ls_high":0.0,"avg_universe_flagged":1.1355932203,"avg_universe_high":0.0,"avg_universe_multiplier":0.9978720306},"LS_alpha_vs_BOVA11":{"alpha_bps_per_month":105.5199078576,"alpha_tstat":4.2962813508,"beta":-0.1457944534,"ir_ann":1.2229872135},"LS_vt_alpha_vs_BOVA11":{"alpha_bps_per_month":105.5199078576,"alpha_tstat":4.2962813508,"beta":-0.1457944534,"ir_ann":1.2229872135},"LS_pre_vt_alpha_vs_BOVA11":{"alpha_bps_per_month":99.661496593,"alpha_tstat":3.7602424579,"beta":-0.1520980207,"ir_ann":0.9936056527},"LS_net_alpha_vs_BOVA11":{"alpha_bps_per_month":112.231219021,"alpha_tstat":4.5163808382,"beta":-0.1463888572,"ir_ann":1.2969562645},"LS_financing_assumptions":{"avg_short_gross":0.5,"avg_long_gross":0.494650509,"avg_carry":0.0037167525,"avg_borrow_cost":0.0030493821,"carry_multiplier":1.0,"borrow_cost_annual":0.08}}