{
  "max_drawdown_full": -0.20020326064413652,
  "max_drawdown_12m": -0.1424232623959868,
  "max_drawdown_24m": -0.1424232623959868,
  "worst_month": -0.14242326239598682,
  "avg_ls_multiplier": 0.9970689231721793,
  "avg_ls_score": 0.011724307311282453,
  "last_ls_multiplier": 1.0,
  "last_ls_flagged": 0.0,
  "last_ls_high": 0.0
}