bps,D10_sharpe,D10_mean,D10_t,D10_alpha_bps,D10_alpha_t,LS_mean,LS_t,LS_alpha_bps,LS_alpha_t,LS_ir,LS_mean_vt,LS_t_vt,LS_alpha_bps_vt,LS_alpha_t_vt,LS_ir_vt,LS_maxDD_vt,LS_hit_vt,avg_turnover_D10,avg_turnover_LS
20,0.19248922006187957,0.011725387732876439,2.5354139134562903,54.84127177264313,2.074187378878641,0.010821325862597576,4.210115402299876,117.5690033534127,4.9832569252203145,1.3867481743371735,0.011266741575571036,4.456273513958857,122.38292592728916,5.288443598921199,1.480663119670403,-0.106762528850747,0.6949152542372882,0.19506906048427253,0.261789340448492
50,0.17870398068331705,0.011432784142150033,2.4704374815336716,51.901806383211834,1.9609457480426153,0.01042864185192484,4.067341512670266,113.61881034922233,4.828019381465476,1.3423657851681983,0.010868554986338035,4.309551813405599,118.37809459180448,5.128086558344076,1.4347401565110842,-0.11027923607362278,0.6949152542372882,0.19506906048427253,0.261789340448492
100,0.1557354158813138,0.010945111490939349,2.3621748804905485,47.00269740082635,1.7723524347895747,0.00977416850080361,3.8265349030464826,107.03515534223818,4.565697174055468,1.2675800281556486,0.0102049106709497,4.061750835818261,111.70337569932994,4.856667364322225,1.357231467806517,-0.1161141221434332,0.6836158192090396,0.19506906048427253,0.261789340448492
