{"LS":{"mean_monthly":0.0098042859,"tstat_monthly":2.5268179264,"hit_rate":0.6526315789,"max_drawdown":-0.1580337198,"capm_alpha":0.0101144192,"capm_alpha_t":2.7731686106,"capm_beta":-0.0746602435,"capm_ir_ann":1.1973134035,"capm_te_ann":0.1013711443},"LS_vt":{"mean_monthly":0.0098042859,"tstat_monthly":2.5268179264,"hit_rate":0.6526315789,"max_drawdown":-0.1580337198,"capm_alpha":0.0101144192,"capm_alpha_t":2.7731686106,"capm_beta":-0.0746602435,"capm_ir_ann":1.1973134035,"capm_te_ann":0.1013711443},"LS_pre_vt":{"mean_monthly":0.0105591033,"tstat_monthly":2.3500370688,"hit_rate":0.6526315789,"max_drawdown":-0.225904734,"capm_alpha":0.0109480429,"capm_alpha_t":2.6235660936,"capm_beta":-0.0936317907,"capm_ir_ann":1.0584072226,"capm_te_ann":0.1241266237},"D10":{"mean_monthly":0.0096872464,"tstat_monthly":1.5989033998,"mean_monthly_excess":0.0015089161,"tstat_monthly_excess":0.2507183262,"ann_sharpe_excess":0.0833526907,"hit_rate":0.5894736842,"max_drawdown":-0.3365790911},"LS_alpha_vs_BOVA11":{"alpha_bps_per_month":101.1441915095,"alpha_tstat":2.7731686106,"beta":-0.0746602435,"ir_ann":1.1973134035},"LS_vt_alpha_vs_BOVA11":{"alpha_bps_per_month":101.1441915095,"alpha_tstat":2.7731686106,"beta":-0.0746602435,"ir_ann":1.1973134035},"LS_pre_vt_alpha_vs_BOVA11":{"alpha_bps_per_month":109.4804292162,"alpha_tstat":2.6235660936,"beta":-0.0936317907,"ir_ann":1.0584072226}}