bps,D10_sharpe,D10_mean,D10_t,D10_alpha_bps,D10_alpha_t,LS_mean,LS_t,LS_alpha_bps,LS_alpha_t,LS_ir,LS_mean_vt,LS_t_vt,LS_alpha_bps_vt,LS_alpha_t_vt,LS_ir_vt,LS_maxDD_vt,LS_hit_vt,avg_turnover_D10,avg_turnover_LS
20,0.06801643040698109,0.00940949654568332,1.5538249584809143,60.84302775962868,1.4958524137907927,0.009452765557197384,2.430120846417015,97.6297399824983,2.6696814222386966,1.1547307601593964,0.009469291901880457,2.525836810231466,97.52230539118577,2.751627291315539,1.2229579618027495,-0.1405103409197057,0.6526315789473685,0.2777498135392872,0.35152038980620676
50,0.04500623662763137,0.008992871825374386,1.4861114102982362,56.690816766157006,1.3922427445307644,0.008925484972488074,2.2859437670070766,92.35806269201105,2.515434910208904,1.0909715708344805,0.008968321611876492,2.3848127894467286,92.51166116721151,2.6014853538333638,1.1588973134619076,-0.14376177242975596,0.631578947368421,0.2777498135392872,0.35152038980620676
100,0.006641166630625487,0.008298497291526171,1.373004204608808,49.7704651103709,1.220007417423278,0.008046683997972556,2.0479570627070767,83.57193387453228,2.2609730855206456,0.9850217925416012,0.008133371128536552,2.151594574049817,84.16058746058768,2.3533501361343054,1.0523740548104896,-0.14915748344879032,0.6210526315789474,0.2777498135392872,0.35152038980620676
