{"LS":{"mean_monthly":0.0080034921,"tstat_monthly":2.1850682093,"hit_rate":0.6666666667,"max_drawdown":-0.1361941208,"capm_alpha":0.0086867636,"capm_alpha_t":2.3443310297,"capm_beta":-0.1075547474,"capm_ir_ann":1.1136556881,"capm_te_ann":0.093602686},"LS_vt":{"mean_monthly":0.0080034921,"tstat_monthly":2.1850682093,"hit_rate":0.6666666667,"max_drawdown":-0.1361941208,"capm_alpha":0.0086867636,"capm_alpha_t":2.3443310297,"capm_beta":-0.1075547474,"capm_ir_ann":1.1136556881,"capm_te_ann":0.093602686},"LS_pre_vt":{"mean_monthly":0.006782108,"tstat_monthly":2.1227743423,"hit_rate":0.6666666667,"max_drawdown":-0.1287154304,"capm_alpha":0.0073976523,"capm_alpha_t":2.3148484193,"capm_beta":-0.0968937049,"capm_ir_ann":1.0677633763,"capm_te_ann":0.0831381089},"D10":{"mean_monthly":0.0051513036,"tstat_monthly":0.5981539941,"mean_monthly_excess":-0.0022576337,"tstat_monthly_excess":-0.2508209463,"ann_sharpe_excess":-0.0887130972,"hit_rate":0.4927536232,"max_drawdown":-0.3979608084},"LS_alpha_vs_BOVA11":{"alpha_bps_per_month":86.8676363616,"alpha_tstat":2.3443310297,"beta":-0.1075547474,"ir_ann":1.1136556881},"LS_vt_alpha_vs_BOVA11":{"alpha_bps_per_month":86.8676363616,"alpha_tstat":2.3443310297,"beta":-0.1075547474,"ir_ann":1.1136556881},"LS_pre_vt_alpha_vs_BOVA11":{"alpha_bps_per_month":73.9765231942,"alpha_tstat":2.3148484193,"beta":-0.0968937049,"ir_ann":1.0677633763}}