{"LS":{"mean_monthly":0.0079052459,"tstat_monthly":3.8919879826,"hit_rate":0.6141304348,"max_drawdown":-0.1633593282,"capm_alpha":0.0075153434,"capm_alpha_t":3.6731669021,"capm_beta":0.0583210808,"capm_ir_ann":0.8753476038,"capm_te_ann":0.1030266386},"LS_vt":{"mean_monthly":0.0079052459,"tstat_monthly":3.8919879826,"hit_rate":0.6141304348,"max_drawdown":-0.1633593282,"capm_alpha":0.0075153434,"capm_alpha_t":3.6731669021,"capm_beta":0.0583210808,"capm_ir_ann":0.8753476038,"capm_te_ann":0.1030266386},"LS_pre_vt":{"mean_monthly":0.0064860247,"tstat_monthly":3.5942522251,"hit_rate":0.6141304348,"max_drawdown":-0.1254635541,"capm_alpha":0.0061702403,"capm_alpha_t":3.4255022332,"capm_beta":0.0472346146,"capm_ir_ann":0.8081760519,"capm_te_ann":0.0916172696},"LS_net":{"mean_monthly":0.0086456011,"tstat_monthly":4.0484564198,"hit_rate":0.625,"max_drawdown":-0.1501897656,"capm_alpha":0.0082599484,"capm_alpha_t":3.8382521679,"capm_beta":0.0576854199,"capm_ir_ann":0.9569301064,"capm_te_ann":0.1035805852},"D10":{"mean_monthly":0.0129782848,"tstat_monthly":2.5236373286,"mean_monthly_excess":0.0053135958,"tstat_monthly_excess":1.0278049564,"ann_sharpe_excess":0.2431712926,"hit_rate":0.5597826087,"max_drawdown":-0.4870498709},"dispersion_gate":{"mode":"quantile80","blocked_months":132,"total_months":184},"delisting_risk":{"avg_ls_weighted_multiplier":0.9990080408,"avg_ls_weighted_score":0.0039678366,"avg_ls_flagged":0.1467391304,"avg_ls_high":0.0,"avg_universe_flagged":0.7336956522,"avg_universe_high":0.0,"avg_universe_multiplier":0.9984226814},"LS_alpha_vs_BOVA11":{"alpha_bps_per_month":75.1534343179,"alpha_tstat":3.6731669021,"beta":0.0583210808,"ir_ann":0.8753476038},"LS_vt_alpha_vs_BOVA11":{"alpha_bps_per_month":75.1534343179,"alpha_tstat":3.6731669021,"beta":0.0583210808,"ir_ann":0.8753476038},"LS_pre_vt_alpha_vs_BOVA11":{"alpha_bps_per_month":61.7024027033,"alpha_tstat":3.4255022332,"beta":0.0472346146,"ir_ann":0.8081760519},"LS_net_alpha_vs_BOVA11":{"alpha_bps_per_month":82.5994836556,"alpha_tstat":3.8382521679,"beta":0.0576854199,"ir_ann":0.9569301064},"LS_financing_assumptions":{"avg_short_gross":0.5,"avg_long_gross":0.5,"avg_carry":0.005053387,"avg_borrow_cost":0.0043130318,"carry_multiplier":1.0,"borrow_cost_annual":0.08}}