{"LS":{"mean_monthly":0.009357724,"tstat_monthly":4.6471501023,"hit_rate":0.6413043478,"max_drawdown":-0.1485388943,"capm_alpha":0.0089243103,"capm_alpha_t":4.3914740259,"capm_beta":0.064829434,"capm_ir_ann":1.0331136579,"capm_te_ann":0.1036591886},"LS_vt":{"mean_monthly":0.009357724,"tstat_monthly":4.6471501023,"hit_rate":0.6413043478,"max_drawdown":-0.1485388943,"capm_alpha":0.0089243103,"capm_alpha_t":4.3914740259,"capm_beta":0.064829434,"capm_ir_ann":1.0331136579,"capm_te_ann":0.1036591886},"LS_pre_vt":{"mean_monthly":0.0073331659,"tstat_monthly":4.4171630296,"hit_rate":0.6413043478,"max_drawdown":-0.1093067021,"capm_alpha":0.0069881115,"capm_alpha_t":4.2112106053,"capm_beta":0.0516127692,"capm_ir_ann":0.9660651803,"capm_te_ann":0.0868029813},"LS_net":{"mean_monthly":0.010105789,"tstat_monthly":4.7803394256,"hit_rate":0.6576086957,"max_drawdown":-0.1353896585,"capm_alpha":0.0096769602,"capm_alpha_t":4.5339742218,"capm_beta":0.0641436385,"capm_ir_ann":1.1142188104,"capm_te_ann":0.104219675},"D10":{"mean_monthly":0.012736809,"tstat_monthly":2.5070645121,"mean_monthly_excess":0.00507212,"tstat_monthly_excess":0.9908731466,"ann_sharpe_excess":0.2363168733,"hit_rate":0.5706521739,"max_drawdown":-0.4838801755},"dispersion_gate":{"mode":"quantile70","blocked_months":116,"total_months":184},"delisting_risk":{"avg_ls_weighted_multiplier":0.9988897516,"avg_ls_weighted_score":0.0044409937,"avg_ls_flagged":0.2010869565,"avg_ls_high":0.0,"avg_universe_flagged":0.7336956522,"avg_universe_high":0.0,"avg_universe_multiplier":0.9984226814},"LS_alpha_vs_BOVA11":{"alpha_bps_per_month":89.2431029562,"alpha_tstat":4.3914740259,"beta":0.064829434,"ir_ann":1.0331136579},"LS_vt_alpha_vs_BOVA11":{"alpha_bps_per_month":89.2431029562,"alpha_tstat":4.3914740259,"beta":0.064829434,"ir_ann":1.0331136579},"LS_pre_vt_alpha_vs_BOVA11":{"alpha_bps_per_month":69.8811148175,"alpha_tstat":4.2112106053,"beta":0.0516127692,"ir_ann":0.9660651803},"LS_net_alpha_vs_BOVA11":{"alpha_bps_per_month":96.7696019242,"alpha_tstat":4.5339742218,"beta":0.0641436385,"ir_ann":1.1142188104},"LS_financing_assumptions":{"avg_short_gross":0.5,"avg_long_gross":0.4999505136,"avg_carry":0.0051208731,"avg_borrow_cost":0.004372808,"carry_multiplier":1.0,"borrow_cost_annual":0.08}}