{"LS":{"mean_monthly":0.0083363679,"tstat_monthly":2.2906529724,"hit_rate":0.6811594203,"max_drawdown":-0.1284186667,"capm_alpha":0.009135551,"capm_alpha_t":2.4678408293,"capm_beta":-0.1258005515,"capm_ir_ann":1.1719807842,"capm_te_ann":0.0935395984},"LS_vt":{"mean_monthly":0.0083363679,"tstat_monthly":2.2906529724,"hit_rate":0.6811594203,"max_drawdown":-0.1284186667,"capm_alpha":0.009135551,"capm_alpha_t":2.4678408293,"capm_beta":-0.1258005515,"capm_ir_ann":1.1719807842,"capm_te_ann":0.0935395984},"LS_pre_vt":{"mean_monthly":0.0070251076,"tstat_monthly":2.221285642,"hit_rate":0.6811594203,"max_drawdown":-0.1256953227,"capm_alpha":0.0077389876,"capm_alpha_t":2.4400790328,"capm_beta":-0.1123728783,"capm_ir_ann":1.1168659041,"capm_te_ann":0.0831504045},"D10":{"mean_monthly":0.0049618005,"tstat_monthly":0.5790478599,"mean_monthly_excess":-0.0024471369,"tstat_monthly_excess":-0.2733598057,"ann_sharpe_excess":-0.0959734117,"hit_rate":0.4782608696,"max_drawdown":-0.3979608084},"LS_alpha_vs_BOVA11":{"alpha_bps_per_month":91.3555098642,"alpha_tstat":2.4678408293,"beta":-0.1258005515,"ir_ann":1.1719807842},"LS_vt_alpha_vs_BOVA11":{"alpha_bps_per_month":91.3555098642,"alpha_tstat":2.4678408293,"beta":-0.1258005515,"ir_ann":1.1719807842},"LS_pre_vt_alpha_vs_BOVA11":{"alpha_bps_per_month":77.3898763695,"alpha_tstat":2.4400790328,"beta":-0.1123728783,"ir_ann":1.1168659041}}