bps,D10_sharpe,D10_mean,D10_t,D10_alpha_bps,D10_alpha_t,LS_mean,LS_t,LS_alpha_bps,LS_alpha_t,LS_ir,LS_mean_vt,LS_t_vt,LS_alpha_bps_vt,LS_alpha_t_vt,LS_ir_vt,LS_maxDD_vt,LS_hit_vt,avg_turnover_D10,avg_turnover_LS
20,-0.10679752396035513,0.004685952850858971,0.54672975074581,-24.913950717419517,-0.5616268384248508,0.008006256380818885,2.1989093454471265,88.05737362144899,2.377641746246266,1.1295130002586788,0.008514953571804065,2.3251225082117957,93.21964464251448,2.4877880214421686,1.1894656422517453,-0.11603335201951415,0.6666666666666666,0.2758476265686161,0.330111522550054
50,-0.12303571313613539,0.004272181411006047,0.49827878510208445,-29.045390051787006,-0.6540834985938174,0.007511089096993804,2.06140163984333,83.11016925738879,2.242443015731077,1.065815110167132,0.00801360995883559,2.189248162610438,88.20790315699429,2.3549120774327648,1.125750099957537,-0.11812469684378235,0.6521739130434783,0.2758476265686161,0.330111522550054
100,-0.15010456254414276,0.003582562344584505,0.4175985135784941,-35.93112227573274,-0.8077249226078856,0.006685810290618669,1.8325411122795288,74.86482865062179,2.017408400899701,0.9596717974622807,0.007178037270554801,1.9622341941132952,79.8550006811272,2.132943762109105,1.0194366179784404,-0.12160209202408778,0.6376811594202898,0.2758476265686161,0.330111522550054
