bps,D10_sharpe,D10_mean,D10_t,D10_alpha_bps,D10_alpha_t,LS_mean,LS_t,LS_alpha_bps,LS_alpha_t,LS_ir,LS_mean_vt,LS_t_vt,LS_alpha_bps_vt,LS_alpha_t_vt,LS_ir_vt,LS_maxDD_vt,LS_hit_vt,avg_turnover_D10,avg_turnover_LS
20,0.06647960163994004,0.009442091892369485,1.4070690918892474,52.411287828573045,1.3934438074858393,0.00801742868365371,3.149694568582313,83.42355084211616,3.389367437521541,1.0149603255777782,0.007906480930563101,2.9800486471869476,83.19091206916075,3.226590938851515,1.0057293151043072,-0.12116206957654951,0.6176470588235294,0.21488155251131028,0.3011567468866646
50,0.0491766342352559,0.009119769563602517,1.361482909373021,49.18625484032934,1.313266242126793,0.007565693563323713,2.979213052584099,78.8903630516005,3.2117932081464966,0.9597472414304821,0.007448185702156138,2.813990098907486,78.58452494960648,3.0543495164207335,0.9500619567535653,-0.1228731368494963,0.6176470588235294,0.21488155251131028,0.3011567468866646
100,0.020318580678113665,0.008582565682324243,1.2851236227286842,43.81119985992317,1.1780808293611738,0.006812801696107051,2.693078648330429,71.33505006740766,2.9139505236008874,0.8676757396713166,0.0066843603214778655,2.5352079748594774,70.90721308368268,2.76537479937937,0.8572147986424378,-0.12571878481109644,0.5980392156862745,0.21488155251131028,0.3011567468866646
