{"LS":{"mean_monthly":0.0083185854,"tstat_monthly":3.2628426049,"hit_rate":0.6176470588,"max_drawdown":-0.1154961,"capm_alpha":0.0086445676,"capm_alpha_t":3.5072697302,"capm_beta":-0.0658546075,"capm_ir_ann":1.0517531575,"capm_te_ann":0.0986303778},"LS_vt":{"mean_monthly":0.0083185854,"tstat_monthly":3.2628426049,"hit_rate":0.6176470588,"max_drawdown":-0.1154961,"capm_alpha":0.0086445676,"capm_alpha_t":3.5072697302,"capm_beta":-0.0658546075,"capm_ir_ann":1.0517531575,"capm_te_ann":0.0986303778},"LS_pre_vt":{"mean_monthly":0.0067017652,"tstat_monthly":3.1943563214,"hit_rate":0.6176470588,"max_drawdown":-0.0999869512,"capm_alpha":0.0068810754,"capm_alpha_t":3.4199084865,"capm_beta":-0.0362240879,"capm_ir_ann":1.0239746103,"capm_te_ann":0.080639602},"D10":{"mean_monthly":0.0096569734,"tstat_monthly":1.4373644153,"mean_monthly_excess":0.0014523785,"tstat_monthly_excess":0.215862927,"ann_sharpe_excess":0.0780098418,"hit_rate":0.568627451,"max_drawdown":-0.4219295208},"LS_alpha_vs_BOVA11":{"alpha_bps_per_month":86.4456760358,"alpha_tstat":3.5072697302,"beta":-0.0658546075,"ir_ann":1.0517531575},"LS_vt_alpha_vs_BOVA11":{"alpha_bps_per_month":86.4456760358,"alpha_tstat":3.5072697302,"beta":-0.0658546075,"ir_ann":1.0517531575},"LS_pre_vt_alpha_vs_BOVA11":{"alpha_bps_per_month":68.8107541722,"alpha_tstat":3.4199084865,"beta":-0.0362240879,"ir_ann":1.0239746103}}