{"LS":{"mean_monthly":0.0104295876,"tstat_monthly":4.2285424951,"hit_rate":0.6666666667,"max_drawdown":-0.1411447876,"capm_alpha":0.0106476904,"capm_alpha_t":4.3060582652,"capm_beta":-0.0344728822,"capm_ir_ann":1.2744369445,"capm_te_ann":0.1002578315},"LS_vt":{"mean_monthly":0.0104295876,"tstat_monthly":4.2285424951,"hit_rate":0.6666666667,"max_drawdown":-0.1411447876,"capm_alpha":0.0106476904,"capm_alpha_t":4.3060582652,"capm_beta":-0.0344728822,"capm_ir_ann":1.2744369445,"capm_te_ann":0.1002578315},"LS_pre_vt":{"mean_monthly":0.0102135192,"tstat_monthly":3.9833062604,"hit_rate":0.6666666667,"max_drawdown":-0.1743366477,"capm_alpha":0.0104758053,"capm_alpha_t":4.1204154151,"capm_beta":-0.041456407,"capm_ir_ann":1.2115117772,"capm_te_ann":0.1037626423},"LS_net":{"mean_monthly":0.0109617615,"tstat_monthly":4.3202859859,"hit_rate":0.6666666667,"max_drawdown":-0.1372792151,"capm_alpha":0.0111827456,"capm_alpha_t":4.3580204235,"capm_beta":-0.034928298,"capm_ir_ann":1.3301362454,"capm_te_ann":0.1008866177},"D10":{"mean_monthly":0.010451957,"tstat_monthly":2.1510805145,"mean_monthly_excess":0.002822717,"tstat_monthly_excess":0.5646627624,"ann_sharpe_excess":0.1314151938,"hit_rate":0.5762711864,"max_drawdown":-0.470160446},"dispersion_gate":{"mode":"none","blocked_months":0,"total_months":177},"delisting_risk":{"avg_ls_weighted_multiplier":0.9967886221,"avg_ls_weighted_score":0.0128455116,"avg_ls_flagged":0.6610169492,"avg_ls_high":0.0,"avg_universe_flagged":1.1355932203,"avg_universe_high":0.0,"avg_universe_multiplier":0.9978720306},"LS_alpha_vs_BOVA11":{"alpha_bps_per_month":106.4769037193,"alpha_tstat":4.3060582652,"beta":-0.0344728822,"ir_ann":1.2744369445},"LS_vt_alpha_vs_BOVA11":{"alpha_bps_per_month":106.4769037193,"alpha_tstat":4.3060582652,"beta":-0.0344728822,"ir_ann":1.2744369445},"LS_pre_vt_alpha_vs_BOVA11":{"alpha_bps_per_month":104.7580526484,"alpha_tstat":4.1204154151,"beta":-0.041456407,"ir_ann":1.2115117772},"LS_net_alpha_vs_BOVA11":{"alpha_bps_per_month":111.8274557793,"alpha_tstat":4.3580204235,"beta":-0.034928298,"ir_ann":1.3301362454},"LS_financing_assumptions":{"avg_short_gross":0.5,"avg_long_gross":0.5,"avg_carry":0.0037699685,"avg_borrow_cost":0.0032377946,"carry_multiplier":1.0,"borrow_cost_annual":0.08}}