bps,D10_sharpe,D10_mean,D10_t,D10_alpha_bps,D10_alpha_t,LS_mean,LS_t,LS_alpha_bps,LS_alpha_t,LS_ir,LS_mean_vt,LS_t_vt,LS_alpha_bps_vt,LS_alpha_t_vt,LS_ir_vt,LS_maxDD_vt,LS_hit_vt,avg_turnover_D10,avg_turnover_LS
20,0.1180222930880666,0.010164157082214718,2.0919654420411105,39.44190158007091,1.285297414834165,0.01058941168039151,4.167785524112195,108.10426018950619,4.207438908160228,1.2854519750723952,0.010808018981028242,4.340726495136458,109.28283995589837,4.313373324186001,1.2924217447295578,-0.12167696159234409,0.6610169491525424,0.2877999224415486,0.37234981509410164
50,0.09793016975454823,0.009732457198552397,2.003263909385767,35.1410774842298,1.143045040697581,0.010030886957750361,3.939737430220011,102.51946680482911,3.9822190233287214,1.2184595086457273,0.010242899727266126,4.104732662297975,103.62985576510287,4.079941224607009,1.2250717626045469,-0.12389506947128204,0.6610169491525424,0.2877999224415486,0.37234981509410164
100,0.06443630798954117,0.009012957392448524,1.8553574085424978,27.973037324494634,0.9070734658933434,0.009100012420015104,3.561562026545647,93.21147783036713,3.60862285546513,1.1069046029990548,0.009301034304329263,3.7133681546912514,94.20821544711046,3.693181174743573,1.1128911764447524,-0.12758267160925185,0.655367231638418,0.2877999224415486,0.37234981509410164
