bps,D10_sharpe,D10_mean,D10_t,D10_alpha_bps,D10_alpha_t,LS_mean,LS_t,LS_alpha_bps,LS_alpha_t,LS_ir,LS_mean_vt,LS_t_vt,LS_alpha_bps_vt,LS_alpha_t_vt,LS_ir_vt,LS_maxDD_vt,LS_hit_vt,avg_turnover_D10,avg_turnover_LS
20,0.19092925370359354,0.01176719738808384,2.337613722146813,53.311314971147446,1.6303243787839725,0.008035236093326958,3.617288855381614,77.79088093553797,3.5114094497232533,0.8845754329075142,0.00737863969677168,3.3518914425891597,71.28467981808564,3.22582526746171,0.8230515217837279,-0.24059727701254097,0.6086956521739131,0.09676277748571872,0.1395000879232556
50,0.18414099780647838,0.01162205322185526,2.3060324882551875,51.8575530397831,1.5830036487229138,0.007825985961442072,3.536305996742877,75.70766986478353,3.4308315499818547,0.8622160339592205,0.007171913328082238,3.2678630213356263,69.22468008255498,3.1428808983419625,0.8004327843055822,-0.24274255077790796,0.6086956521739131,0.09676277748571872,0.1395000879232556
100,0.17282925590395704,0.011380146278140966,2.253445404459844,49.434616487509196,1.5043231138767883,0.007477235741633935,3.398198733153537,72.2356514135261,3.293367890250146,0.8246151931161215,0.006827369380266502,3.1250351848272504,65.7913471900039,3.0018355430146584,0.7624095393227016,-0.24630756234054185,0.6086956521739131,0.09676277748571872,0.1395000879232556
