{"LS":{"mean_monthly":0.0098549158,"tstat_monthly":4.0194086116,"hit_rate":0.6666666667,"max_drawdown":-0.136733256,"capm_alpha":0.0101608342,"capm_alpha_t":4.1782841788,"capm_beta":-0.0483528404,"capm_ir_ann":1.2232243619,"capm_te_ann":0.099679187},"LS_vt":{"mean_monthly":0.0098549158,"tstat_monthly":4.0194086116,"hit_rate":0.6666666667,"max_drawdown":-0.136733256,"capm_alpha":0.0101608342,"capm_alpha_t":4.1782841788,"capm_beta":-0.0483528404,"capm_ir_ann":1.2232243619,"capm_te_ann":0.099679187},"LS_pre_vt":{"mean_monthly":0.0096784561,"tstat_monthly":3.7715833128,"hit_rate":0.6666666667,"max_drawdown":-0.1744854351,"capm_alpha":0.010041781,"capm_alpha_t":3.9991887803,"capm_beta":-0.0574263952,"capm_ir_ann":1.1500029705,"capm_te_ann":0.1047835312},"LS_net":{"mean_monthly":0.0104017162,"tstat_monthly":4.1157043877,"hit_rate":0.6666666667,"max_drawdown":-0.1328063517,"capm_alpha":0.0107104306,"capm_alpha_t":4.2367895872,"capm_beta":-0.0487947718,"capm_ir_ann":1.2809163103,"capm_te_ann":0.100338458},"D10":{"mean_monthly":0.0103818773,"tstat_monthly":2.1345477369,"mean_monthly_excess":0.0027526373,"tstat_monthly_excess":0.5500916938,"ann_sharpe_excess":0.1279318872,"hit_rate":0.5762711864,"max_drawdown":-0.470160446},"LS_alpha_vs_BOVA11":{"alpha_bps_per_month":101.608341568,"alpha_tstat":4.1782841788,"beta":-0.0483528404,"ir_ann":1.2232243619},"LS_vt_alpha_vs_BOVA11":{"alpha_bps_per_month":101.608341568,"alpha_tstat":4.1782841788,"beta":-0.0483528404,"ir_ann":1.2232243619},"LS_pre_vt_alpha_vs_BOVA11":{"alpha_bps_per_month":100.4178100949,"alpha_tstat":3.9991887803,"beta":-0.0574263952,"ir_ann":1.1500029705},"LS_net_alpha_vs_BOVA11":{"alpha_bps_per_month":107.1043061832,"alpha_tstat":4.2367895872,"beta":-0.0487947718,"ir_ann":1.2809163103},"LS_financing_assumptions":{"avg_short_gross":0.5,"avg_long_gross":0.5,"avg_carry":0.0037335665,"avg_borrow_cost":0.003186766,"carry_multiplier":1.0,"borrow_cost_annual":0.08}}