bps,D10_sharpe,D10_mean,D10_t,D10_alpha_bps,D10_alpha_t,LS_mean,LS_t,LS_alpha_bps,LS_alpha_t,LS_ir,LS_mean_vt,LS_t_vt,LS_alpha_bps_vt,LS_alpha_t_vt,LS_ir_vt,LS_maxDD_vt,LS_hit_vt,avg_turnover_D10,avg_turnover_LS
20,0.11457321533743976,0.010094315181278003,2.0755671047638877,38.695999529131235,1.2581451929644012,0.010049793306455626,3.9716002710309657,103.58505119059564,4.092774800222113,1.2385290314637576,0.010301815056948712,4.094660022639683,105.2727036161954,4.154650037624967,1.250692033234676,-0.1190386315462254,0.6666666666666666,0.2875621028113931,0.35192293118586204
50,0.09453232690860518,0.009662972027060908,1.9870644785436133,34.39898146446265,1.116407160337015,0.009521908909676833,3.756021367928546,98.30616870162696,3.8773025119168802,1.174967470485104,0.00976652961895855,3.8747582865731807,99.91849455994945,3.934905396775371,1.186765852925066,-0.12118232972043075,0.6497175141242938,0.2875621028113931,0.35192293118586204
100,0.0611235661709723,0.008944066770032429,1.8394820940074104,27.23728469001499,0.8812758536085454,0.008642101581712178,3.398295741421396,89.5080312200124,3.5196811645260935,1.0690922531907097,0.008874387222308286,3.509760786759238,90.99481279953956,3.5704689644684415,1.0802456117891688,-0.12474656115062976,0.632768361581921,0.2875621028113931,0.35192293118586204
