{"LS":{"mean_monthly":0.0080312235,"tstat_monthly":3.0254355027,"hit_rate":0.637254902,"max_drawdown":-0.1231049992,"capm_alpha":0.0082744031,"capm_alpha_t":3.2082081434,"capm_beta":-0.0491269103,"capm_ir_ann":1.0088209002,"capm_te_ann":0.0984246431},"LS_vt":{"mean_monthly":0.0080312235,"tstat_monthly":3.0254355027,"hit_rate":0.637254902,"max_drawdown":-0.1231049992,"capm_alpha":0.0082744031,"capm_alpha_t":3.2082081434,"capm_beta":-0.0491269103,"capm_ir_ann":1.0088209002,"capm_te_ann":0.0984246431},"LS_pre_vt":{"mean_monthly":0.00650312,"tstat_monthly":2.9776063998,"hit_rate":0.637254902,"max_drawdown":-0.1051470582,"capm_alpha":0.0066391669,"capm_alpha_t":3.1441796252,"capm_beta":-0.0274840539,"capm_ir_ann":0.9794742271,"capm_te_ann":0.0813395597},"D10":{"mean_monthly":0.0090376507,"tstat_monthly":1.2801257955,"mean_monthly_excess":0.0008330558,"tstat_monthly_excess":0.1179897874,"ann_sharpe_excess":0.0439461768,"hit_rate":0.5588235294,"max_drawdown":-0.457097203},"LS_alpha_vs_BOVA11":{"alpha_bps_per_month":82.7440308767,"alpha_tstat":3.2082081434,"beta":-0.0491269103,"ir_ann":1.0088209002},"LS_vt_alpha_vs_BOVA11":{"alpha_bps_per_month":82.7440308767,"alpha_tstat":3.2082081434,"beta":-0.0491269103,"ir_ann":1.0088209002},"LS_pre_vt_alpha_vs_BOVA11":{"alpha_bps_per_month":66.3916686162,"alpha_tstat":3.1441796252,"beta":-0.0274840539,"ir_ann":0.9794742271}}