bps,D10_sharpe,D10_mean,D10_t,D10_alpha_bps,D10_alpha_t,LS_mean,LS_t,LS_alpha_bps,LS_alpha_t,LS_ir,LS_mean_vt,LS_t_vt,LS_alpha_bps_vt,LS_alpha_t_vt,LS_ir_vt,LS_maxDD_vt,LS_hit_vt,avg_turnover_D10,avg_turnover_LS
20,0.032989734081971,0.008829908716462815,1.2519478546615186,45.58055284938574,1.0953439638646199,0.007737803295652211,2.921498240275506,79.79615664261641,3.1002921161701096,0.9729482166759719,0.007804718345419883,2.8095249561333273,81.21385922306929,2.992734126544987,0.9750629776114206,-0.12841021157463317,0.6274509803921569,0.2077419888838574,0.29342019403146835
50,0.016551822057412815,0.008518295733137029,1.2095698810531754,42.45162782425822,1.0239989350275849,0.007297673004605009,2.764634338943549,75.37434529149516,2.9374941983692713,0.9191036766361479,0.007354309231350614,2.6566302084909483,76.68210922002068,2.8349103843765473,0.9207758512865434,-0.12985805224777547,0.6274509803921569,0.2077419888838574,0.29342019403146835
100,-0.010852916375784514,0.007998940760927383,1.1386439361516947,37.23675278237903,0.9038696999059543,0.006564122519526337,2.500645989097192,68.00465970629311,2.663716180719924,0.8292816350511099,0.0066036273745684985,2.399231804026358,69.1291925482731,2.5693751131425002,0.8302041788460405,-0.1322666750303081,0.6176470588235294,0.2077419888838574,0.29342019403146835
