{"LS":{"mean_monthly":0.0081942995,"tstat_monthly":3.4432750157,"hit_rate":0.6176470588,"max_drawdown":-0.0957784189,"capm_alpha":0.0083718301,"capm_alpha_t":3.5441405323,"capm_beta":-0.035864555,"capm_ir_ann":1.0300159743,"capm_te_ann":0.0975343715},"LS_vt":{"mean_monthly":0.0081942995,"tstat_monthly":3.4432750157,"hit_rate":0.6176470588,"max_drawdown":-0.0957784189,"capm_alpha":0.0083718301,"capm_alpha_t":3.5441405323,"capm_beta":-0.035864555,"capm_ir_ann":1.0300159743,"capm_te_ann":0.0975343715},"LS_pre_vt":{"mean_monthly":0.006785604,"tstat_monthly":3.4669395337,"hit_rate":0.6176470588,"max_drawdown":-0.0735681449,"capm_alpha":0.0068472497,"capm_alpha_t":3.5567979742,"capm_beta":-0.0124536031,"capm_ir_ann":1.0205297641,"capm_te_ann":0.0805140618},"D10":{"mean_monthly":0.0094967204,"tstat_monthly":1.3894698474,"mean_monthly_excess":0.0012921255,"tstat_monthly_excess":0.1885798732,"ann_sharpe_excess":0.0690939398,"hit_rate":0.5882352941,"max_drawdown":-0.4424196255},"LS_alpha_vs_BOVA11":{"alpha_bps_per_month":83.7183005774,"alpha_tstat":3.5441405323,"beta":-0.035864555,"ir_ann":1.0300159743},"LS_vt_alpha_vs_BOVA11":{"alpha_bps_per_month":83.7183005774,"alpha_tstat":3.5441405323,"beta":-0.035864555,"ir_ann":1.0300159743},"LS_pre_vt_alpha_vs_BOVA11":{"alpha_bps_per_month":68.4724970555,"alpha_tstat":3.5567979742,"beta":-0.0124536031,"ir_ann":1.0205297641}}