bps,D10_sharpe,D10_mean,D10_t,D10_alpha_bps,D10_alpha_t,LS_mean,LS_t,LS_alpha_bps,LS_alpha_t,LS_ir,LS_mean_vt,LS_t_vt,LS_alpha_bps_vt,LS_alpha_t_vt,LS_ir_vt,LS_maxDD_vt,LS_hit_vt,avg_turnover_D10,avg_turnover_LS
20,0.2059914386063555,0.011828305756527737,2.5664471544539276,57.615769274524425,2.185930429879786,0.011534837830669331,4.382859836671012,121.09860473588894,4.746276920935523,1.4589107571635085,0.012218674129538549,4.595204653170828,127.9691718071238,4.9425285442883915,1.5155375820577508,-0.1479760834571845,0.6666666666666666,0.12241433245581862,0.18078832494514946
50,0.19688040813392896,0.011644684257844009,2.5219179978424586,55.75054900187754,2.1106284099906367,0.011263655343251607,4.287000954154423,118.34296769284053,4.644588248308707,1.4277226250878547,0.011938481798047509,4.501429965482993,125.12815206890534,4.84276365963996,1.4844257649011523,-0.15174236995123647,0.6666666666666666,0.12241433245581862,0.18078832494514946
100,0.18170961862991739,0.011338648426704463,2.4478841732334797,52.641848547466125,1.985352508950768,0.010811684530888734,4.124550773857307,113.75023928775974,4.472151676617456,1.3747971993717765,0.011471494578895777,4.341675554118605,120.39311917187447,4.672815841487917,1.4315117921045588,-0.1579893952899949,0.6666666666666666,0.12241433245581862,0.18078832494514946
