{"LS":{"mean_monthly":0.0110728205,"tstat_monthly":4.2393539895,"hit_rate":0.6836158192,"max_drawdown":-0.1953493377,"capm_alpha":0.0116483291,"capm_alpha_t":4.6225159466,"capm_beta":-0.0909637244,"capm_ir_ann":1.405157207,"capm_te_ann":0.0994763777},"LS_vt":{"mean_monthly":0.0110728205,"tstat_monthly":4.2393539895,"hit_rate":0.6836158192,"max_drawdown":-0.1953493377,"capm_alpha":0.0116483291,"capm_alpha_t":4.6225159466,"capm_beta":-0.0909637244,"capm_ir_ann":1.405157207,"capm_te_ann":0.0994763777},"LS_pre_vt":{"mean_monthly":0.0108346491,"tstat_monthly":4.0338360181,"hit_rate":0.6836158192,"max_drawdown":-0.2549279686,"capm_alpha":0.0113878798,"capm_alpha_t":4.4434734233,"capm_beta":-0.0874425197,"capm_ir_ann":1.2691919211,"capm_te_ann":0.1076705225},"LS_net":{"mean_monthly":0.0117156262,"tstat_monthly":4.44606286,"hit_rate":0.6666666667,"max_drawdown":-0.1754688254,"capm_alpha":0.0122935696,"capm_alpha_t":4.8132921663,"capm_beta":-0.0913485756,"capm_ir_ann":1.4794543572,"capm_te_ann":0.0997143539},"D10":{"mean_monthly":0.0119507201,"tstat_monthly":2.5961757788,"mean_monthly_excess":0.0043214801,"tstat_monthly_excess":0.9036545041,"ann_sharpe_excess":0.2120687367,"hit_rate":0.6101694915,"max_drawdown":-0.4525952151},"dispersion_gate":{"mode":"quantile80","blocked_months":122,"total_months":177},"delisting_risk":{"avg_ls_weighted_multiplier":0.9968802992,"avg_ls_weighted_score":0.0124788031,"avg_ls_flagged":0.4802259887,"avg_ls_high":0.0,"avg_universe_flagged":1.1355932203,"avg_universe_high":0.0,"avg_universe_multiplier":0.9978720306},"LS_alpha_vs_BOVA11":{"alpha_bps_per_month":116.4832908291,"alpha_tstat":4.6225159466,"beta":-0.0909637244,"ir_ann":1.405157207},"LS_vt_alpha_vs_BOVA11":{"alpha_bps_per_month":116.4832908291,"alpha_tstat":4.6225159466,"beta":-0.0909637244,"ir_ann":1.405157207},"LS_pre_vt_alpha_vs_BOVA11":{"alpha_bps_per_month":113.8787976993,"alpha_tstat":4.4434734233,"beta":-0.0874425197,"ir_ann":1.2691919211},"LS_net_alpha_vs_BOVA11":{"alpha_bps_per_month":122.9356960979,"alpha_tstat":4.8132921663,"beta":-0.0913485756,"ir_ann":1.4794543572},"LS_financing_assumptions":{"avg_short_gross":0.5,"avg_long_gross":0.4945374236,"avg_carry":0.0037482984,"avg_borrow_cost":0.0031054927,"carry_multiplier":1.0,"borrow_cost_annual":0.08}}