bps,D10_sharpe,D10_mean,D10_t,D10_alpha_bps,D10_alpha_t,LS_mean,LS_t,LS_alpha_bps,LS_alpha_t,LS_ir,LS_mean_vt,LS_t_vt,LS_alpha_bps_vt,LS_alpha_t_vt,LS_ir_vt,LS_maxDD_vt,LS_hit_vt,avg_turnover_D10,avg_turnover_LS
20,0.06330719719455256,0.009342556359406421,1.5282934361577079,58.947687069611284,1.4530350880360894,0.011402276722731256,3.119523027903198,116.57916477241899,3.349202226808382,1.3647770288866072,0.0113281269171365,3.217918660276246,115.4803137260263,3.414147439163123,1.4367800383809808,-0.1281847847997366,0.6526315789473685,0.2822612475244053,0.35381332775967206
50,0.04029576405629313,0.008919164488119812,1.460383502579294,54.72970160789962,1.347825924078184,0.01087155673109175,2.963917632693816,111.2779611201593,3.1854483170002528,1.301433325019633,0.010826837743441139,3.0676639547144404,110.47054218023153,3.2570602842314527,1.3733683540595858,-0.13137278067770053,0.6421052631578947,0.2822612475244053,0.35381332775967206
100,0.0019144663095102049,0.0082135113693088,1.3468897063087464,47.699725838380175,1.1728491951175828,0.00998702341169257,2.7068440754751197,102.44262169972652,2.91495916513679,1.1960681714181982,0.009991355787282205,2.818797103715192,102.12092293724027,2.9970040997193355,1.2678291474369459,-0.13666400695313108,0.6421052631578947,0.2822612475244053,0.35381332775967206
