{"LS":{"mean_monthly":0.0117560901,"tstat_monthly":3.2238267019,"hit_rate":0.6631578947,"max_drawdown":-0.1489676377,"capm_alpha":0.0120113301,"capm_alpha_t":3.4589792661,"capm_beta":-0.0614454711,"capm_ir_ann":1.4070551291,"capm_te_ann":0.1024380336},"LS_vt":{"mean_monthly":0.0117560901,"tstat_monthly":3.2238267019,"hit_rate":0.6631578947,"max_drawdown":-0.1489676377,"capm_alpha":0.0120113301,"capm_alpha_t":3.4589792661,"capm_beta":-0.0614454711,"capm_ir_ann":1.4070551291,"capm_te_ann":0.1024380336},"LS_pre_vt":{"mean_monthly":0.0128133717,"tstat_monthly":3.0722025045,"hit_rate":0.6631578947,"max_drawdown":-0.2155372887,"capm_alpha":0.0130854701,"capm_alpha_t":3.3158280248,"capm_beta":-0.0655038913,"capm_ir_ann":1.2640238702,"capm_te_ann":0.1242268003},"D10":{"mean_monthly":0.0096248176,"tstat_monthly":1.5734880559,"mean_monthly_excess":0.0014464873,"tstat_monthly_excess":0.2378318151,"ann_sharpe_excess":0.0786407548,"hit_rate":0.6,"max_drawdown":-0.3541584283},"LS_alpha_vs_BOVA11":{"alpha_bps_per_month":120.1133005406,"alpha_tstat":3.4589792661,"beta":-0.0614454711,"ir_ann":1.4070551291},"LS_vt_alpha_vs_BOVA11":{"alpha_bps_per_month":120.1133005406,"alpha_tstat":3.4589792661,"beta":-0.0614454711,"ir_ann":1.4070551291},"LS_pre_vt_alpha_vs_BOVA11":{"alpha_bps_per_month":130.854700727,"alpha_tstat":3.3158280248,"beta":-0.0655038913,"ir_ann":1.2640238702}}