{"LS":{"mean_monthly":0.0081667996,"tstat_monthly":3.4108668758,"hit_rate":0.6176470588,"max_drawdown":-0.0893886857,"capm_alpha":0.0083187858,"capm_alpha_t":3.5156181462,"capm_beta":-0.0307041201,"capm_ir_ann":1.0261856245,"capm_te_ann":0.0972781413},"LS_vt":{"mean_monthly":0.0081667996,"tstat_monthly":3.4108668758,"hit_rate":0.6176470588,"max_drawdown":-0.0893886857,"capm_alpha":0.0083187858,"capm_alpha_t":3.5156181462,"capm_beta":-0.0307041201,"capm_ir_ann":1.0261856245,"capm_te_ann":0.0972781413},"LS_pre_vt":{"mean_monthly":0.0073753361,"tstat_monthly":3.4574236484,"hit_rate":0.6176470588,"max_drawdown":-0.0765232023,"capm_alpha":0.0074199871,"capm_alpha_t":3.5536307444,"capm_beta":-0.0090203476,"capm_ir_ann":1.0179999838,"capm_te_ann":0.0874654683},"D10":{"mean_monthly":0.0089574598,"tstat_monthly":1.242800326,"mean_monthly_excess":0.0007528649,"tstat_monthly_excess":0.1044190701,"ann_sharpe_excess":0.0392585668,"hit_rate":0.568627451,"max_drawdown":-0.4690056096},"LS_alpha_vs_BOVA11":{"alpha_bps_per_month":83.1878584525,"alpha_tstat":3.5156181462,"beta":-0.0307041201,"ir_ann":1.0261856245},"LS_vt_alpha_vs_BOVA11":{"alpha_bps_per_month":83.1878584525,"alpha_tstat":3.5156181462,"beta":-0.0307041201,"ir_ann":1.0261856245},"LS_pre_vt_alpha_vs_BOVA11":{"alpha_bps_per_month":74.1998710889,"alpha_tstat":3.5536307444,"beta":-0.0090203476,"ir_ann":1.0179999838}}