{
  "max_drawdown_full": -0.19533601279462098,
  "max_drawdown_12m": -0.06894903222645621,
  "max_drawdown_24m": -0.06894903222645621,
  "worst_month": -0.09002453727755196,
  "avg_ls_multiplier": 0.99688749012901,
  "avg_ls_score": 0.012450039483960115,
  "last_ls_multiplier": 1.0,
  "last_ls_flagged": 0.0,
  "last_ls_high": 0.0
}