{"LS":{"mean_monthly":0.0105904049,"tstat_monthly":4.1824055176,"hit_rate":0.7005649718,"max_drawdown":-0.1323107912,"capm_alpha":0.0115240887,"capm_alpha_t":4.9674943329,"capm_beta":-0.1475761658,"capm_ir_ann":1.3621982077,"capm_te_ann":0.1015190472},"LS_vt":{"mean_monthly":0.0105904049,"tstat_monthly":4.1824055176,"hit_rate":0.7005649718,"max_drawdown":-0.1323107912,"capm_alpha":0.0115240887,"capm_alpha_t":4.9674943329,"capm_beta":-0.1475761658,"capm_ir_ann":1.3621982077,"capm_te_ann":0.1015190472},"LS_pre_vt":{"mean_monthly":0.0100283832,"tstat_monthly":3.6824449909,"hit_rate":0.7005649718,"max_drawdown":-0.2048311744,"capm_alpha":0.0109405252,"capm_alpha_t":4.3825495937,"capm_beta":-0.1441713184,"capm_ir_ann":1.1437435981,"capm_te_ann":0.1147864808},"LS_net":{"mean_monthly":0.0110831152,"tstat_monthly":4.3045545447,"hit_rate":0.7005649718,"max_drawdown":-0.1308427852,"capm_alpha":0.0120202465,"capm_alpha_t":5.0858102005,"capm_beta":-0.1481210866,"capm_ir_ann":1.4161202579,"capm_te_ann":0.1018578455},"D10":{"mean_monthly":0.0119204568,"tstat_monthly":2.578735459,"mean_monthly_excess":0.0042912168,"tstat_monthly_excess":0.9013229728,"ann_sharpe_excess":0.2016807076,"hit_rate":0.581920904,"max_drawdown":-0.4694198409},"dispersion_gate":{"mode":"quantile50","blocked_months":77,"total_months":177},"delisting_risk":{"avg_ls_weighted_multiplier":0.9969181182,"avg_ls_weighted_score":0.0123275271,"avg_ls_flagged":0.593220339,"avg_ls_high":0.0,"avg_universe_flagged":1.1355932203,"avg_universe_high":0.0,"avg_universe_multiplier":0.9978720306},"LS_alpha_vs_BOVA11":{"alpha_bps_per_month":115.2408868153,"alpha_tstat":4.9674943329,"beta":-0.1475761658,"ir_ann":1.3621982077},"LS_vt_alpha_vs_BOVA11":{"alpha_bps_per_month":115.2408868153,"alpha_tstat":4.9674943329,"beta":-0.1475761658,"ir_ann":1.3621982077},"LS_pre_vt_alpha_vs_BOVA11":{"alpha_bps_per_month":109.4052521375,"alpha_tstat":4.3825495937,"beta":-0.1441713184,"ir_ann":1.1437435981},"LS_net_alpha_vs_BOVA11":{"alpha_bps_per_month":120.2024653562,"alpha_tstat":5.0858102005,"beta":-0.1481210866,"ir_ann":1.4161202579},"LS_financing_assumptions":{"avg_short_gross":0.5,"avg_long_gross":0.4998122609,"avg_carry":0.0036131345,"avg_borrow_cost":0.0031204243,"carry_multiplier":1.0,"borrow_cost_annual":0.08}}