bps,D10_sharpe,D10_mean,D10_t,D10_alpha_bps,D10_alpha_t,LS_mean,LS_t,LS_alpha_bps,LS_alpha_t,LS_ir,LS_mean_vt,LS_t_vt,LS_alpha_bps_vt,LS_alpha_t_vt,LS_ir_vt,LS_maxDD_vt,LS_hit_vt,avg_turnover_D10,avg_turnover_LS
20,0.19248922006187957,0.011725387732876439,2.5354139134562903,54.84127177264313,2.074187378878641,0.01082132586259758,4.210115402299878,117.56900335341273,4.9832569252203145,1.3867481743371737,0.011266741575571036,4.456273513958857,122.3829259272892,5.288443598921198,1.4806631196704034,-0.106762528850747,0.6949152542372882,0.19506906048427253,0.261789340448492
50,0.17870398068331705,0.011432784142150033,2.4704374815336716,51.901806383211834,1.9609457480426153,0.010428641851924842,4.067341512670267,113.61881034922233,4.828019381465475,1.342365785168198,0.010868554986338035,4.309551813405599,118.37809459180447,5.128086558344074,1.4347401565110836,-0.11027923607362278,0.6949152542372882,0.19506906048427253,0.261789340448492
100,0.1557354158813138,0.010945111490939349,2.3621748804905485,47.00269740082635,1.7723524347895747,0.009774168500803612,3.8265349030464835,107.03515534223821,4.565697174055469,1.2675800281556489,0.010204910670949703,4.061750835818263,111.70337569932995,4.856667364322225,1.3572314678065174,-0.11611412214343331,0.6836158192090396,0.19506906048427253,0.261789340448492
