{"LS":{"mean_monthly":0.0081330174,"tstat_monthly":3.3548625113,"hit_rate":0.6078431373,"max_drawdown":-0.0894761413,"capm_alpha":0.0077953112,"capm_alpha_t":3.2843529066,"capm_beta":0.0682230831,"capm_ir_ann":0.9868674494,"capm_te_ann":0.0947885496},"LS_vt":{"mean_monthly":0.0081330174,"tstat_monthly":3.3548625113,"hit_rate":0.6078431373,"max_drawdown":-0.0894761413,"capm_alpha":0.0077953112,"capm_alpha_t":3.2843529066,"capm_beta":0.0682230831,"capm_ir_ann":0.9868674494,"capm_te_ann":0.0947885496},"LS_pre_vt":{"mean_monthly":0.0069063875,"tstat_monthly":3.3513953869,"hit_rate":0.6078431373,"max_drawdown":-0.0757687939,"capm_alpha":0.00659715,"capm_alpha_t":3.2857837109,"capm_beta":0.0624718544,"capm_ir_ann":0.9920695412,"capm_te_ann":0.0797986401},"D10":{"mean_monthly":0.0089812137,"tstat_monthly":1.2712422266,"mean_monthly_excess":0.0007766188,"tstat_monthly_excess":0.1097625065,"ann_sharpe_excess":0.0410632776,"hit_rate":0.5784313725,"max_drawdown":-0.4649129484},"LS_alpha_vs_BOVA11":{"alpha_bps_per_month":77.9531118244,"alpha_tstat":3.2843529066,"beta":0.0682230831,"ir_ann":0.9868674494},"LS_vt_alpha_vs_BOVA11":{"alpha_bps_per_month":77.9531118244,"alpha_tstat":3.2843529066,"beta":0.0682230831,"ir_ann":0.9868674494},"LS_pre_vt_alpha_vs_BOVA11":{"alpha_bps_per_month":65.9715002617,"alpha_tstat":3.2857837109,"beta":0.0624718544,"ir_ann":0.9920695412}}