bps,D10_sharpe,D10_mean,D10_t,D10_alpha_bps,D10_alpha_t,LS_mean,LS_t,LS_alpha_bps,LS_alpha_t,LS_ir,LS_mean_vt,LS_t_vt,LS_alpha_bps_vt,LS_alpha_t_vt,LS_ir_vt,LS_maxDD_vt,LS_hit_vt,avg_turnover_D10,avg_turnover_LS
20,0.030732545011090455,0.008785787124646392,1.2449885569692298,45.58210502071978,1.0943623320272764,0.007855458748078803,3.2466022813213864,75.16482920642676,3.172487719755874,0.9512926203100373,0.007834264520802568,3.1342000717827143,75.4265504599854,3.0325649774176786,0.9304377738101678,-0.10116381029362542,0.5980392156862745,0.19542656764398394,0.2775586290505303
50,0.01523344711323861,0.008492647273180417,1.2054902140044845,42.64044042065746,1.027847557156449,0.007439120804503008,3.083327830736014,70.9824052794786,3.0038368948014926,0.8979407683023927,0.007406705465548375,2.970940630717439,71.12716996922703,2.8675654337596845,0.8769875732835252,-0.10294531133976803,0.5980392156862745,0.19542656764398394,0.2775586290505303
100,-0.010605903379075342,0.008004080854070457,1.1393453469488353,37.737666087220205,0.9157713381470042,0.006745224231876682,2.808869110486728,64.01169873456504,2.7205092284903634,0.8090637030349928,0.006694107040124721,2.69667971095823,63.96153581796305,2.590316189801075,0.7879531893586734,-0.10590836261365888,0.5784313725490197,0.19542656764398394,0.2775586290505303
