bps,D10_sharpe,D10_mean,D10_t,D10_alpha_bps,D10_alpha_t,LS_mean,LS_t,LS_alpha_bps,LS_alpha_t,LS_ir,LS_mean_vt,LS_t_vt,LS_alpha_bps_vt,LS_alpha_t_vt,LS_ir_vt,LS_maxDD_vt,LS_hit_vt,avg_turnover_D10,avg_turnover_LS
20,0.13732635876946228,0.010614265188512462,2.2143274789658185,38.3038233435261,1.455546400285732,0.009872810597746674,4.816222249034102,101.99609642956798,5.139768058104437,1.2096081596668518,0.00941851854944147,4.595024135232018,97.96755994926697,4.929592224465166,1.161652734455321,-0.22039818160846858,0.6413043478260869,0.19447705245948602,0.2787795358762884
50,0.1237683254605547,0.01032254960982323,2.1557602086683145,35.39009995260852,1.3486194778040812,0.009454641293932241,4.620422628055289,97.80645490023183,4.9371626811662255,1.159655939448654,0.0089958569380901,4.391496290824999,93.73073229100021,4.719661811348108,1.1110159070452448,-0.23068130829202627,0.6195652173913043,0.19447705245948602,0.2787795358762884
100,0.10115948879056906,0.009836356978674514,2.0578341737040686,30.53389430107933,1.1690020067687215,0.00875769245424152,4.292131639702796,90.82371901800475,4.5974371899877085,1.076383631477076,0.008291420919171153,4.051206550719299,86.66935286055558,4.3685096165775175,1.0266343243569414,-0.24752917462435264,0.6141304347826086,0.19447705245948602,0.2787795358762884
