{
  "max_drawdown_full": -0.14410544791562752,
  "max_drawdown_12m": -0.07330268525757222,
  "max_drawdown_24m": -0.07330268525757233,
  "worst_month": -0.07330268525757218,
  "avg_ls_multiplier": 0.9985344404572254,
  "avg_ls_score": 0.005862238171098361,
  "last_ls_multiplier": 1.0,
  "last_ls_flagged": 0.0,
  "last_ls_high": 0.0
}