{"LS":{"mean_monthly":0.0095030817,"tstat_monthly":4.8325502339,"hit_rate":0.6195652174,"max_drawdown":-0.1441054479,"capm_alpha":0.0098251352,"capm_alpha_t":5.1410010066,"capm_beta":-0.0481723242,"capm_ir_ann":1.1717633859,"capm_te_ann":0.1006189677},"LS_vt":{"mean_monthly":0.0095030817,"tstat_monthly":4.8325502339,"hit_rate":0.6195652174,"max_drawdown":-0.1441054479,"capm_alpha":0.0098251352,"capm_alpha_t":5.1410010066,"capm_beta":-0.0481723242,"capm_ir_ann":1.1717633859,"capm_te_ann":0.1006189677},"LS_pre_vt":{"mean_monthly":0.0079431535,"tstat_monthly":4.9108921439,"hit_rate":0.6195652174,"max_drawdown":-0.1055950509,"capm_alpha":0.0081431842,"capm_alpha_t":5.1943532704,"capm_beta":-0.0299203241,"capm_ir_ann":1.1755048618,"capm_te_ann":0.0831287169},"LS_net":{"mean_monthly":0.0101515901,"tstat_monthly":4.9462538975,"hit_rate":0.6413043478,"max_drawdown":-0.1940734887,"capm_alpha":0.0104789191,"capm_alpha_t":5.2743116851,"capm_beta":-0.0489614233,"capm_ir_ann":1.2429022803,"capm_te_ann":0.1011720961},"D10":{"mean_monthly":0.0108087422,"tstat_monthly":2.2532932924,"mean_monthly_excess":0.0031440532,"tstat_monthly_excess":0.6409123942,"ann_sharpe_excess":0.1463619553,"hit_rate":0.5489130435,"max_drawdown":-0.487709738},"dispersion_gate":{"mode":"none","blocked_months":0,"total_months":184},"regime_scaler":{"mode":"hedge","avg_scale":1.0008476089,"min_scale":0.9385281057,"max_scale":1.0685022519,"weights":{"dispersion":0.4,"vol":0.4,"macro":0.2}},"delisting_risk":{"avg_ls_weighted_multiplier":0.9985344405,"avg_ls_weighted_score":0.0058622382,"avg_ls_flagged":0.277173913,"avg_ls_high":0.0,"avg_universe_flagged":0.7336956522,"avg_universe_high":0.0,"avg_universe_multiplier":0.9984233837},"LS_alpha_vs_BOVA11":{"alpha_bps_per_month":98.2513518589,"alpha_tstat":5.1410010066,"beta":-0.0481723242,"ir_ann":1.1717633859},"LS_vt_alpha_vs_BOVA11":{"alpha_bps_per_month":98.2513518589,"alpha_tstat":5.1410010066,"beta":-0.0481723242,"ir_ann":1.1717633859},"LS_pre_vt_alpha_vs_BOVA11":{"alpha_bps_per_month":81.4318423656,"alpha_tstat":5.1943532704,"beta":-0.0299203241,"ir_ann":1.1755048618},"LS_net_alpha_vs_BOVA11":{"alpha_bps_per_month":104.7891907825,"alpha_tstat":5.2743116851,"beta":-0.0489614233,"ir_ann":1.2429022803},"LS_financing_assumptions":{"avg_short_gross":0.5,"avg_long_gross":0.5,"avg_carry":0.0046370035,"avg_borrow_cost":0.0039884951,"carry_multiplier":1.0,"borrow_cost_annual":0.08}}