bps,D10_sharpe,D10_mean,D10_t,D10_alpha_bps,D10_alpha_t,LS_mean,LS_t,LS_alpha_bps,LS_alpha_t,LS_ir,LS_mean_vt,LS_t_vt,LS_alpha_bps_vt,LS_alpha_t_vt,LS_ir_vt,LS_maxDD_vt,LS_hit_vt,avg_turnover_D10,avg_turnover_LS
20,0.04114540869586973,0.008955100663570102,1.363387528110275,48.39019815079656,1.2996539210263263,0.008523869600824859,3.3251113696581975,86.2474956429423,3.4173867777168763,1.0583568023472165,0.00832112948211738,3.133475247055335,85.02968173453993,3.224121870855054,1.0316972810455396,-0.119957971307731,0.6176470588235294,0.20751898684424633,0.2887199528328965
50,0.024084606366925845,0.008643822183303734,1.3180876413048663,45.27121440643258,1.2207486151276714,0.008090789671575515,3.1632751901584153,81.89828231869818,3.251589768067629,1.004826422604288,0.00788093127378615,2.9735560562204033,80.6033733438637,3.0620389262356564,0.9778965495891004,-0.12171830464742961,0.6078431372549019,0.20751898684424633,0.2887199528328965
100,-0.004364506114251193,0.008125024716193118,1.2422505008640834,40.07290816582592,1.087799903955777,0.007368989789493273,2.8916763505474625,74.64959344495793,2.973506375804992,0.9155800778522842,0.0071472675932340995,2.705342369426296,73.22619269273669,2.7902662858375797,0.8881897759313669,-0.1246459974329317,0.5784313725490197,0.20751898684424633,0.2887199528328965
