{"LS":{"mean_monthly":0.0088125896,"tstat_monthly":3.4325267906,"hit_rate":0.6274509804,"max_drawdown":-0.1002756612,"capm_alpha":0.0089146971,"capm_alpha_t":3.5274704711,"capm_beta":-0.0206276729,"capm_ir_ann":1.094033178,"capm_te_ann":0.0977816465},"LS_vt":{"mean_monthly":0.0088125896,"tstat_monthly":3.4325267906,"hit_rate":0.6274509804,"max_drawdown":-0.1002756612,"capm_alpha":0.0089146971,"capm_alpha_t":3.5274704711,"capm_beta":-0.0206276729,"capm_ir_ann":1.094033178,"capm_te_ann":0.0977816465},"LS_pre_vt":{"mean_monthly":0.0072931578,"tstat_monthly":3.428718206,"hit_rate":0.6274509804,"max_drawdown":-0.0771936588,"capm_alpha":0.0072872334,"capm_alpha_t":3.5227510118,"capm_beta":0.001196846,"capm_ir_ann":1.0893144663,"capm_te_ann":0.0802769111},"D10":{"mean_monthly":0.0091626197,"tstat_monthly":1.3935030898,"mean_monthly_excess":0.0009580247,"tstat_monthly_excess":0.1453538666,"ann_sharpe_excess":0.0525155408,"hit_rate":0.568627451,"max_drawdown":-0.4163625373},"LS_alpha_vs_BOVA11":{"alpha_bps_per_month":89.1469711924,"alpha_tstat":3.5274704711,"beta":-0.0206276729,"ir_ann":1.094033178},"LS_vt_alpha_vs_BOVA11":{"alpha_bps_per_month":89.1469711924,"alpha_tstat":3.5274704711,"beta":-0.0206276729,"ir_ann":1.094033178},"LS_pre_vt_alpha_vs_BOVA11":{"alpha_bps_per_month":72.8723338231,"alpha_tstat":3.5227510118,"beta":0.001196846,"ir_ann":1.0893144663}}