bps,D10_sharpe,D10_mean,D10_t,D10_alpha_bps,D10_alpha_t,LS_mean,LS_t,LS_alpha_bps,LS_alpha_t,LS_ir,LS_mean_vt,LS_t_vt,LS_alpha_bps_vt,LS_alpha_t_vt,LS_ir_vt,LS_maxDD_vt,LS_hit_vt,avg_turnover_D10,avg_turnover_LS
20,0.02075558958776492,0.008551640591960619,1.4342061200852743,53.91098850010979,1.2970887141487926,0.00827836048982647,2.305945906690157,86.92672743172248,2.6517253647906087,1.036814498887495,0.008172709718872935,2.3937932357986913,85.46315694468065,2.722431148240177,1.0885108827103143,-0.15017253217502624,0.631578947368421,0.2748146006040743,0.351694597506882
50,-0.0021638728026176497,0.008139418691054508,1.3657291002890293,49.803692517666754,1.1967384673616164,0.0077508185935661455,2.148773170118361,81.65234864377594,2.477467001825849,0.9725075597567068,0.007673056706264866,2.2375536062797576,80.46563106265299,2.550316276821957,1.023610409515921,-0.15345698240414907,0.6105263157894737,0.2748146006040743,0.351694597506882
100,-0.04038311683296718,0.007452382189544323,1.2514283493214993,42.958199213595016,1.030019215271522,0.006871582099798942,1.8899548879186545,72.86171733053169,2.1909496934516928,0.8656762675443828,0.006840301685251415,1.979957376117898,72.13642125927346,2.266969847086065,0.9157168682138759,-0.1589070316716491,0.5894736842105263,0.2748146006040743,0.351694597506882
