{"LS":{"mean_monthly":0.0086300551,"tstat_monthly":2.411513272,"hit_rate":0.6421052632,"max_drawdown":-0.1670049909,"capm_alpha":0.009044298,"capm_alpha_t":2.7688786613,"capm_beta":-0.0997232029,"capm_ir_ann":1.0797689928,"capm_te_ann":0.1005136994},"LS_vt":{"mean_monthly":0.0086300551,"tstat_monthly":2.411513272,"hit_rate":0.6421052632,"max_drawdown":-0.1670049909,"capm_alpha":0.009044298,"capm_alpha_t":2.7688786613,"capm_beta":-0.0997232029,"capm_ir_ann":1.0797689928,"capm_te_ann":0.1005136994},"LS_pre_vt":{"mean_monthly":0.0098196837,"tstat_monthly":2.1570411571,"hit_rate":0.6421052632,"max_drawdown":-0.2533587358,"capm_alpha":0.0103791199,"capm_alpha_t":2.5367469693,"capm_beta":-0.1346764714,"capm_ir_ann":0.9375086258,"capm_te_ann":0.1328515123},"D10":{"mean_monthly":0.0088264552,"tstat_monthly":1.4798132792,"mean_monthly_excess":0.0006481249,"tstat_monthly_excess":0.1090394528,"ann_sharpe_excess":0.0360300329,"hit_rate":0.6,"max_drawdown":-0.3477702061},"LS_alpha_vs_BOVA11":{"alpha_bps_per_month":90.442979957,"alpha_tstat":2.7688786613,"beta":-0.0997232029,"ir_ann":1.0797689928},"LS_vt_alpha_vs_BOVA11":{"alpha_bps_per_month":90.442979957,"alpha_tstat":2.7688786613,"beta":-0.0997232029,"ir_ann":1.0797689928},"LS_pre_vt_alpha_vs_BOVA11":{"alpha_bps_per_month":103.7911989716,"alpha_tstat":2.5367469693,"beta":-0.1346764714,"ir_ann":0.9375086258}}