{"LS":{"mean_monthly":0.0100025253,"tstat_monthly":4.0564631079,"hit_rate":0.6723163842,"max_drawdown":-0.1400076439,"capm_alpha":0.0103090556,"capm_alpha_t":4.2256919583,"capm_beta":-0.0484495591,"capm_ir_ann":1.2423261264,"capm_te_ann":0.0995782541},"LS_vt":{"mean_monthly":0.0100025253,"tstat_monthly":4.0564631079,"hit_rate":0.6723163842,"max_drawdown":-0.1400076439,"capm_alpha":0.0103090556,"capm_alpha_t":4.2256919583,"capm_beta":-0.0484495591,"capm_ir_ann":1.2423261264,"capm_te_ann":0.0995782541},"LS_pre_vt":{"mean_monthly":0.0098063587,"tstat_monthly":3.8176124392,"hit_rate":0.6723163842,"max_drawdown":-0.1719579421,"capm_alpha":0.0101647593,"capm_alpha_t":4.0513114619,"capm_beta":-0.0566480875,"capm_ir_ann":1.1697352768,"capm_te_ann":0.1042775358},"LS_net":{"mean_monthly":0.0105564383,"tstat_monthly":4.1587680464,"hit_rate":0.6723163842,"max_drawdown":-0.1360985116,"capm_alpha":0.0108657489,"capm_alpha_t":4.2890857195,"capm_beta":-0.048889004,"capm_ir_ann":1.3011218056,"capm_te_ann":0.1002127442},"D10":{"mean_monthly":0.010451957,"tstat_monthly":2.1510805145,"mean_monthly_excess":0.002822717,"tstat_monthly_excess":0.5646627624,"ann_sharpe_excess":0.1314151938,"hit_rate":0.5762711864,"max_drawdown":-0.470160446},"dispersion_gate":{"mode":"none","blocked_months":0,"total_months":177},"delisting_risk":{"avg_ls_weighted_multiplier":0.9968448972,"avg_ls_weighted_score":0.0126204112,"avg_ls_flagged":0.6610169492,"avg_ls_high":0.0,"avg_universe_flagged":1.1355932203,"avg_universe_high":0.0,"avg_universe_multiplier":0.9978720306},"LS_alpha_vs_BOVA11":{"alpha_bps_per_month":103.0905555689,"alpha_tstat":4.2256919583,"beta":-0.0484495591,"ir_ann":1.2423261264},"LS_vt_alpha_vs_BOVA11":{"alpha_bps_per_month":103.0905555689,"alpha_tstat":4.2256919583,"beta":-0.0484495591,"ir_ann":1.2423261264},"LS_pre_vt_alpha_vs_BOVA11":{"alpha_bps_per_month":101.6475934627,"alpha_tstat":4.0513114619,"beta":-0.0566480875,"ir_ann":1.1697352768},"LS_net_alpha_vs_BOVA11":{"alpha_bps_per_month":108.6574888991,"alpha_tstat":4.2890857195,"beta":-0.048889004,"ir_ann":1.3011218056},"LS_financing_assumptions":{"avg_short_gross":0.5,"avg_long_gross":0.5,"avg_carry":0.003748354,"avg_borrow_cost":0.0031944409,"carry_multiplier":1.0,"borrow_cost_annual":0.08}}