{"LS":{"mean_monthly":0.0082440767,"tstat_monthly":2.3070389482,"hit_rate":0.6315789474,"max_drawdown":-0.1590403063,"capm_alpha":0.0086136784,"capm_alpha_t":2.6232784227,"capm_beta":-0.0889764686,"capm_ir_ann":1.0151419439,"capm_te_ann":0.101822353},"LS_vt":{"mean_monthly":0.0082440767,"tstat_monthly":2.3070389482,"hit_rate":0.6315789474,"max_drawdown":-0.1590403063,"capm_alpha":0.0086136784,"capm_alpha_t":2.6232784227,"capm_beta":-0.0889764686,"capm_ir_ann":1.0151419439,"capm_te_ann":0.101822353},"LS_pre_vt":{"mean_monthly":0.009965643,"tstat_monthly":2.0268807719,"hit_rate":0.6315789474,"max_drawdown":-0.2597527988,"capm_alpha":0.0105166492,"capm_alpha_t":2.3554307735,"capm_beta":-0.132647057,"capm_ir_ann":0.8904919084,"capm_te_ann":0.1417191877},"D10":{"mean_monthly":0.0083552513,"tstat_monthly":1.4312850675,"mean_monthly_excess":0.000176921,"tstat_monthly_excess":0.0304290861,"ann_sharpe_excess":0.0096388635,"hit_rate":0.5684210526,"max_drawdown":-0.3523106051},"LS_alpha_vs_BOVA11":{"alpha_bps_per_month":86.1367844377,"alpha_tstat":2.6232784227,"beta":-0.0889764686,"ir_ann":1.0151419439},"LS_vt_alpha_vs_BOVA11":{"alpha_bps_per_month":86.1367844377,"alpha_tstat":2.6232784227,"beta":-0.0889764686,"ir_ann":1.0151419439},"LS_pre_vt_alpha_vs_BOVA11":{"alpha_bps_per_month":105.166491589,"alpha_tstat":2.3554307735,"beta":-0.132647057,"ir_ann":0.8904919084}}