{"LS":{"mean_monthly":0.0090311612,"tstat_monthly":3.5013587325,"hit_rate":0.6274509804,"max_drawdown":-0.0922206539,"capm_alpha":0.0091053103,"capm_alpha_t":3.6085206206,"capm_beta":-0.0149795143,"capm_ir_ann":1.1216225235,"capm_te_ann":0.0974157712},"LS_vt":{"mean_monthly":0.0090311612,"tstat_monthly":3.5013587325,"hit_rate":0.6274509804,"max_drawdown":-0.0922206539,"capm_alpha":0.0091053103,"capm_alpha_t":3.6085206206,"capm_beta":-0.0149795143,"capm_ir_ann":1.1216225235,"capm_te_ann":0.0974157712},"LS_pre_vt":{"mean_monthly":0.0072909161,"tstat_monthly":3.4753036672,"hit_rate":0.6274509804,"max_drawdown":-0.0705326406,"capm_alpha":0.0072696612,"capm_alpha_t":3.5796112228,"capm_beta":0.0042938793,"capm_ir_ann":1.1208046422,"capm_te_ann":0.0778333098},"D10":{"mean_monthly":0.0094887492,"tstat_monthly":1.4384915784,"mean_monthly_excess":0.0012841542,"tstat_monthly_excess":0.1941546705,"ann_sharpe_excess":0.0706524918,"hit_rate":0.5588235294,"max_drawdown":-0.4203417651},"LS_alpha_vs_BOVA11":{"alpha_bps_per_month":91.0531026343,"alpha_tstat":3.6085206206,"beta":-0.0149795143,"ir_ann":1.1216225235},"LS_vt_alpha_vs_BOVA11":{"alpha_bps_per_month":91.0531026343,"alpha_tstat":3.6085206206,"beta":-0.0149795143,"ir_ann":1.1216225235},"LS_pre_vt_alpha_vs_BOVA11":{"alpha_bps_per_month":72.696612422,"alpha_tstat":3.5796112228,"beta":0.0042938793,"ir_ann":1.1208046422}}