bps,D10_sharpe,D10_mean,D10_t,D10_alpha_bps,D10_alpha_t,LS_mean,LS_t,LS_alpha_bps,LS_alpha_t,LS_ir,LS_mean_vt,LS_t_vt,LS_alpha_bps_vt,LS_alpha_t_vt,LS_ir_vt,LS_maxDD_vt,LS_hit_vt,avg_turnover_D10,avg_turnover_LS
20,0.04673755760740035,0.009059769269640226,1.463041217398113,55.81776533784293,1.3387876327492694,0.01046701903180658,2.722430078591135,107.8747736156766,2.982310669659727,1.2726647048509017,0.01053536002729207,2.8293254709164977,108.29704113831332,3.072192413234177,1.3505739851453336,-0.14619960160946155,0.6842105263157895,0.30476202160412674,0.37245895781002203
50,0.02250615782583595,0.008602626237234033,1.3908986509430927,51.26772467732513,1.2279390281732188,0.009908330595091545,2.567944147102917,102.28759970245628,2.8172274457140505,1.2054390910369464,0.010006177407081852,2.6803691884889296,103.00304088631314,2.9139181053075327,1.2835384009778428,-0.14970560081858508,0.6631578947368421,0.30476202160412674,0.37245895781002203
100,-0.017918703193992237,0.007840721183223716,1.270231860689208,43.68432357646217,1.0438121047730173,0.00897718320056649,2.3127781824343843,92.97564318042244,2.5446794856032624,1.0936569550992699,0.009124206373398159,2.4336725944564956,94.1797071329795,2.651931584990099,1.1719804124346196,-0.15552165859340605,0.6526315789473685,0.30476202160412674,0.37245895781002203
