{"LS":{"mean_monthly":0.010839478,"tstat_monthly":2.8259981224,"hit_rate":0.6842105263,"max_drawdown":-0.1654711823,"capm_alpha":0.0111599556,"capm_alpha_t":3.0930133772,"capm_beta":-0.0771505205,"capm_ir_ann":1.3175438353,"capm_te_ann":0.1016432728},"LS_vt":{"mean_monthly":0.010839478,"tstat_monthly":2.8259981224,"hit_rate":0.6842105263,"max_drawdown":-0.1654711823,"capm_alpha":0.0111599556,"capm_alpha_t":3.0930133772,"capm_beta":-0.0771505205,"capm_ir_ann":1.3175438353,"capm_te_ann":0.1016432728},"LS_pre_vt":{"mean_monthly":0.01158372,"tstat_monthly":2.6424688702,"hit_rate":0.6842105263,"max_drawdown":-0.2304015899,"capm_alpha":0.0119621006,"capm_alpha_t":2.9293102638,"capm_beta":-0.0910898597,"capm_ir_ann":1.1795742161,"capm_te_ann":0.1216923915},"D10":{"mean_monthly":0.0093645313,"tstat_monthly":1.5110275325,"mean_monthly_excess":0.001186201,"tstat_monthly_excess":0.1930174967,"ann_sharpe_excess":0.0628818162,"hit_rate":0.6210526316,"max_drawdown":-0.3559390722},"LS_alpha_vs_BOVA11":{"alpha_bps_per_month":111.5995562245,"alpha_tstat":3.0930133772,"beta":-0.0771505205,"ir_ann":1.3175438353},"LS_vt_alpha_vs_BOVA11":{"alpha_bps_per_month":111.5995562245,"alpha_tstat":3.0930133772,"beta":-0.0771505205,"ir_ann":1.3175438353},"LS_pre_vt_alpha_vs_BOVA11":{"alpha_bps_per_month":119.621006094,"alpha_tstat":2.9293102638,"beta":-0.0910898597,"ir_ann":1.1795742161}}