{"LS":{"mean_monthly":0.0092797934,"tstat_monthly":2.4803190115,"hit_rate":0.6,"max_drawdown":-0.1478368001,"capm_alpha":0.009680342,"capm_alpha_t":2.8122836785,"capm_beta":-0.0964264822,"capm_ir_ann":1.1387740703,"capm_te_ann":0.102008034},"LS_vt":{"mean_monthly":0.0092797934,"tstat_monthly":2.4803190115,"hit_rate":0.6,"max_drawdown":-0.1478368001,"capm_alpha":0.009680342,"capm_alpha_t":2.8122836785,"capm_beta":-0.0964264822,"capm_ir_ann":1.1387740703,"capm_te_ann":0.102008034},"LS_pre_vt":{"mean_monthly":0.0113343873,"tstat_monthly":2.236509561,"hit_rate":0.6,"max_drawdown":-0.2491741337,"capm_alpha":0.0119263844,"capm_alpha_t":2.59943025,"capm_beta":-0.142515035,"capm_ir_ann":0.9931613498,"capm_te_ann":0.1441020761},"D10":{"mean_monthly":0.0093817239,"tstat_monthly":1.5623112395,"mean_monthly_excess":0.0012033936,"tstat_monthly_excess":0.2018083326,"ann_sharpe_excess":0.0642082004,"hit_rate":0.5894736842,"max_drawdown":-0.3395073526},"LS_alpha_vs_BOVA11":{"alpha_bps_per_month":96.8034200957,"alpha_tstat":2.8122836785,"beta":-0.0964264822,"ir_ann":1.1387740703},"LS_vt_alpha_vs_BOVA11":{"alpha_bps_per_month":96.8034200957,"alpha_tstat":2.8122836785,"beta":-0.0964264822,"ir_ann":1.1387740703},"LS_pre_vt_alpha_vs_BOVA11":{"alpha_bps_per_month":119.2638437037,"alpha_tstat":2.59943025,"beta":-0.142515035,"ir_ann":0.9931613498}}