bps,D10_sharpe,D10_mean,D10_t,D10_alpha_bps,D10_alpha_t,LS_mean,LS_t,LS_alpha_bps,LS_alpha_t,LS_ir,LS_mean_vt,LS_t_vt,LS_alpha_bps_vt,LS_alpha_t_vt,LS_ir_vt,LS_maxDD_vt,LS_hit_vt,avg_turnover_D10,avg_turnover_LS
20,0.0478727051087204,0.009075298497561689,1.5123477563635765,59.358610968721386,1.3832646092265084,0.008898797272929169,2.3710062591071694,92.99720144854261,2.692665612686609,1.0928935093830845,0.008543431315457234,2.437038015951254,88.97954586634334,2.7428937231829367,1.132014536406746,-0.1323707014720743,0.6,0.3064254069517227,0.38099616537775816
50,0.023351275144733043,0.008615660387134103,1.4372531982334629,54.78656774860326,1.275669401175163,0.00832730302486253,2.2082380347895643,87.28787347777366,2.514621621490704,1.0242081133055494,0.008006825822910072,2.272474877494742,83.61977790321929,2.5640018832993254,1.0623479105036648,-0.13623295631583365,0.6,0.3064254069517227,0.38099616537775816
100,-0.01756537227661076,0.007849596869754796,1.3117038548971438,47.166495715073104,1.096677486590542,0.0073748126114181346,1.9401660806734633,77.77232685982538,2.221581510950849,0.9101148586021172,0.007112483335331474,2.0015742453963594,74.68683129801252,2.26966738038765,0.9465554665642077,-0.14263771236703127,0.6,0.3064254069517227,0.38099616537775816
