{
  "max_drawdown_full": -0.19533601279462098,
  "max_drawdown_12m": -0.062177995644563167,
  "max_drawdown_24m": -0.062177995644563167,
  "worst_month": -0.09002453727755198,
  "avg_ls_multiplier": 0.9970343962925508,
  "avg_ls_score": 0.011862414829797057,
  "last_ls_multiplier": 1.0,
  "last_ls_flagged": 0.0,
  "last_ls_high": 0.0
}