{"LS":{"mean_monthly":0.0123070895,"tstat_monthly":3.4205782284,"hit_rate":0.6736842105,"max_drawdown":-0.1268968667,"capm_alpha":0.0127042189,"capm_alpha_t":3.7903955008,"capm_beta":-0.095603373,"capm_ir_ann":1.5320125975,"capm_te_ann":0.0995100349},"LS_vt":{"mean_monthly":0.0123070895,"tstat_monthly":3.4205782284,"hit_rate":0.6736842105,"max_drawdown":-0.1268968667,"capm_alpha":0.0127042189,"capm_alpha_t":3.7903955008,"capm_beta":-0.095603373,"capm_ir_ann":1.5320125975,"capm_te_ann":0.0995100349},"LS_pre_vt":{"mean_monthly":0.0132209209,"tstat_monthly":3.308173215,"hit_rate":0.6736842105,"max_drawdown":-0.1744463377,"capm_alpha":0.0136738418,"capm_alpha_t":3.6893558464,"capm_beta":-0.10903438,"capm_ir_ann":1.4244148704,"capm_te_ann":0.1151954427},"D10":{"mean_monthly":0.0100267636,"tstat_monthly":1.6313026398,"mean_monthly_excess":0.0018484333,"tstat_monthly_excess":0.3040902712,"ann_sharpe_excess":0.0998760495,"hit_rate":0.6105263158,"max_drawdown":-0.3456743086},"LS_alpha_vs_BOVA11":{"alpha_bps_per_month":127.0421891884,"alpha_tstat":3.7903955008,"beta":-0.095603373,"ir_ann":1.5320125975},"LS_vt_alpha_vs_BOVA11":{"alpha_bps_per_month":127.0421891884,"alpha_tstat":3.7903955008,"beta":-0.095603373,"ir_ann":1.5320125975},"LS_pre_vt_alpha_vs_BOVA11":{"alpha_bps_per_month":136.7384179622,"alpha_tstat":3.6893558464,"beta":-0.10903438,"ir_ann":1.4244148704}}