bps,D10_sharpe,D10_mean,D10_t,D10_alpha_bps,D10_alpha_t,LS_mean,LS_t,LS_alpha_bps,LS_alpha_t,LS_ir,LS_mean_vt,LS_t_vt,LS_alpha_bps_vt,LS_alpha_t_vt,LS_ir_vt,LS_maxDD_vt,LS_hit_vt,avg_turnover_D10,avg_turnover_LS
20,0.08413214124412406,0.009734921326311995,1.5848949756186343,62.28219129842692,1.5675748070083753,0.011939711115065326,3.311279423288843,123.37325342434961,3.6728399990832807,1.4872247465557469,0.011865990967725313,3.3671723111344476,122.32934069947493,3.7029971029518127,1.5411272628146617,-0.11152533099823714,0.6736842105263158,0.29184229083609875,0.36737836808642016
50,0.06049839070169403,0.009297157890057844,1.5151468199535936,57.929997760939514,1.4555706014755134,0.011388643562935695,3.14816513251286,117.86984977831914,3.4974078684370706,1.4200762081274978,0.011336295831533139,3.208229010794418,117.03803739461466,3.5326992410323785,1.4738857839172372,-0.11485054034719555,0.6631578947368421,0.29184229083609875,0.36737836808642016
100,0.021061815842372242,0.008567552162967597,1.3985417149154116,50.67634186512726,1.2696527772639459,0.010470197642719645,2.878532578681299,108.69751036826828,3.2074279251045197,1.3082623811310323,0.010453470604546182,2.9450665416093904,108.21919855318079,3.25085067049664,1.3618585837313664,-0.12036897414803038,0.6421052631578947,0.29184229083609875,0.36737836808642016
