{"LS":{"mean_monthly":0.0101613012,"tstat_monthly":2.5499627508,"hit_rate":0.6421052632,"max_drawdown":-0.1641203305,"capm_alpha":0.0104561758,"capm_alpha_t":2.8003188552,"capm_beta":-0.0709869686,"capm_ir_ann":1.2138351604,"capm_te_ann":0.103369975},"LS_vt":{"mean_monthly":0.0101613012,"tstat_monthly":2.5499627508,"hit_rate":0.6421052632,"max_drawdown":-0.1641203305,"capm_alpha":0.0104561758,"capm_alpha_t":2.8003188552,"capm_beta":-0.0709869686,"capm_ir_ann":1.2138351604,"capm_te_ann":0.103369975},"LS_pre_vt":{"mean_monthly":0.0114673958,"tstat_monthly":2.3383700206,"hit_rate":0.6421052632,"max_drawdown":-0.2524030738,"capm_alpha":0.0118744508,"capm_alpha_t":2.6205483707,"capm_beta":-0.0979928091,"capm_ir_ann":1.0515271309,"capm_te_ann":0.1355109201},"D10":{"mean_monthly":0.010005348,"tstat_monthly":1.5981780875,"mean_monthly_excess":0.0018270177,"tstat_monthly_excess":0.294309533,"ann_sharpe_excess":0.0974004662,"hit_rate":0.6105263158,"max_drawdown":-0.3430292915},"LS_alpha_vs_BOVA11":{"alpha_bps_per_month":104.5617584978,"alpha_tstat":2.8003188552,"beta":-0.0709869686,"ir_ann":1.2138351604},"LS_vt_alpha_vs_BOVA11":{"alpha_bps_per_month":104.5617584978,"alpha_tstat":2.8003188552,"beta":-0.0709869686,"ir_ann":1.2138351604},"LS_pre_vt_alpha_vs_BOVA11":{"alpha_bps_per_month":118.7445075214,"alpha_tstat":2.6205483707,"beta":-0.0979928091,"ir_ann":1.0515271309}}