bps,D10_sharpe,D10_mean,D10_t,D10_alpha_bps,D10_alpha_t,LS_mean,LS_t,LS_alpha_bps,LS_alpha_t,LS_ir,LS_mean_vt,LS_t_vt,LS_alpha_bps_vt,LS_alpha_t_vt,LS_ir_vt,LS_maxDD_vt,LS_hit_vt,avg_turnover_D10,avg_turnover_LS
20,0.033173686100902884,0.00877634461053957,1.47170429257341,56.346784634763765,1.3497207400384705,0.009706087747379244,2.4426208330503285,100.54115802619239,2.7234368247677487,1.166942943107823,0.009573243321324034,2.5412449246005124,98.83634440632879,2.806384540317504,1.2345219390506497,-0.14708908057394987,0.6421052631578947,0.2845000613421666,0.3630244060372106
50,0.009503457610151244,0.008349594518526321,1.4011548482913587,52.09905336347471,1.2466377113932772,0.009161551138323428,2.2959587570621443,95.1037051931003,2.5650533554955026,1.102509231816158,0.009061802633238213,2.3967151778033027,93.72760905631716,2.6512347510107013,1.1696446806972618,-0.15067002120074524,0.631578947368421,0.2845000613421666,0.3630244060372106
100,-0.029978820517486505,0.007638344365170906,1.2833087356697637,45.0195012446596,1.0752660491940367,0.0082539901232304,2.054130240208981,86.04128380461347,2.303969542365741,0.995397212431073,0.008209401486428517,2.1580293795894203,85.21305013963114,2.395088908473666,1.0617014782090863,-0.15660971393248158,0.6,0.2845000613421666,0.3630244060372106
