{"LS":{"mean_monthly":0.0100691122,"tstat_monthly":2.5410506936,"hit_rate":0.6421052632,"max_drawdown":-0.166157045,"capm_alpha":0.0104166127,"capm_alpha_t":2.8297508301,"capm_beta":-0.0836559,"capm_ir_ann":1.2099648,"capm_te_ann":0.1033082548},"LS_vt":{"mean_monthly":0.0100691122,"tstat_monthly":2.5410506936,"hit_rate":0.6421052632,"max_drawdown":-0.166157045,"capm_alpha":0.0104166127,"capm_alpha_t":2.8297508301,"capm_beta":-0.0836559,"capm_ir_ann":1.2099648,"capm_te_ann":0.1033082548},"LS_pre_vt":{"mean_monthly":0.0112578824,"tstat_monthly":2.3025626927,"hit_rate":0.6421052632,"max_drawdown":-0.2572851254,"capm_alpha":0.0117362577,"capm_alpha_t":2.6290874131,"capm_beta":-0.1151621881,"capm_ir_ann":1.0363891239,"capm_te_ann":0.1358901685},"D10":{"mean_monthly":0.0090608447,"tstat_monthly":1.5186698328,"mean_monthly_excess":0.0008825144,"tstat_monthly_excess":0.1485663041,"ann_sharpe_excess":0.0489456696,"hit_rate":0.6,"max_drawdown":-0.3410891774},"LS_alpha_vs_BOVA11":{"alpha_bps_per_month":104.1661265816,"alpha_tstat":2.8297508301,"beta":-0.0836559,"ir_ann":1.2099648},"LS_vt_alpha_vs_BOVA11":{"alpha_bps_per_month":104.1661265816,"alpha_tstat":2.8297508301,"beta":-0.0836559,"ir_ann":1.2099648},"LS_pre_vt_alpha_vs_BOVA11":{"alpha_bps_per_month":117.3625772489,"alpha_tstat":2.6290874131,"beta":-0.1151621881,"ir_ann":1.0363891239}}