{"LS":{"mean_monthly":0.0097223469,"tstat_monthly":2.5018240943,"hit_rate":0.6315789474,"max_drawdown":-0.1665377251,"capm_alpha":0.0100349864,"capm_alpha_t":2.7529601567,"capm_beta":-0.0752635994,"capm_ir_ann":1.1951704624,"capm_te_ann":0.1007553651},"LS_vt":{"mean_monthly":0.0097223469,"tstat_monthly":2.5018240943,"hit_rate":0.6315789474,"max_drawdown":-0.1665377251,"capm_alpha":0.0100349864,"capm_alpha_t":2.7529601567,"capm_beta":-0.0752635994,"capm_ir_ann":1.1951704624,"capm_te_ann":0.1007553651},"LS_pre_vt":{"mean_monthly":0.010401267,"tstat_monthly":2.3221274554,"hit_rate":0.6315789474,"max_drawdown":-0.2329005167,"capm_alpha":0.0107886973,"capm_alpha_t":2.5987219391,"capm_beta":-0.0932684487,"capm_ir_ann":1.0645495295,"capm_te_ann":0.1216142266},"D10":{"mean_monthly":0.0099057703,"tstat_monthly":1.6403932681,"mean_monthly_excess":0.00172744,"tstat_monthly_excess":0.2885151744,"ann_sharpe_excess":0.0963779039,"hit_rate":0.6,"max_drawdown":-0.3255681934},"LS_alpha_vs_BOVA11":{"alpha_bps_per_month":100.3498635338,"alpha_tstat":2.7529601567,"beta":-0.0752635994,"ir_ann":1.1951704624},"LS_vt_alpha_vs_BOVA11":{"alpha_bps_per_month":100.3498635338,"alpha_tstat":2.7529601567,"beta":-0.0752635994,"ir_ann":1.1951704624},"LS_pre_vt_alpha_vs_BOVA11":{"alpha_bps_per_month":107.8869730533,"alpha_tstat":2.5987219391,"beta":-0.0932684487,"ir_ann":1.0645495295}}