bps,D10_sharpe,D10_mean,D10_t,D10_alpha_bps,D10_alpha_t,LS_mean,LS_t,LS_alpha_bps,LS_alpha_t,LS_ir,LS_mean_vt,LS_t_vt,LS_alpha_bps_vt,LS_alpha_t_vt,LS_ir_vt,LS_maxDD_vt,LS_hit_vt,avg_turnover_D10,avg_turnover_LS
20,0.08170693275880933,0.009642791844860308,1.5972314255307458,63.46817444994078,1.5755005817469552,0.009382996332746958,2.409239439072646,96.95175205926496,2.6531382052539123,1.1536015664623949,0.009418788726037491,2.5105213943209304,97.04992060139317,2.7410699470065034,1.2207859836259807,-0.14803479214022108,0.631578947368421,0.2629785012602349,0.33935052042371355
50,0.0596994758905366,0.009248324092969953,1.5324392623661645,59.53467701644284,1.4758504832368937,0.008873970552111386,2.271081487540192,91.85458484745428,2.504287244191839,1.0913763382052248,0.008933595591200275,2.374931408138601,92.18900343527747,2.595697293597985,1.1582295132216007,-0.15088325903962962,0.6105263157894737,0.2629785012602349,0.33935052042371355
100,0.023018316838756287,0.008590877839819367,1.4243242144703954,52.978847960612924,1.3103229198152446,0.008025594251052103,2.0427344870785227,83.35930616110312,2.258549181787529,0.9880178574484727,0.00812494036647158,2.150412129885524,84.08747482508461,2.355267575519359,1.0542501825906652,-0.1556126328326385,0.6105263157894737,0.2629785012602349,0.33935052042371355
