{"LS":{"mean_monthly":0.0080722498,"tstat_monthly":3.1814484035,"hit_rate":0.6274509804,"max_drawdown":-0.0877459335,"capm_alpha":0.0081305901,"capm_alpha_t":3.2416936898,"capm_beta":-0.0117858516,"capm_ir_ann":1.0007307464,"capm_te_ann":0.0974958361},"LS_vt":{"mean_monthly":0.0080722498,"tstat_monthly":3.1814484035,"hit_rate":0.6274509804,"max_drawdown":-0.0877459335,"capm_alpha":0.0081305901,"capm_alpha_t":3.2416936898,"capm_beta":-0.0117858516,"capm_ir_ann":1.0007307464,"capm_te_ann":0.0974958361},"LS_pre_vt":{"mean_monthly":0.007026043,"tstat_monthly":3.1963309831,"hit_rate":0.6274509804,"max_drawdown":-0.0743024179,"capm_alpha":0.0069788211,"capm_alpha_t":3.2623009697,"capm_beta":0.0095397245,"capm_ir_ann":0.9963026744,"capm_te_ann":0.0840566378},"D10":{"mean_monthly":0.0086641291,"tstat_monthly":1.2047298177,"mean_monthly_excess":0.0004595341,"tstat_monthly_excess":0.0639119266,"ann_sharpe_excess":0.0241443187,"hit_rate":0.5588235294,"max_drawdown":-0.4661089253},"LS_alpha_vs_BOVA11":{"alpha_bps_per_month":81.3059006784,"alpha_tstat":3.2416936898,"beta":-0.0117858516,"ir_ann":1.0007307464},"LS_vt_alpha_vs_BOVA11":{"alpha_bps_per_month":81.3059006784,"alpha_tstat":3.2416936898,"beta":-0.0117858516,"ir_ann":1.0007307464},"LS_pre_vt_alpha_vs_BOVA11":{"alpha_bps_per_month":69.7882108521,"alpha_tstat":3.2623009697,"beta":0.0095397245,"ir_ann":0.9963026744}}