bps,D10_sharpe,D10_mean,D10_t,D10_alpha_bps,D10_alpha_t,LS_mean,LS_t,LS_alpha_bps,LS_alpha_t,LS_ir,LS_mean_vt,LS_t_vt,LS_alpha_bps_vt,LS_alpha_t_vt,LS_ir_vt,LS_maxDD_vt,LS_hit_vt,avg_turnover_D10,avg_turnover_LS
20,0.013362210764858901,0.00845890732566549,1.1773290464071486,41.919973872230045,0.9844723918710344,0.0077786212319180875,3.071357573558469,78.35408921071449,3.1291150440080027,0.9642805836175949,0.007616470418984799,2.875981558513096,77.59928254813178,2.9335765831405434,0.9477590002541249,-0.10055510050856298,0.6176470588235294,0.20522174224596368,0.2936285365240619
50,-0.0028122093378355594,0.008151074712296542,1.1361237487918907,38.826948686664,0.9150601703445317,0.007338178427131995,2.90537424079496,73.92637200915672,2.9594597316730873,0.9095956551312306,0.007169855916727493,2.714681623580906,73.10337197128176,2.7708752115116835,0.8927453734558359,-0.10287749624114073,0.6176470588235294,0.20522174224596368,0.2936285365240619
100,-0.02977245318248102,0.007638020356681634,1.0671707145404479,33.67190671072051,0.7982584675815951,0.00660410708582184,2.626497979102085,66.54684333989378,2.674631083555343,0.8184425016436897,0.006425498412965315,2.44368068107667,65.6101876765318,2.4975863771007956,0.801024970853056,-0.10673656283876065,0.6078431372549019,0.20522174224596368,0.2936285365240619
