bps,D10_sharpe,D10_mean,D10_t,D10_alpha_bps,D10_alpha_t,LS_mean,LS_t,LS_alpha_bps,LS_alpha_t,LS_ir,LS_mean_vt,LS_t_vt,LS_alpha_bps_vt,LS_alpha_t_vt,LS_ir_vt,LS_maxDD_vt,LS_hit_vt,avg_turnover_D10,avg_turnover_LS
20,0.03314283472773682,0.008834778590529575,1.2428960242200027,45.47304669688371,1.0868565576487967,0.007467883221501687,2.9456821161796394,77.89846148740409,3.1812945851110626,0.9520973550787494,0.007407440080860876,2.7907427543870287,78.0755186332977,3.0384534706017905,0.9494000332401473,-0.12736075951296943,0.6372549019607843,0.21533260675417543,0.3064318779143901
50,0.016157832193271444,0.008511779680398311,1.1991530961852903,42.23356409683495,1.0130025468069659,0.007008235404630102,2.772296919477394,73.2785006382336,3.0000385778948826,0.8954620850339383,0.006942308765724822,2.623215929931705,73.39471615517539,2.863700554054585,0.8923728809341975,-0.12907021992991274,0.6274509803921569,0.21533260675417543,0.3064318779143901
100,-0.012161006334878299,0.007973448163512873,1.12595902640322,36.83442643008702,0.8887270299446303,0.006242155709844127,2.4809056916348426,65.57856588961612,2.6957039100738602,0.8010589472744537,0.006167089907164734,2.341619541207578,65.59337869163828,2.57022691446946,0.7973033127593204,-0.13191318706289235,0.6176470588235294,0.21533260675417543,0.3064318779143901
