{"LS":{"mean_monthly":0.0077743151,"tstat_monthly":3.0606631774,"hit_rate":0.637254902,"max_drawdown":-0.1200789135,"capm_alpha":0.0080978435,"capm_alpha_t":3.3015636375,"capm_beta":-0.0653589065,"capm_ir_ann":0.9898479875,"capm_te_ann":0.0981707532},"LS_vt":{"mean_monthly":0.0077743151,"tstat_monthly":3.0606631774,"hit_rate":0.637254902,"max_drawdown":-0.1200789135,"capm_alpha":0.0080978435,"capm_alpha_t":3.3015636375,"capm_beta":-0.0653589065,"capm_ir_ann":0.9898479875,"capm_te_ann":0.0981707532},"LS_pre_vt":{"mean_monthly":0.0065124018,"tstat_monthly":3.0352607169,"hit_rate":0.637254902,"max_drawdown":-0.1064825471,"capm_alpha":0.0067077346,"capm_alpha_t":3.2585917349,"capm_beta":-0.0394609439,"capm_ir_ann":0.9592070764,"capm_te_ann":0.0839159936},"D10":{"mean_monthly":0.0090501112,"tstat_monthly":1.271985618,"mean_monthly_excess":0.0008455163,"tstat_monthly_excess":0.1187820496,"ann_sharpe_excess":0.0444634376,"hit_rate":0.568627451,"max_drawdown":-0.4662496439},"LS_alpha_vs_BOVA11":{"alpha_bps_per_month":80.9784353869,"alpha_tstat":3.3015636375,"beta":-0.0653589065,"ir_ann":0.9898479875},"LS_vt_alpha_vs_BOVA11":{"alpha_bps_per_month":80.9784353869,"alpha_tstat":3.3015636375,"beta":-0.0653589065,"ir_ann":0.9898479875},"LS_pre_vt_alpha_vs_BOVA11":{"alpha_bps_per_month":67.0773457329,"alpha_tstat":3.2585917349,"beta":-0.0394609439,"ir_ann":0.9592070764}}