{"LS":{"mean_monthly":0.0076355712,"tstat_monthly":3.1511177311,"hit_rate":0.5980392157,"max_drawdown":-0.0920368705,"capm_alpha":0.0072667887,"capm_alpha_t":3.0446536162,"capm_beta":0.0745011049,"capm_ir_ann":0.9145906274,"capm_te_ann":0.0953448038},"LS_vt":{"mean_monthly":0.0076355712,"tstat_monthly":3.1511177311,"hit_rate":0.5980392157,"max_drawdown":-0.0920368705,"capm_alpha":0.0072667887,"capm_alpha_t":3.0446536162,"capm_beta":0.0745011049,"capm_ir_ann":0.9145906274,"capm_te_ann":0.0953448038},"LS_pre_vt":{"mean_monthly":0.0072829577,"tstat_monthly":3.0990343378,"hit_rate":0.5980392157,"max_drawdown":-0.0908548701,"capm_alpha":0.0069090914,"capm_alpha_t":3.0165454905,"capm_beta":0.0755281034,"capm_ir_ann":0.9133301575,"capm_te_ann":0.0907766993},"D10":{"mean_monthly":0.0086088197,"tstat_monthly":1.2139737202,"mean_monthly_excess":0.0004042248,"tstat_monthly_excess":0.0569662967,"ann_sharpe_excess":0.0209212657,"hit_rate":0.5784313725,"max_drawdown":-0.4633131189},"LS_alpha_vs_BOVA11":{"alpha_bps_per_month":72.6678865758,"alpha_tstat":3.0446536162,"beta":0.0745011049,"ir_ann":0.9145906274},"LS_vt_alpha_vs_BOVA11":{"alpha_bps_per_month":72.6678865758,"alpha_tstat":3.0446536162,"beta":0.0745011049,"ir_ann":0.9145906274},"LS_pre_vt_alpha_vs_BOVA11":{"alpha_bps_per_month":69.0909141952,"alpha_tstat":3.0165454905,"beta":0.0755281034,"ir_ann":0.9133301575}}