bps,D10_sharpe,D10_mean,D10_t,D10_alpha_bps,D10_alpha_t,LS_mean,LS_t,LS_alpha_bps,LS_alpha_t,LS_ir,LS_mean_vt,LS_t_vt,LS_alpha_bps_vt,LS_alpha_t_vt,LS_ir_vt,LS_maxDD_vt,LS_hit_vt,avg_turnover_D10,avg_turnover_LS
20,0.010785877104747587,0.00841297174343139,1.1876673910467699,41.5464075398249,0.9747803666254563,0.007348128233403731,3.0371743340006034,69.78222822672731,2.9279587285338518,0.8781492051646338,0.007343227563782628,2.996044586862883,70.10260850332023,2.8592446188758456,0.8718801272295815,-0.09794310206986956,0.5980392156862745,0.19584798824994898,0.2874430044080513
50,-0.004420786634737135,0.008119199761056465,1.148093033141962,38.600075575999355,0.9088185171448717,0.006916963726791653,2.865490259883732,65.4537407031634,2.7521726956527814,0.8234775203232007,0.006903271042619741,2.8230146052125074,65.6826115996975,2.68535376449177,0.816725064670745,-0.10493941174900268,0.5980392156862745,0.19584798824994898,0.2874430044080513
100,-0.029774326750038063,0.007629579790431593,1.0818294317938786,33.68952230295681,0.7978280307194981,0.006198356215771525,2.5773396926237915,58.23959483055689,2.4572609658947946,0.7323495583307512,0.006170010174014928,2.5325563727204097,58.315950093659616,2.3934049763144998,0.7247869352805626,-0.11648803326487067,0.5882352941176471,0.19584798824994898,0.2874430044080513
