bps,D10_sharpe,D10_mean,D10_t,D10_alpha_bps,D10_alpha_t,LS_mean,LS_t,LS_alpha_bps,LS_alpha_t,LS_ir,LS_mean_vt,LS_t_vt,LS_alpha_bps_vt,LS_alpha_t_vt,LS_ir_vt,LS_maxDD_vt,LS_hit_vt,avg_turnover_D10,avg_turnover_LS
20,0.06611183534588863,0.009415935543109006,1.5247199881055693,59.20138664775023,1.4433937572524054,0.010480192780144738,2.7592423743314556,108.11615595405718,3.0236436597409075,1.281902404905224,0.01061590254175888,2.8708954159252773,109.25159407733742,3.119899678160915,1.3581758618990203,-0.14353937465810684,0.6526315789473685,0.2883537223010907,0.35772118373408107
50,0.043022949090985634,0.008983404959657371,1.4561300163900417,54.896804240143446,1.3367018414621352,0.009943611004543617,2.608752026771621,102.75206600362651,2.86287390956608,1.2169107509689265,0.010105047683167799,2.726176036397882,104.14325503886981,2.966164454709971,1.2935537148549294,-0.14676429072981356,0.6421052631578947,0.2883537223010907,0.35772118373408107
100,0.004501949968363341,0.008262520653904645,1.3414736466893753,47.72250022746544,1.159436784836133,0.009049308045208412,2.3601634380417615,93.81191608624201,2.5974453939543256,1.1088571844873443,0.009253622918849336,2.4864027447764516,95.62935664142381,2.711603540953099,1.1860300464975417,-0.15211616989777355,0.6421052631578947,0.2883537223010907,0.35772118373408107
