{"LS":{"mean_monthly":0.010837914,"tstat_monthly":2.8601265679,"hit_rate":0.6526315789,"max_drawdown":-0.1623579763,"capm_alpha":0.0111692216,"capm_alpha_t":3.1314540486,"capm_beta":-0.0797576909,"capm_ir_ann":1.3252937157,"capm_te_ann":0.1011327961},"LS_vt":{"mean_monthly":0.010837914,"tstat_monthly":2.8601265679,"hit_rate":0.6526315789,"max_drawdown":-0.1623579763,"capm_alpha":0.0111692216,"capm_alpha_t":3.1314540486,"capm_beta":-0.0797576909,"capm_ir_ann":1.3252937157,"capm_te_ann":0.1011327961},"LS_pre_vt":{"mean_monthly":0.0112952001,"tstat_monthly":2.6867817412,"hit_rate":0.6526315789,"max_drawdown":-0.2157809288,"capm_alpha":0.0116682882,"capm_alpha_t":2.9724672651,"capm_beta":-0.0898157665,"capm_ir_ann":1.2013311099,"capm_te_ann":0.116553594},"D10":{"mean_monthly":0.0097042893,"tstat_monthly":1.5703605064,"mean_monthly_excess":0.001525959,"tstat_monthly_excess":0.2487031111,"ann_sharpe_excess":0.0814943796,"hit_rate":0.6210526316,"max_drawdown":-0.3538937397},"LS_alpha_vs_BOVA11":{"alpha_bps_per_month":111.692215921,"alpha_tstat":3.1314540486,"beta":-0.0797576909,"ir_ann":1.3252937157},"LS_vt_alpha_vs_BOVA11":{"alpha_bps_per_month":111.692215921,"alpha_tstat":3.1314540486,"beta":-0.0797576909,"ir_ann":1.3252937157},"LS_pre_vt_alpha_vs_BOVA11":{"alpha_bps_per_month":116.682882029,"alpha_tstat":2.9724672651,"beta":-0.0898157665,"ir_ann":1.2013311099}}