bps,D10_sharpe,D10_mean,D10_t,D10_alpha_bps,D10_alpha_t,LS_mean,LS_t,LS_alpha_bps,LS_alpha_t,LS_ir,LS_mean_vt,LS_t_vt,LS_alpha_bps_vt,LS_alpha_t_vt,LS_ir_vt,LS_maxDD_vt,LS_hit_vt,avg_turnover_D10,avg_turnover_LS
20,0.11320476880282623,0.01029642684102201,1.6580178735315871,67.63471573532745,1.6869770170753917,0.011383947855450133,3.190757505122203,118.19319001416746,3.594232842162547,1.4304123122146868,0.011359233159752374,3.2616308984920495,117.6944688818757,3.64704639425188,1.4864472557891821,-0.11654489602061968,0.6842105263157895,0.29840621710590737,0.3680658387550078
50,0.08931911611801509,0.009848817515363149,1.5876996936539138,63.18288007837743,1.5734316011769354,0.01083184909731762,3.0253367173930634,112.68020834241354,3.414260058400506,1.3624603916558125,0.010829245646128562,3.1009459409606563,112.39967286699546,3.472682805840305,1.4185626775515658,-0.11987999326307797,0.6736842105263158,0.29840621710590737,0.3680658387550078
100,0.049464586639024886,0.009102801972598381,1.4701064902998255,55.76315398346077,1.3848944416005178,0.009911684500430102,2.7520860301682823,103.49190555615694,3.1170086580424554,1.2494103027968053,0.009945933123422204,2.834966638007351,103.57501284219502,3.184210459150263,1.3055632447822143,-0.12541463298917233,0.6526315789473685,0.29840621710590737,0.3680658387550078
