{"LS":{"mean_monthly":0.0117520137,"tstat_monthly":3.3016514467,"hit_rate":0.6842105263,"max_drawdown":-0.1316837882,"capm_alpha":0.0121868511,"capm_alpha_t":3.7148904955,"capm_beta":-0.104681044,"capm_ir_ann":1.475761312,"capm_te_ann":0.0990961155},"LS_vt":{"mean_monthly":0.0117520137,"tstat_monthly":3.3016514467,"hit_rate":0.6842105263,"max_drawdown":-0.1316837882,"capm_alpha":0.0121868511,"capm_alpha_t":3.7148904955,"capm_beta":-0.104681044,"capm_ir_ann":1.475761312,"capm_te_ann":0.0990961155},"LS_pre_vt":{"mean_monthly":0.0124068893,"tstat_monthly":3.1717080255,"hit_rate":0.6842105263,"max_drawdown":-0.1733173858,"capm_alpha":0.0128841784,"capm_alpha_t":3.582202677,"capm_beta":-0.1149007087,"capm_ir_ann":1.3744068906,"capm_te_ann":0.1124922628},"D10":{"mean_monthly":0.0105948331,"tstat_monthly":1.7047960767,"mean_monthly_excess":0.0024165028,"tstat_monthly_excess":0.3939397205,"ann_sharpe_excess":0.1291170718,"hit_rate":0.6210526316,"max_drawdown":-0.3361885717},"LS_alpha_vs_BOVA11":{"alpha_bps_per_month":121.8685111287,"alpha_tstat":3.7148904955,"beta":-0.104681044,"ir_ann":1.475761312},"LS_vt_alpha_vs_BOVA11":{"alpha_bps_per_month":121.8685111287,"alpha_tstat":3.7148904955,"beta":-0.104681044,"ir_ann":1.475761312},"LS_pre_vt_alpha_vs_BOVA11":{"alpha_bps_per_month":128.8417842833,"alpha_tstat":3.582202677,"beta":-0.1149007087,"ir_ann":1.3744068906}}