bps,D10_sharpe,D10_mean,D10_t,D10_alpha_bps,D10_alpha_t,LS_mean,LS_t,LS_alpha_bps,LS_alpha_t,LS_ir,LS_mean_vt,LS_t_vt,LS_alpha_bps_vt,LS_alpha_t_vt,LS_ir_vt,LS_maxDD_vt,LS_hit_vt,avg_turnover_D10,avg_turnover_LS
20,-0.06966715777553945,0.006750763526432118,0.8848621049540476,23.660529676973727,0.4677457782319389,0.0045004558860509206,2.0104190420227077,43.3990993024533,1.8984977710691573,0.531897463694928,0.0044465611726806215,1.9168135245962818,42.91879026577241,1.807245466565989,0.5184157426762231,-0.1427497494213602,0.5882352941176471,0.19937587829744693,0.28354942987295934
50,-0.08402174041070763,0.006451699708985946,0.8469902545458434,20.665464137707396,0.4096530532848315,0.004075131741241481,1.8217132711730575,39.13259454189298,1.7118639976357217,0.479393703578843,0.004019760491826983,1.7345178416326585,38.63512472795973,1.627238489025895,0.46652401024393925,-0.14882912224010347,0.5882352941176471,0.19937587829744693,0.28354942987295934
100,-0.10796292470371431,0.00595326001324233,0.78359225463654,15.673688238930142,0.3121117127243319,0.0033662581665590825,1.5063469572943955,32.02175327429239,1.4005644778706803,0.39194850041046786,0.003308426023737583,1.4295633968203318,31.495682164938593,1.3267300747263922,0.3800678989623345,-0.1588738576153259,0.5882352941176471,0.19937587829744693,0.28354942987295934
