{"LS":{"mean_monthly":0.0047840053,"tstat_monthly":2.1359822843,"hit_rate":0.5882352941,"max_drawdown":-0.1489347884,"capm_alpha":0.0046243436,"capm_alpha_t":2.0228327214,"capm_beta":0.0322547113,"capm_ir_ann":0.5669104501,"capm_te_ann":0.097885165},"LS_vt":{"mean_monthly":0.0047840053,"tstat_monthly":2.1359822843,"hit_rate":0.5882352941,"max_drawdown":-0.1489347884,"capm_alpha":0.0046243436,"capm_alpha_t":2.0228327214,"capm_beta":0.0322547113,"capm_ir_ann":0.5669104501,"capm_te_ann":0.097885165},"LS_pre_vt":{"mean_monthly":0.0053230073,"tstat_monthly":2.242523576,"hit_rate":0.5882352941,"max_drawdown":-0.1637662145,"capm_alpha":0.0051380805,"capm_alpha_t":2.1421361167,"capm_beta":0.0373587336,"capm_ir_ann":0.594124038,"capm_te_ann":0.1037779352},"D10":{"mean_monthly":0.0069501394,"tstat_monthly":0.9100402966,"mean_monthly_excess":-0.0012544555,"tstat_monthly_excess":-0.1640350348,"ann_sharpe_excess":-0.0601017634,"hit_rate":0.5490196078,"max_drawdown":-0.5830549584},"LS_alpha_vs_BOVA11":{"alpha_bps_per_month":46.2434358095,"alpha_tstat":2.0228327214,"beta":0.0322547113,"ir_ann":0.5669104501},"LS_vt_alpha_vs_BOVA11":{"alpha_bps_per_month":46.2434358095,"alpha_tstat":2.0228327214,"beta":0.0322547113,"ir_ann":0.5669104501},"LS_pre_vt_alpha_vs_BOVA11":{"alpha_bps_per_month":51.3808049512,"alpha_tstat":2.1421361167,"beta":0.0373587336,"ir_ann":0.594124038}}