{"LS":{"mean_monthly":0.0099217728,"tstat_monthly":4.0412957492,"hit_rate":0.6666666667,"max_drawdown":-0.1373395085,"capm_alpha":0.0102501656,"capm_alpha_t":4.2098262702,"capm_beta":-0.0519051142,"capm_ir_ann":1.2330107936,"capm_te_ann":0.0997574298},"LS_vt":{"mean_monthly":0.0099217728,"tstat_monthly":4.0412957492,"hit_rate":0.6666666667,"max_drawdown":-0.1373395085,"capm_alpha":0.0102501656,"capm_alpha_t":4.2098262702,"capm_beta":-0.0519051142,"capm_ir_ann":1.2330107936,"capm_te_ann":0.0997574298},"LS_pre_vt":{"mean_monthly":0.0097662559,"tstat_monthly":3.7922560238,"hit_rate":0.6666666667,"max_drawdown":-0.1744463377,"capm_alpha":0.0101540757,"capm_alpha_t":4.0303898267,"capm_beta":-0.0612980153,"capm_ir_ann":1.1611727918,"capm_te_ann":0.1049360688},"D10":{"mean_monthly":0.0103818773,"tstat_monthly":2.1345477369,"mean_monthly_excess":0.0027526373,"tstat_monthly_excess":0.5500916938,"ann_sharpe_excess":0.1279318872,"hit_rate":0.5762711864,"max_drawdown":-0.470160446},"LS_alpha_vs_BOVA11":{"alpha_bps_per_month":102.5016564417,"alpha_tstat":4.2098262702,"beta":-0.0519051142,"ir_ann":1.2330107936},"LS_vt_alpha_vs_BOVA11":{"alpha_bps_per_month":102.5016564417,"alpha_tstat":4.2098262702,"beta":-0.0519051142,"ir_ann":1.2330107936},"LS_pre_vt_alpha_vs_BOVA11":{"alpha_bps_per_month":101.5407566021,"alpha_tstat":4.0303898267,"beta":-0.0612980153,"ir_ann":1.1611727918}}