{"LS":{"mean_monthly":0.011048916,"tstat_monthly":4.1033471388,"hit_rate":0.6836158192,"max_drawdown":-0.1953360128,"capm_alpha":0.0119256063,"capm_alpha_t":4.696289503,"capm_beta":-0.138567894,"capm_ir_ann":1.4699520225,"capm_te_ann":0.0973550652},"LS_vt":{"mean_monthly":0.011048916,"tstat_monthly":4.1033471388,"hit_rate":0.6836158192,"max_drawdown":-0.1953360128,"capm_alpha":0.0119256063,"capm_alpha_t":4.696289503,"capm_beta":-0.138567894,"capm_ir_ann":1.4699520225,"capm_te_ann":0.0973550652},"LS_pre_vt":{"mean_monthly":0.0105999255,"tstat_monthly":3.8730407662,"hit_rate":0.6836158192,"max_drawdown":-0.2548778343,"capm_alpha":0.0114273607,"capm_alpha_t":4.4615826138,"capm_beta":-0.1307827385,"capm_ir_ann":1.3278744761,"capm_te_ann":0.1032690447},"LS_net":{"mean_monthly":0.0116628377,"tstat_monthly":4.2569226585,"hit_rate":0.6892655367,"max_drawdown":-0.1754518035,"capm_alpha":0.0125422867,"capm_alpha_t":4.8440132482,"capm_beta":-0.1390039294,"capm_ir_ann":1.5386040635,"capm_te_ann":0.0978207737},"D10":{"mean_monthly":0.0105773033,"tstat_monthly":2.4795790318,"mean_monthly_excess":0.0029480633,"tstat_monthly_excess":0.6736451936,"ann_sharpe_excess":0.1562607557,"hit_rate":0.604519774,"max_drawdown":-0.3766765467},"dispersion_gate":{"mode":"quantile80","blocked_months":127,"total_months":177},"delisting_risk":{"avg_ls_weighted_multiplier":0.9970343963,"avg_ls_weighted_score":0.0118624148,"avg_ls_flagged":0.4519774011,"avg_ls_high":0.0,"avg_universe_flagged":1.1355932203,"avg_universe_high":0.0,"avg_universe_multiplier":0.9978720306},"LS_alpha_vs_BOVA11":{"alpha_bps_per_month":119.2560625349,"alpha_tstat":4.696289503,"beta":-0.138567894,"ir_ann":1.4699520225},"LS_vt_alpha_vs_BOVA11":{"alpha_bps_per_month":119.2560625349,"alpha_tstat":4.696289503,"beta":-0.138567894,"ir_ann":1.4699520225},"LS_pre_vt_alpha_vs_BOVA11":{"alpha_bps_per_month":114.2736072347,"alpha_tstat":4.4615826138,"beta":-0.1307827385,"ir_ann":1.3278744761},"LS_net_alpha_vs_BOVA11":{"alpha_bps_per_month":125.4228666257,"alpha_tstat":4.8440132482,"beta":-0.1390039294,"ir_ann":1.5386040635},"LS_financing_assumptions":{"avg_short_gross":0.5,"avg_long_gross":0.4998732679,"avg_carry":0.0037878793,"avg_borrow_cost":0.0031739576,"carry_multiplier":1.0,"borrow_cost_annual":0.08}}