{"LS":{"mean_monthly":0.0094496427,"tstat_monthly":2.551823935,"hit_rate":0.6105263158,"max_drawdown":-0.163467112,"capm_alpha":0.0098160744,"capm_alpha_t":2.8753357874,"capm_beta":-0.0882133295,"capm_ir_ann":1.1557004855,"capm_te_ann":0.1019233744},"LS_vt":{"mean_monthly":0.0094496427,"tstat_monthly":2.551823935,"hit_rate":0.6105263158,"max_drawdown":-0.163467112,"capm_alpha":0.0098160744,"capm_alpha_t":2.8753357874,"capm_beta":-0.0882133295,"capm_ir_ann":1.1557004855,"capm_te_ann":0.1019233744},"LS_pre_vt":{"mean_monthly":0.0112185054,"tstat_monthly":2.303937388,"hit_rate":0.6105263158,"max_drawdown":-0.2591457239,"capm_alpha":0.0117382863,"capm_alpha_t":2.6552036946,"capm_beta":-0.1251299987,"capm_ir_ann":1.0158702241,"capm_te_ann":0.138658888},"D10":{"mean_monthly":0.0089489953,"tstat_monthly":1.4762962402,"mean_monthly_excess":0.000770665,"tstat_monthly_excess":0.1278558468,"ann_sharpe_excess":0.0411942598,"hit_rate":0.6105263158,"max_drawdown":-0.3458673348},"LS_alpha_vs_BOVA11":{"alpha_bps_per_month":98.1607443839,"alpha_tstat":2.8753357874,"beta":-0.0882133295,"ir_ann":1.1557004855},"LS_vt_alpha_vs_BOVA11":{"alpha_bps_per_month":98.1607443839,"alpha_tstat":2.8753357874,"beta":-0.0882133295,"ir_ann":1.1557004855},"LS_pre_vt_alpha_vs_BOVA11":{"alpha_bps_per_month":117.3828630262,"alpha_tstat":2.6552036946,"beta":-0.1251299987,"ir_ann":1.0158702241}}