bps,D10_sharpe,D10_mean,D10_t,D10_alpha_bps,D10_alpha_t,LS_mean,LS_t,LS_alpha_bps,LS_alpha_t,LS_ir,LS_mean_vt,LS_t_vt,LS_alpha_bps_vt,LS_alpha_t_vt,LS_ir_vt,LS_maxDD_vt,LS_hit_vt,avg_turnover_D10,avg_turnover_LS
20,0.025070781129729974,0.008647221272880003,1.4275934203735279,54.41932957151318,1.2941612177627113,0.009078672203015755,2.4439788848990376,94.45506651874517,2.757626715239582,1.1110468933873432,0.008811636226969902,2.5215226599126708,91.35020822145928,2.8170310186433203,1.1554852605875605,-0.14740714813024003,0.6105263157894737,0.3017740544056333,0.37097050104712087
50,0.0008681547117207131,0.008194560191271554,1.354385886524516,49.91710502236218,1.1860362204960309,0.008522216451445075,2.2833978647871147,88.89654972100918,2.5824202225214807,1.0441899267352952,0.008286869081836627,2.3601382753681492,86.10851473702944,2.6421711494531013,1.0878801102113844,-0.1511311258460255,0.6105263157894737,0.3017740544056333,0.37097050104712087
100,-0.03951517162896356,0.007440125055257471,1.2319700040744144,42.413397440443894,1.006201483604117,0.007594790198827272,2.018924999354228,79.63235505811589,2.294030514894571,0.9331069541477762,0.007412257173281171,2.0942670119333058,77.37235892964635,2.3542345272347585,0.9754729173733151,-0.1573070300575854,0.5894736842105263,0.3017740544056333,0.37097050104712087
