{"LS":{"mean_monthly":0.007457745,"tstat_monthly":2.1094000767,"hit_rate":0.652173913,"max_drawdown":-0.1362696407,"capm_alpha":0.0081678889,"capm_alpha_t":2.2848692197,"capm_beta":-0.1117847652,"capm_ir_ann":1.034191761,"capm_te_ann":0.0947741713},"LS_vt":{"mean_monthly":0.007457745,"tstat_monthly":2.1094000767,"hit_rate":0.652173913,"max_drawdown":-0.1362696407,"capm_alpha":0.0081678889,"capm_alpha_t":2.2848692197,"capm_beta":-0.1117847652,"capm_ir_ann":1.034191761,"capm_te_ann":0.0947741713},"LS_pre_vt":{"mean_monthly":0.0065398441,"tstat_monthly":2.0417310562,"hit_rate":0.652173913,"max_drawdown":-0.1374559208,"capm_alpha":0.0072070245,"capm_alpha_t":2.2442530116,"capm_beta":-0.1050218127,"capm_ir_ann":0.9824001413,"capm_te_ann":0.0880336737},"D10":{"mean_monthly":0.0041074346,"tstat_monthly":0.4825527447,"mean_monthly_excess":-0.0033015027,"tstat_monthly_excess":-0.3724971705,"ann_sharpe_excess":-0.1305045389,"hit_rate":0.4637681159,"max_drawdown":-0.4037033217},"LS_alpha_vs_BOVA11":{"alpha_bps_per_month":81.6788892487,"alpha_tstat":2.2848692197,"beta":-0.1117847652,"ir_ann":1.034191761},"LS_vt_alpha_vs_BOVA11":{"alpha_bps_per_month":81.6788892487,"alpha_tstat":2.2848692197,"beta":-0.1117847652,"ir_ann":1.034191761},"LS_pre_vt_alpha_vs_BOVA11":{"alpha_bps_per_month":72.0702446052,"alpha_tstat":2.2442530116,"beta":-0.1050218127,"ir_ann":0.9824001413}}