bps,D10_sharpe,D10_mean,D10_t,D10_alpha_bps,D10_alpha_t,LS_mean,LS_t,LS_alpha_bps,LS_alpha_t,LS_ir,LS_mean_vt,LS_t_vt,LS_alpha_bps_vt,LS_alpha_t_vt,LS_ir_vt,LS_maxDD_vt,LS_hit_vt,avg_turnover_D10,avg_turnover_LS
20,-0.1415693755928484,0.0038278619401027753,0.4496175857326455,-32.741861961919966,-0.7397411644846464,0.007122791074564849,2.0130442636803667,78.33408143552617,2.189354928097609,0.9916540210967238,0.0075301855716511604,2.0994683287483613,82.43391819087827,2.2641487040346897,1.0454283341585966,-0.12465072859847792,0.6521739130434783,0.27957269707025356,0.3349539581145606
50,-0.1581703967591556,0.0034085028944973936,0.4002378217263043,-36.92211037194257,-0.833316214513983,0.006620360137393009,1.868739988091747,73.31686971583514,2.046339145349179,0.9278595695162745,0.007024968990575822,1.9582504894555868,77.38630666613231,2.124597555777712,0.9815029046433632,-0.12678563229739992,0.6521739130434783,0.27957269707025356,0.3349539581145606
100,-0.1858485918361207,0.0027095711518217566,0.3180013800324764,-43.88919105531365,-0.9887994077847759,0.0057829752421066066,1.6288837537701055,64.95485018301667,1.8086973506103836,0.8215788398954809,0.006182941355450261,1.7227927162195318,68.97362079155567,1.8920560008541476,0.8748842804467339,-0.13360799391371858,0.6376811594202898,0.27957269707025356,0.3349539581145606
