{"LS":{"mean_monthly":0.0080197571,"tstat_monthly":3.0294346288,"hit_rate":0.6568627451,"max_drawdown":-0.1148108885,"capm_alpha":0.0082819881,"capm_alpha_t":3.2269923775,"capm_beta":-0.052975649,"capm_ir_ann":1.00547392,"capm_te_ann":0.0988427997},"LS_vt":{"mean_monthly":0.0080197571,"tstat_monthly":3.0294346288,"hit_rate":0.6568627451,"max_drawdown":-0.1148108885,"capm_alpha":0.0082819881,"capm_alpha_t":3.2269923775,"capm_beta":-0.052975649,"capm_ir_ann":1.00547392,"capm_te_ann":0.0988427997},"LS_pre_vt":{"mean_monthly":0.0068947022,"tstat_monthly":3.0208782649,"hit_rate":0.6568627451,"max_drawdown":-0.1028414102,"capm_alpha":0.0070339671,"capm_alpha_t":3.210494638,"capm_beta":-0.0281341518,"capm_ir_ann":0.9853622579,"capm_te_ann":0.0856614958},"D10":{"mean_monthly":0.009067571,"tstat_monthly":1.2617492896,"mean_monthly_excess":0.0008629761,"tstat_monthly_excess":0.1200933279,"ann_sharpe_excess":0.0452549091,"hit_rate":0.568627451,"max_drawdown":-0.4663784131},"LS_alpha_vs_BOVA11":{"alpha_bps_per_month":82.81988104,"alpha_tstat":3.2269923775,"beta":-0.052975649,"ir_ann":1.00547392},"LS_vt_alpha_vs_BOVA11":{"alpha_bps_per_month":82.81988104,"alpha_tstat":3.2269923775,"beta":-0.052975649,"ir_ann":1.00547392},"LS_pre_vt_alpha_vs_BOVA11":{"alpha_bps_per_month":70.3396707465,"alpha_tstat":3.210494638,"beta":-0.0281341518,"ir_ann":0.9853622579}}