bps,D10_sharpe,D10_mean,D10_t,D10_alpha_bps,D10_alpha_t,LS_mean,LS_t,LS_alpha_bps,LS_alpha_t,LS_ir,LS_mean_vt,LS_t_vt,LS_alpha_bps_vt,LS_alpha_t_vt,LS_ir_vt,LS_maxDD_vt,LS_hit_vt,avg_turnover_D10,avg_turnover_LS
20,0.034349436899744075,0.008859542893463893,1.2340940729331942,45.662385712155455,1.0719578553639657,0.007722489993243577,2.9235929566454972,79.83233702417908,3.1168654788351433,0.969259074143462,0.007579796240152362,2.753288592172874,79.22395522011894,2.9552059473077583,0.9595418605056052,-0.12331943833712866,0.6470588235294118,0.20802812517057037,0.2972671469001733
50,0.01798684948501951,0.008547500705708038,1.1924971322668725,42.53239673059284,1.0022307279252707,0.007276589272893317,2.763882191453874,75.3510210004373,2.950756671879528,0.914903719836416,0.007129996569382423,2.5981079963583475,74.697275743608,2.7945907655214626,0.9048024729840526,-0.12494349339157229,0.6372549019607843,0.20802812517057037,0.2972671469001733
100,-0.009295353716889087,0.008027430392781613,1.1228645650980111,37.3157484279885,0.8848298143709469,0.006533421405642884,2.495174211404674,67.88216096086768,2.6714742129072744,0.8242365846654387,0.006380330451432522,2.337115440694209,67.15280994942312,2.524599838465824,0.8134898258763439,-0.1276447080842983,0.6176470588235294,0.20802812517057037,0.2972671469001733
