{"LS":{"mean_monthly":0.0079170179,"tstat_monthly":3.9536679924,"hit_rate":0.6141304348,"max_drawdown":-0.1550562813,"capm_alpha":0.0074764077,"capm_alpha_t":3.7313591973,"capm_beta":0.0659058763,"capm_ir_ann":0.871246194,"capm_te_ann":0.1029753622},"LS_vt":{"mean_monthly":0.0079170179,"tstat_monthly":3.9536679924,"hit_rate":0.6141304348,"max_drawdown":-0.1550562813,"capm_alpha":0.0074764077,"capm_alpha_t":3.7313591973,"capm_beta":0.0659058763,"capm_ir_ann":0.871246194,"capm_te_ann":0.1029753622},"LS_pre_vt":{"mean_monthly":0.0064527045,"tstat_monthly":3.6607936992,"hit_rate":0.6141304348,"max_drawdown":-0.1142659527,"capm_alpha":0.006102632,"capm_alpha_t":3.4968337916,"capm_beta":0.0523633725,"capm_ir_ann":0.8116221857,"capm_te_ann":0.0902286623},"LS_net":{"mean_monthly":0.0086696154,"tstat_monthly":4.1236513167,"hit_rate":0.625,"max_drawdown":-0.1411424349,"capm_alpha":0.0082332464,"capm_alpha_t":3.9108963734,"capm_beta":0.0652714894,"capm_ir_ann":0.9546468035,"capm_te_ann":0.1034926808},"D10":{"mean_monthly":0.0130129722,"tstat_monthly":2.5276690312,"mean_monthly_excess":0.0053482832,"tstat_monthly_excess":1.0336504999,"ann_sharpe_excess":0.244744157,"hit_rate":0.5597826087,"max_drawdown":-0.4857614378},"dispersion_gate":{"mode":"quantile80","blocked_months":132,"total_months":184},"LS_alpha_vs_BOVA11":{"alpha_bps_per_month":74.7640770091,"alpha_tstat":3.7313591973,"beta":0.0659058763,"ir_ann":0.871246194},"LS_vt_alpha_vs_BOVA11":{"alpha_bps_per_month":74.7640770091,"alpha_tstat":3.7313591973,"beta":0.0659058763,"ir_ann":0.871246194},"LS_pre_vt_alpha_vs_BOVA11":{"alpha_bps_per_month":61.0263200599,"alpha_tstat":3.4968337916,"beta":0.0523633725,"ir_ann":0.8116221857},"LS_net_alpha_vs_BOVA11":{"alpha_bps_per_month":82.3324640689,"alpha_tstat":3.9108963734,"beta":0.0652714894,"ir_ann":0.9546468035},"LS_financing_assumptions":{"avg_short_gross":0.5,"avg_long_gross":0.5,"avg_carry":0.005099918,"avg_borrow_cost":0.0043473205,"carry_multiplier":1.0,"borrow_cost_annual":0.08}}