{"LS":{"mean_monthly":0.0106888185,"tstat_monthly":4.2705432024,"hit_rate":0.6666666667,"max_drawdown":-0.1431284576,"capm_alpha":0.0109301843,"capm_alpha_t":4.3708868402,"capm_beta":-0.0381497968,"capm_ir_ann":1.3038815711,"capm_te_ann":0.1005936539},"LS_vt":{"mean_monthly":0.0106888185,"tstat_monthly":4.2705432024,"hit_rate":0.6666666667,"max_drawdown":-0.1431284576,"capm_alpha":0.0109301843,"capm_alpha_t":4.3708868402,"capm_beta":-0.0381497968,"capm_ir_ann":1.3038815711,"capm_te_ann":0.1005936539},"LS_pre_vt":{"mean_monthly":0.0104756179,"tstat_monthly":4.0481355427,"hit_rate":0.6666666667,"max_drawdown":-0.1706351946,"capm_alpha":0.0107391286,"capm_alpha_t":4.1939426689,"capm_beta":-0.0416499715,"capm_ir_ann":1.2290886304,"capm_te_ann":0.1048496749},"LS_net":{"mean_monthly":0.011217239,"tstat_monthly":4.3665864317,"hit_rate":0.6723163842,"max_drawdown":-0.1393250001,"capm_alpha":0.0114614113,"capm_alpha_t":4.4298306221,"capm_beta":-0.0385933756,"capm_ir_ann":1.3592958026,"capm_te_ann":0.1011824908},"D10":{"mean_monthly":0.010451957,"tstat_monthly":2.1510805145,"mean_monthly_excess":0.002822717,"tstat_monthly_excess":0.5646627624,"ann_sharpe_excess":0.1314151938,"hit_rate":0.5762711864,"max_drawdown":-0.470160446},"dispersion_gate":{"mode":"none","blocked_months":0,"total_months":177},"delisting_risk":{"avg_ls_weighted_multiplier":0.9967504832,"avg_ls_weighted_score":0.0129980672,"avg_ls_flagged":0.6553672316,"avg_ls_high":0.0,"avg_universe_flagged":1.1355932203,"avg_universe_high":0.0,"avg_universe_multiplier":0.9978720306},"LS_alpha_vs_BOVA11":{"alpha_bps_per_month":109.3018428671,"alpha_tstat":4.3708868402,"beta":-0.0381497968,"ir_ann":1.3038815711},"LS_vt_alpha_vs_BOVA11":{"alpha_bps_per_month":109.3018428671,"alpha_tstat":4.3708868402,"beta":-0.0381497968,"ir_ann":1.3038815711},"LS_pre_vt_alpha_vs_BOVA11":{"alpha_bps_per_month":107.3912861011,"alpha_tstat":4.1939426689,"beta":-0.0416499715,"ir_ann":1.2290886304},"LS_net_alpha_vs_BOVA11":{"alpha_bps_per_month":114.6141125659,"alpha_tstat":4.4298306221,"beta":-0.0385933756,"ir_ann":1.3592958026},"LS_financing_assumptions":{"avg_short_gross":0.5,"avg_long_gross":0.5,"avg_carry":0.0037525269,"avg_borrow_cost":0.0032241064,"carry_multiplier":1.0,"borrow_cost_annual":0.08}}