{"LS":{"mean_monthly":0.0097010807,"tstat_monthly":3.056859627,"hit_rate":0.6455696203,"max_drawdown":-0.1045562265,"capm_alpha":0.0102838867,"capm_alpha_t":3.3210720444,"capm_beta":-0.075501207,"capm_ir_ann":1.2225977934,"capm_te_ann":0.1009380522},"LS_vt":{"mean_monthly":0.0097010807,"tstat_monthly":3.056859627,"hit_rate":0.6455696203,"max_drawdown":-0.1045562265,"capm_alpha":0.0102838867,"capm_alpha_t":3.3210720444,"capm_beta":-0.075501207,"capm_ir_ann":1.2225977934,"capm_te_ann":0.1009380522},"LS_pre_vt":{"mean_monthly":0.0084093647,"tstat_monthly":3.0838961582,"hit_rate":0.6455696203,"max_drawdown":-0.0854578604,"capm_alpha":0.0088967083,"capm_alpha_t":3.3314659827,"capm_beta":-0.0631342731,"capm_ir_ann":1.1935757455,"capm_te_ann":0.0894459355},"D10":{"mean_monthly":0.0130353644,"tstat_monthly":1.7758625096,"mean_monthly_excess":0.0059735269,"tstat_monthly_excess":0.7791708382,"ann_sharpe_excess":0.2372062394,"hit_rate":0.5443037975,"max_drawdown":-0.4865209027},"LS_alpha_vs_BOVA11":{"alpha_bps_per_month":102.8388665958,"alpha_tstat":3.3210720444,"beta":-0.075501207,"ir_ann":1.2225977934},"LS_vt_alpha_vs_BOVA11":{"alpha_bps_per_month":102.8388665958,"alpha_tstat":3.3210720444,"beta":-0.075501207,"ir_ann":1.2225977934},"LS_pre_vt_alpha_vs_BOVA11":{"alpha_bps_per_month":88.9670826681,"alpha_tstat":3.3314659827,"beta":-0.0631342731,"ir_ann":1.1935757455}}