bps,D10_sharpe,D10_mean,D10_t,D10_alpha_bps,D10_alpha_t,LS_mean,LS_t,LS_alpha_bps,LS_alpha_t,LS_ir,LS_mean_vt,LS_t_vt,LS_alpha_bps_vt,LS_alpha_t_vt,LS_ir_vt,LS_maxDD_vt,LS_hit_vt,avg_turnover_D10,avg_turnover_LS
20,0.055555009355057805,0.009184585298626567,1.576448433963095,60.87759670480922,1.44466634110196,0.008268365163107885,2.332030194020887,86.59666180156879,2.653004797878235,1.030155779977039,0.007981581542852641,2.4037218606256214,83.29195681089013,2.7142516142461095,1.0661252309696294,-0.12862439991584695,0.6105263157894737,0.27856889698994963,0.36290786149116677
50,0.03249331981894847,0.008766731953141642,1.5052727365679632,56.712862025763805,1.3443740651771259,0.0077240033708711325,2.1697728068190356,81.15594940582567,2.475502092435348,0.9642968388845546,0.00746769687420197,2.239585667282195,78.15665143342429,2.5354587647735216,0.9993727555431197,-0.1320528569341457,0.6105263157894737,0.27856889698994963,0.36290786149116677
100,-0.0059675740776793705,0.008070309710666768,1.3865012482502779,49.771637560688134,1.1776602179671378,0.006816733717143216,1.9020178068949973,72.08809541292054,2.1828072849621143,0.854796107115453,0.006611222426450852,1.9687496721792874,69.5978091376478,2.240628419139889,0.888322986382931,-0.13774143865165545,0.6105263157894737,0.27856889698994963,0.36290786149116677
