{"LS":{"mean_monthly":0.008631273,"tstat_monthly":2.4408644248,"hit_rate":0.6105263158,"max_drawdown":-0.1429536978,"capm_alpha":0.0090223803,"capm_alpha_t":2.7721177656,"capm_beta":-0.0941536315,"capm_ir_ann":1.0741228166,"capm_te_ann":0.1007971923},"LS_vt":{"mean_monthly":0.008631273,"tstat_monthly":2.4408644248,"hit_rate":0.6105263158,"max_drawdown":-0.1429536978,"capm_alpha":0.0090223803,"capm_alpha_t":2.7721177656,"capm_beta":-0.0941536315,"capm_ir_ann":1.0741228166,"capm_te_ann":0.1007971923},"LS_pre_vt":{"mean_monthly":0.0104623571,"tstat_monthly":2.2105728293,"hit_rate":0.6105263158,"max_drawdown":-0.2303228583,"capm_alpha":0.0110256056,"capm_alpha_t":2.5578333179,"capm_beta":-0.1355942164,"capm_ir_ann":0.9560964566,"capm_te_ann":0.1383827608},"D10":{"mean_monthly":0.0094631542,"tstat_monthly":1.6238613098,"mean_monthly_excess":0.0012848239,"tstat_monthly_excess":0.2217612014,"ann_sharpe_excess":0.0709231081,"hit_rate":0.5789473684,"max_drawdown":-0.3463528792},"LS_alpha_vs_BOVA11":{"alpha_bps_per_month":90.2238033987,"alpha_tstat":2.7721177656,"beta":-0.0941536315,"ir_ann":1.0741228166},"LS_vt_alpha_vs_BOVA11":{"alpha_bps_per_month":90.2238033987,"alpha_tstat":2.7721177656,"beta":-0.0941536315,"ir_ann":1.0741228166},"LS_pre_vt_alpha_vs_BOVA11":{"alpha_bps_per_month":110.2560560267,"alpha_tstat":2.5578333179,"beta":-0.1355942164,"ir_ann":0.9560964566}}