{"LS":{"mean_monthly":0.0098192242,"tstat_monthly":2.8834000977,"hit_rate":0.6202531646,"max_drawdown":-0.1220732227,"capm_alpha":0.0102707423,"capm_alpha_t":3.0598774396,"capm_beta":-0.0584931562,"capm_ir_ann":1.1956619893,"capm_te_ann":0.1030800582},"LS_vt":{"mean_monthly":0.0098192242,"tstat_monthly":2.8834000977,"hit_rate":0.6202531646,"max_drawdown":-0.1220732227,"capm_alpha":0.0102707423,"capm_alpha_t":3.0598774396,"capm_beta":-0.0584931562,"capm_ir_ann":1.1956619893,"capm_te_ann":0.1030800582},"LS_pre_vt":{"mean_monthly":0.0086694788,"tstat_monthly":2.9607006616,"hit_rate":0.6202531646,"max_drawdown":-0.0990332696,"capm_alpha":0.0090602434,"capm_alpha_t":3.1290917682,"capm_beta":-0.0506226788,"capm_ir_ann":1.1766476111,"capm_te_ann":0.0924005793},"D10":{"mean_monthly":0.0134558305,"tstat_monthly":1.8164067006,"mean_monthly_excess":0.0063939931,"tstat_monthly_excess":0.8311701384,"ann_sharpe_excess":0.2547736636,"hit_rate":0.5569620253,"max_drawdown":-0.4848586657},"LS_alpha_vs_BOVA11":{"alpha_bps_per_month":102.7074228208,"alpha_tstat":3.0598774396,"beta":-0.0584931562,"ir_ann":1.1956619893},"LS_vt_alpha_vs_BOVA11":{"alpha_bps_per_month":102.7074228208,"alpha_tstat":3.0598774396,"beta":-0.0584931562,"ir_ann":1.1956619893},"LS_pre_vt_alpha_vs_BOVA11":{"alpha_bps_per_month":90.6024340644,"alpha_tstat":3.1290917682,"beta":-0.0506226788,"ir_ann":1.1766476111}}