{"LS":{"mean_monthly":0.0119603923,"tstat_monthly":3.341334517,"hit_rate":0.6526315789,"max_drawdown":-0.1263806687,"capm_alpha":0.0123675337,"capm_alpha_t":3.7162011073,"capm_beta":-0.0980136015,"capm_ir_ann":1.4793205418,"capm_te_ann":0.1003233579},"LS_vt":{"mean_monthly":0.0119603923,"tstat_monthly":3.341334517,"hit_rate":0.6526315789,"max_drawdown":-0.1263806687,"capm_alpha":0.0123675337,"capm_alpha_t":3.7162011073,"capm_beta":-0.0980136015,"capm_ir_ann":1.4793205418,"capm_te_ann":0.1003233579},"LS_pre_vt":{"mean_monthly":0.0126960934,"tstat_monthly":3.2053076762,"hit_rate":0.6526315789,"max_drawdown":-0.1740742354,"capm_alpha":0.0131598006,"capm_alpha_t":3.5871772602,"capm_beta":-0.1116310405,"capm_ir_ann":1.3677719029,"capm_te_ann":0.1154560979},"D10":{"mean_monthly":0.0102769536,"tstat_monthly":1.6627500121,"mean_monthly_excess":0.0020986233,"tstat_monthly_excess":0.3429374531,"ann_sharpe_excess":0.1131548753,"hit_rate":0.6,"max_drawdown":-0.3479260901},"LS_alpha_vs_BOVA11":{"alpha_bps_per_month":123.675336848,"alpha_tstat":3.7162011073,"beta":-0.0980136015,"ir_ann":1.4793205418},"LS_vt_alpha_vs_BOVA11":{"alpha_bps_per_month":123.675336848,"alpha_tstat":3.7162011073,"beta":-0.0980136015,"ir_ann":1.4793205418},"LS_pre_vt_alpha_vs_BOVA11":{"alpha_bps_per_month":131.5980055627,"alpha_tstat":3.5871772602,"beta":-0.1116310405,"ir_ann":1.3677719029}}