bps,D10_sharpe,D10_mean,D10_t,D10_alpha_bps,D10_alpha_t,LS_mean,LS_t,LS_alpha_bps,LS_alpha_t,LS_ir,LS_mean_vt,LS_t_vt,LS_alpha_bps_vt,LS_alpha_t_vt,LS_ir_vt,LS_maxDD_vt,LS_hit_vt,avg_turnover_D10,avg_turnover_LS
20,0.09757415366816931,0.009987443846925311,1.6168906954880111,64.81857966638408,1.6477491192884102,0.011603392456859743,3.2337421460807265,120.10847824904224,3.6000846715947787,1.4357597524207992,0.011564640687058775,3.2927463696476713,119.35130200307783,3.6291150717038474,1.4929489006083965,-0.10988137712852863,0.6526315789473685,0.2895097695562091,0.356999878929428
50,0.0741852747540667,0.009553179192590995,1.5479804237957444,60.500519189548385,1.53555337740451,0.011067892638465601,3.0732758767149266,114.75819035065513,3.426917242530614,1.3704941743210077,0.011054862726119568,3.138877271621255,114.2572188053141,3.4639381466538617,1.4281933752659566,-0.1132007627901177,0.631578947368421,0.2895097695562091,0.356999878929428
100,0.03515704119296388,0.008829404768700474,1.4328120526154422,53.30375172815553,1.3492642247999866,0.01017539294114203,2.808287433715831,105.84104385334324,3.140989653196873,1.2619304682545192,0.010205232791220889,2.884182874934608,105.76708014237448,3.1906459658625317,1.3204068369532405,-0.1187096362380462,0.631578947368421,0.2895097695562091,0.356999878929428
