bps,D10_sharpe,D10_mean,D10_t,D10_alpha_bps,D10_alpha_t,LS_mean,LS_t,LS_alpha_bps,LS_alpha_t,LS_ir,LS_mean_vt,LS_t_vt,LS_alpha_bps_vt,LS_alpha_t_vt,LS_ir_vt,LS_maxDD_vt,LS_hit_vt,avg_turnover_D10,avg_turnover_LS
20,0.09708341477145889,0.009961026304138181,1.6277529737881744,64.67244672001816,1.6551347291694234,0.012069493175126011,3.3863400255234954,124.60753781189574,3.7510746886751054,1.497285217116704,0.012057137223567514,3.4517661165068962,124.1113835957298,3.782899380813286,1.5538519799860213,-0.10998522244262732,0.6631578947368421,0.2839588876895377,0.3629402199586512
50,0.07392012937836125,0.009535087972603875,1.5597381841011797,60.43593850831463,1.5444357822899892,0.011525082845188033,3.2225691402188312,119.16864447744061,3.5746739120733224,1.4308095690038583,0.01153465896280082,3.293561092460524,118.89139877028339,3.6135509586773575,1.4876719266698464,-0.11324281677809511,0.6631578947368421,0.2839588876895377,0.3629402199586512
100,0.035268588470621205,0.008825190753380029,1.4460266350122954,53.37509148880878,1.3605687764814816,0.010617732295291405,2.9519590262901527,110.1038222533487,3.283268097214415,1.3201837954462918,0.010663861861522999,3.0315604516389776,110.19142406120602,3.3332413730427586,1.3774640708839658,-0.1186495488872219,0.6526315789473685,0.2839588876895377,0.3629402199586512
