{"LS":{"mean_monthly":0.0067986703,"tstat_monthly":3.0418933946,"hit_rate":0.6141304348,"max_drawdown":-0.2496634308,"capm_alpha":0.0070050241,"capm_alpha_t":3.1988472487,"capm_beta":-0.0308661208,"capm_ir_ann":0.798599356,"capm_te_ann":0.10525965},"LS_vt":{"mean_monthly":0.0067986703,"tstat_monthly":3.0418933946,"hit_rate":0.6141304348,"max_drawdown":-0.2496634308,"capm_alpha":0.0070050241,"capm_alpha_t":3.1988472487,"capm_beta":-0.0308661208,"capm_ir_ann":0.798599356,"capm_te_ann":0.10525965},"LS_pre_vt":{"mean_monthly":0.0060176789,"tstat_monthly":3.1447612894,"hit_rate":0.6141304348,"max_drawdown":-0.1885966573,"capm_alpha":0.0061432779,"capm_alpha_t":3.2718006859,"capm_beta":-0.0187869352,"capm_ir_ann":0.7983023323,"capm_te_ann":0.0923451332},"LS_net":{"mean_monthly":0.0074674881,"tstat_monthly":3.1260472502,"hit_rate":0.6195652174,"max_drawdown":-0.2931360987,"capm_alpha":0.0076778081,"capm_alpha_t":3.3013144221,"capm_beta":-0.0314593923,"capm_ir_ann":0.8675173864,"capm_te_ann":0.1062038627},"D10":{"mean_monthly":0.0113852863,"tstat_monthly":2.181514368,"mean_monthly_excess":0.0037205973,"tstat_monthly_excess":0.7105859678,"ann_sharpe_excess":0.167728551,"hit_rate":0.5543478261,"max_drawdown":-0.4847315871},"dispersion_gate":{"mode":"quantile60","blocked_months":98,"total_months":184},"delisting_risk":{"avg_ls_weighted_multiplier":0.9987633297,"avg_ls_weighted_score":0.004946681,"avg_ls_flagged":0.2065217391,"avg_ls_high":0.0,"avg_universe_flagged":0.7336956522,"avg_universe_high":0.0,"avg_universe_multiplier":0.9984233837},"LS_alpha_vs_BOVA11":{"alpha_bps_per_month":70.0502405969,"alpha_tstat":3.1988472487,"beta":-0.0308661208,"ir_ann":0.798599356},"LS_vt_alpha_vs_BOVA11":{"alpha_bps_per_month":70.0502405969,"alpha_tstat":3.1988472487,"beta":-0.0308661208,"ir_ann":0.798599356},"LS_pre_vt_alpha_vs_BOVA11":{"alpha_bps_per_month":61.4327793715,"alpha_tstat":3.2718006859,"beta":-0.0187869352,"ir_ann":0.7983023323},"LS_net_alpha_vs_BOVA11":{"alpha_bps_per_month":76.7780811978,"alpha_tstat":3.3013144221,"beta":-0.0314593923,"ir_ann":0.8675173864},"LS_financing_assumptions":{"avg_short_gross":0.5,"avg_long_gross":0.4992169494,"avg_carry":0.0048112192,"avg_borrow_cost":0.0041424014,"carry_multiplier":1.0,"borrow_cost_annual":0.08}}