bps,D10_sharpe,D10_mean,D10_t,D10_alpha_bps,D10_alpha_t,LS_mean,LS_t,LS_alpha_bps,LS_alpha_t,LS_ir,LS_mean_vt,LS_t_vt,LS_alpha_bps_vt,LS_alpha_t_vt,LS_ir_vt,LS_maxDD_vt,LS_hit_vt,avg_turnover_D10,avg_turnover_LS
20,0.10571252052177316,0.01013297328738873,1.634420745316963,66.16331801711276,1.6515255425414161,0.012439119781283807,3.514061514548223,127.03333180596142,3.747790424886184,1.4950831666086768,0.012448482349345613,3.584028437318159,126.79471827455002,3.785403895002746,1.5501011970898741,-0.10723032035911895,0.6842105263157895,0.2820936390750631,0.3559854913554618
50,0.08286279053431977,0.009709832828776134,1.567667852433208,61.95438183951961,1.5440770237972536,0.011905141544250614,3.3512413858195798,121.69797199965055,3.577192657001302,1.4310077127732599,0.011937344606944178,3.4279875938561477,121.68685740093989,3.622704875565567,1.4867014352594587,-0.1104311657439635,0.6842105263157895,0.2820936390750631,0.3559854913554618
100,0.044736666325306276,0.009004598731088477,1.4560847539979833,54.93948821019773,1.3656468824235124,0.011015177815861959,3.0823042252284587,112.8057056557992,3.2954855256865274,1.3244078998557918,0.011085448369608453,3.1695746567456236,113.17375594492292,3.3534273843438527,1.3811508536914976,-0.11574418867370972,0.6736842105263158,0.2820936390750631,0.3559854913554618
