{"LS":{"mean_monthly":0.0127951053,"tstat_monthly":3.6232166755,"hit_rate":0.6842105263,"max_drawdown":-0.1230093639,"capm_alpha":0.0130590238,"capm_alpha_t":3.8621790635,"capm_beta":-0.0635347129,"capm_ir_ann":1.5378458729,"capm_te_ann":0.101901165},"LS_vt":{"mean_monthly":0.0127951053,"tstat_monthly":3.6232166755,"hit_rate":0.6842105263,"max_drawdown":-0.1230093639,"capm_alpha":0.0130590238,"capm_alpha_t":3.8621790635,"capm_beta":-0.0635347129,"capm_ir_ann":1.5378458729,"capm_te_ann":0.101901165},"LS_pre_vt":{"mean_monthly":0.0132854207,"tstat_monthly":3.4683922252,"hit_rate":0.6842105263,"max_drawdown":-0.1613923617,"capm_alpha":0.0135453865,"capm_alpha_t":3.6875217559,"capm_beta":-0.0625831451,"capm_ir_ann":1.4340153728,"capm_te_ann":0.1133492998},"D10":{"mean_monthly":0.0104150669,"tstat_monthly":1.6788392301,"mean_monthly_excess":0.0022367366,"tstat_monthly_excess":0.3650213726,"ann_sharpe_excess":0.1209346906,"hit_rate":0.6,"max_drawdown":-0.3364130051},"LS_alpha_vs_BOVA11":{"alpha_bps_per_month":130.5902383435,"alpha_tstat":3.8621790635,"beta":-0.0635347129,"ir_ann":1.5378458729},"LS_vt_alpha_vs_BOVA11":{"alpha_bps_per_month":130.5902383435,"alpha_tstat":3.8621790635,"beta":-0.0635347129,"ir_ann":1.5378458729},"LS_pre_vt_alpha_vs_BOVA11":{"alpha_bps_per_month":135.4538653562,"alpha_tstat":3.6875217559,"beta":-0.0625831451,"ir_ann":1.4340153728}}