{"LS":{"mean_monthly":0.0085496741,"tstat_monthly":2.3303233695,"hit_rate":0.6210526316,"max_drawdown":-0.1491799161,"capm_alpha":0.0089455557,"capm_alpha_t":2.636404945,"capm_beta":-0.0953029624,"capm_ir_ann":1.0621292475,"capm_te_ann":0.1010674251},"LS_vt":{"mean_monthly":0.0085496741,"tstat_monthly":2.3303233695,"hit_rate":0.6210526316,"max_drawdown":-0.1491799161,"capm_alpha":0.0089455557,"capm_alpha_t":2.636404945,"capm_beta":-0.0953029624,"capm_ir_ann":1.0621292475,"capm_te_ann":0.1010674251},"LS_pre_vt":{"mean_monthly":0.0100122323,"tstat_monthly":2.116944666,"hit_rate":0.6210526316,"max_drawdown":-0.2314231101,"capm_alpha":0.0105531833,"capm_alpha_t":2.440208178,"capm_beta":-0.130226414,"capm_ir_ann":0.9333107896,"capm_te_ann":0.1356870627},"D10":{"mean_monthly":0.0087555014,"tstat_monthly":1.4864488525,"mean_monthly_excess":0.0005771711,"tstat_monthly_excess":0.0984867038,"ann_sharpe_excess":0.0319351869,"hit_rate":0.5684210526,"max_drawdown":-0.3418349265},"LS_alpha_vs_BOVA11":{"alpha_bps_per_month":89.4555567809,"alpha_tstat":2.636404945,"beta":-0.0953029624,"ir_ann":1.0621292475},"LS_vt_alpha_vs_BOVA11":{"alpha_bps_per_month":89.4555567809,"alpha_tstat":2.636404945,"beta":-0.0953029624,"ir_ann":1.0621292475},"LS_pre_vt_alpha_vs_BOVA11":{"alpha_bps_per_month":105.531832998,"alpha_tstat":2.440208178,"beta":-0.130226414,"ir_ann":0.9333107896}}