bps,D10_sharpe,D10_mean,D10_t,D10_alpha_bps,D10_alpha_t,LS_mean,LS_t,LS_alpha_bps,LS_alpha_t,LS_ir,LS_mean_vt,LS_t_vt,LS_alpha_bps_vt,LS_alpha_t_vt,LS_ir_vt,LS_maxDD_vt,LS_hit_vt,avg_turnover_D10,avg_turnover_LS
20,0.016748185643154976,0.008480963783555732,1.4404565890202572,53.51988554898274,1.271503333290954,0.008195142351634085,2.2273596214947244,85.9117788171707,2.5240748322230018,1.019260526599656,0.007983869313745146,2.2877770900191137,83.40742770071714,2.571680147050253,1.0564402526287948,-0.13582766571002003,0.6105263157894737,0.27453760664286975,0.35453177437462363
50,-0.0060435651253938315,0.008069157373591422,1.371384646715703,49.41981766064551,1.1731042428634584,0.007663344690072151,2.0739320139214,80.59611187156989,2.3567896997784548,0.9550521960552179,0.007479430256447543,2.1339393572682006,78.36537862935508,2.4047664302718457,0.9915692542167973,-0.13916086915260895,0.6,0.27453760664286975,0.35453177437462363
100,-0.04405916006565726,0.00738281335698425,1.2560457386263422,42.58637118008348,1.0094422790167368,0.006777015254135592,1.8209447584417284,71.73666696223519,2.0812213799039627,0.8483081360707738,0.006638698494284871,1.8802385494706944,69.96196351041833,2.129744093056525,0.8836561283046581,-0.14469192337984438,0.5789473684210527,0.27453760664286975,0.35453177437462363
