bps,D10_sharpe,D10_mean,D10_t,D10_alpha_bps,D10_alpha_t,LS_mean,LS_t,LS_alpha_bps,LS_alpha_t,LS_ir,LS_mean_vt,LS_t_vt,LS_alpha_bps_vt,LS_alpha_t_vt,LS_ir_vt,LS_maxDD_vt,LS_hit_vt,avg_turnover_D10,avg_turnover_LS
20,0.02177289493554061,0.008621937447151883,1.1954378437849928,43.671813964067404,1.007509467987627,0.008110277547033015,3.2667073643791213,77.98421199655229,3.1643589395666476,0.9773189435232204,0.008029519266323112,3.105627110943171,77.73538014900114,2.9889245436698393,0.9590232924603634,-0.10033015419496183,0.5882352941176471,0.20798525185780087,0.2969987272364828
50,0.0054975433916267785,0.008309959569365182,1.1540016790492842,40.54334625123809,0.9385621317811769,0.007664779456178292,3.097590928377535,73.51075661802123,2.991631380984753,0.9210020417014562,0.0075766966996858,2.9399233097390898,73.1833948203626,2.822768412738465,0.9026719704908103,-0.102872110842957,0.5784313725490197,0.20798525185780087,0.2969987272364828
100,-0.02163621298008688,0.007789996439720678,1.084635686271421,35.32923339652255,0.8225654839889059,0.006922282638087085,2.812991481748325,66.0549976538029,2.701254145281351,0.8271388650373687,0.006821992421956947,2.661180489815873,65.59675260596502,2.5433311978817423,0.8087420522597791,-0.10709484675649406,0.5784313725490197,0.20798525185780087,0.2969987272364828
