{"LS":{"mean_monthly":0.0084072763,"tstat_monthly":3.3787647593,"hit_rate":0.5980392157,"max_drawdown":-0.0881385116,"capm_alpha":0.0080966516,"capm_alpha_t":3.2788810466,"capm_beta":0.0627521087,"capm_ir_ann":1.0148590873,"capm_te_ann":0.0957372505},"LS_vt":{"mean_monthly":0.0084072763,"tstat_monthly":3.3787647593,"hit_rate":0.5980392157,"max_drawdown":-0.0881385116,"capm_alpha":0.0080966516,"capm_alpha_t":3.2788810466,"capm_beta":0.0627521087,"capm_ir_ann":1.0148590873,"capm_te_ann":0.0957372505},"LS_pre_vt":{"mean_monthly":0.0074377262,"tstat_monthly":3.4003029687,"hit_rate":0.5980392157,"max_drawdown":-0.0747271344,"capm_alpha":0.0071196356,"capm_alpha_t":3.324939607,"capm_beta":0.0642603634,"capm_ir_ann":1.0160933787,"capm_te_ann":0.0840824563},"D10":{"mean_monthly":0.0088299227,"tstat_monthly":1.2229854994,"mean_monthly_excess":0.0006253278,"tstat_monthly_excess":0.0866266832,"ann_sharpe_excess":0.0326209627,"hit_rate":0.5784313725,"max_drawdown":-0.4643229274},"LS_alpha_vs_BOVA11":{"alpha_bps_per_month":80.9665155822,"alpha_tstat":3.2788810466,"beta":0.0627521087,"ir_ann":1.0148590873},"LS_vt_alpha_vs_BOVA11":{"alpha_bps_per_month":80.9665155822,"alpha_tstat":3.2788810466,"beta":0.0627521087,"ir_ann":1.0148590873},"LS_pre_vt_alpha_vs_BOVA11":{"alpha_bps_per_month":71.1963558899,"alpha_tstat":3.324939607,"beta":0.0642603634,"ir_ann":1.0160933787}}