{"LS":{"mean_monthly":0.0093617065,"tstat_monthly":2.319314167,"hit_rate":0.6315789474,"max_drawdown":-0.1725627351,"capm_alpha":0.0096785006,"capm_alpha_t":2.570403842,"capm_beta":-0.0762637457,"capm_ir_ann":1.1265088621,"capm_te_ann":0.1030990617},"LS_vt":{"mean_monthly":0.0093617065,"tstat_monthly":2.319314167,"hit_rate":0.6315789474,"max_drawdown":-0.1725627351,"capm_alpha":0.0096785006,"capm_alpha_t":2.570403842,"capm_beta":-0.0762637457,"capm_ir_ann":1.1265088621,"capm_te_ann":0.1030990617},"LS_pre_vt":{"mean_monthly":0.0101681757,"tstat_monthly":2.0704339355,"hit_rate":0.6315789474,"max_drawdown":-0.2595552344,"capm_alpha":0.0106001911,"capm_alpha_t":2.3490322607,"capm_beta":-0.1040017056,"capm_ir_ann":0.9600234318,"capm_te_ann":0.1324991553},"D10":{"mean_monthly":0.0098154379,"tstat_monthly":1.6121522619,"mean_monthly_excess":0.0016371076,"tstat_monthly_excess":0.2711281707,"ann_sharpe_excess":0.0911836102,"hit_rate":0.6,"max_drawdown":-0.3317309164},"LS_alpha_vs_BOVA11":{"alpha_bps_per_month":96.7850055288,"alpha_tstat":2.570403842,"beta":-0.0762637457,"ir_ann":1.1265088621},"LS_vt_alpha_vs_BOVA11":{"alpha_bps_per_month":96.7850055288,"alpha_tstat":2.570403842,"beta":-0.0762637457,"ir_ann":1.1265088621},"LS_pre_vt_alpha_vs_BOVA11":{"alpha_bps_per_month":106.001911494,"alpha_tstat":2.3490322607,"beta":-0.1040017056,"ir_ann":0.9600234318}}