bps,D10_sharpe,D10_mean,D10_t,D10_alpha_bps,D10_alpha_t,LS_mean,LS_t,LS_alpha_bps,LS_alpha_t,LS_ir,LS_mean_vt,LS_t_vt,LS_alpha_bps_vt,LS_alpha_t_vt,LS_ir_vt,LS_maxDD_vt,LS_hit_vt,avg_turnover_D10,avg_turnover_LS
20,0.07677342597730083,0.009556633063262212,1.5698724804008095,63.36238538603459,1.5104445287683637,0.009024874290031968,2.2310477923688916,93.41421359369149,2.474733881471469,1.0864196928758885,0.008969253512687547,2.3275975604397927,92.53265372180196,2.5588796662894704,1.1502853003300109,-0.1527589431385863,0.6,0.25880484038378776,0.33683222794701895
50,0.05515464311736409,0.009168425802686531,1.5064204230194993,59.49519259845885,1.4165233123718597,0.00851962594811144,2.0993210195725283,88.35802569100511,2.332066244798583,1.0263815055722565,0.008491257481008898,2.197265593157966,87.74791221775163,2.4184770269724636,1.089766642924423,-0.15549272920532242,0.6,0.25880484038378776,0.33683222794701895
100,0.019114609498440634,0.00852141370172706,1.4005840581567734,53.049871285832616,1.2604609059526535,0.007677545378243892,1.8815733128024685,79.93104585319458,2.0965197128341293,0.92658361284465,0.007694597428211154,1.9815615145991283,79.77334304433438,2.1863819096313892,0.9890915432773792,-0.16003239301466254,0.5789473684210527,0.25880484038378776,0.33683222794701895
