{"LS":{"mean_monthly":0.0121273435,"tstat_monthly":3.4162508251,"hit_rate":0.6842105263,"max_drawdown":-0.128023331,"capm_alpha":0.01240477,"capm_alpha_t":3.6739958626,"capm_beta":-0.066786551,"capm_ir_ann":1.4679172399,"capm_te_ann":0.1014071067},"LS_vt":{"mean_monthly":0.0121273435,"tstat_monthly":3.4162508251,"hit_rate":0.6842105263,"max_drawdown":-0.128023331,"capm_alpha":0.01240477,"capm_alpha_t":3.6739958626,"capm_beta":-0.066786551,"capm_ir_ann":1.4679172399,"capm_te_ann":0.1014071067},"LS_pre_vt":{"mean_monthly":0.0131892557,"tstat_monthly":3.2904914282,"hit_rate":0.6842105263,"max_drawdown":-0.1806206784,"capm_alpha":0.0134975905,"capm_alpha_t":3.5463018735,"capm_beta":-0.0742272995,"capm_ir_ann":1.3492572873,"capm_te_ann":0.1200446254},"D10":{"mean_monthly":0.0098373481,"tstat_monthly":1.5860812284,"mean_monthly_excess":0.0016590178,"tstat_monthly_excess":0.2707329117,"ann_sharpe_excess":0.0885742425,"hit_rate":0.6,"max_drawdown":-0.3472652348},"LS_alpha_vs_BOVA11":{"alpha_bps_per_month":124.0477000952,"alpha_tstat":3.6739958626,"beta":-0.066786551,"ir_ann":1.4679172399},"LS_vt_alpha_vs_BOVA11":{"alpha_bps_per_month":124.0477000952,"alpha_tstat":3.6739958626,"beta":-0.066786551,"ir_ann":1.4679172399},"LS_pre_vt_alpha_vs_BOVA11":{"alpha_bps_per_month":134.9759046411,"alpha_tstat":3.5463018735,"beta":-0.0742272995,"ir_ann":1.3492572873}}