{"LS":{"mean_monthly":0.0106518732,"tstat_monthly":3.9900685843,"hit_rate":0.6723163842,"max_drawdown":-0.1953360128,"capm_alpha":0.0112124985,"capm_alpha_t":4.3351669855,"capm_beta":-0.088611292,"capm_ir_ann":1.3516843784,"capm_te_ann":0.0995424551},"LS_vt":{"mean_monthly":0.0106518732,"tstat_monthly":3.9900685843,"hit_rate":0.6723163842,"max_drawdown":-0.1953360128,"capm_alpha":0.0112124985,"capm_alpha_t":4.3351669855,"capm_beta":-0.088611292,"capm_ir_ann":1.3516843784,"capm_te_ann":0.0995424551},"LS_pre_vt":{"mean_monthly":0.0104684631,"tstat_monthly":3.8358262685,"hit_rate":0.6723163842,"max_drawdown":-0.2548778343,"capm_alpha":0.0110062254,"capm_alpha_t":4.2129281421,"capm_beta":-0.0849976254,"capm_ir_ann":1.2230297926,"capm_te_ann":0.1079897691},"LS_net":{"mean_monthly":0.0112865537,"tstat_monthly":4.1896416015,"hit_rate":0.6553672316,"max_drawdown":-0.1754518035,"capm_alpha":0.0118496647,"capm_alpha_t":4.5196258506,"capm_beta":-0.0890041851,"capm_ir_ann":1.4249816826,"capm_te_ann":0.099787933},"D10":{"mean_monthly":0.0117320626,"tstat_monthly":2.511761159,"mean_monthly_excess":0.0041028226,"tstat_monthly_excess":0.8467743143,"ann_sharpe_excess":0.2022606597,"hit_rate":0.6101694915,"max_drawdown":-0.4525952151},"dispersion_gate":{"mode":"quantile80","blocked_months":125,"total_months":177},"delisting_risk":{"avg_ls_weighted_multiplier":0.9969758597,"avg_ls_weighted_score":0.0120965611,"avg_ls_flagged":0.4463276836,"avg_ls_high":0.0,"avg_universe_flagged":1.1355932203,"avg_universe_high":0.0,"avg_universe_multiplier":0.9978720306},"LS_alpha_vs_BOVA11":{"alpha_bps_per_month":112.1249846496,"alpha_tstat":4.3351669855,"beta":-0.088611292,"ir_ann":1.3516843784},"LS_vt_alpha_vs_BOVA11":{"alpha_bps_per_month":112.1249846496,"alpha_tstat":4.3351669855,"beta":-0.088611292,"ir_ann":1.3516843784},"LS_pre_vt_alpha_vs_BOVA11":{"alpha_bps_per_month":110.0622540626,"alpha_tstat":4.2129281421,"beta":-0.0849976254,"ir_ann":1.2230297926},"LS_net_alpha_vs_BOVA11":{"alpha_bps_per_month":118.4966472583,"alpha_tstat":4.5196258506,"beta":-0.0890041851,"ir_ann":1.4249816826},"LS_financing_assumptions":{"avg_short_gross":0.5,"avg_long_gross":0.4945374236,"avg_carry":0.0037232828,"avg_borrow_cost":0.0030886023,"carry_multiplier":1.0,"borrow_cost_annual":0.08}}