{"LS":{"mean_monthly":0.0073491442,"tstat_monthly":3.5449686008,"hit_rate":0.6032608696,"max_drawdown":-0.1657328277,"capm_alpha":0.0070718528,"capm_alpha_t":3.4109190301,"capm_beta":0.0414768703,"capm_ir_ann":0.8098785406,"capm_te_ann":0.1047839018},"LS_vt":{"mean_monthly":0.0073491442,"tstat_monthly":3.5449686008,"hit_rate":0.6032608696,"max_drawdown":-0.1657328277,"capm_alpha":0.0070718528,"capm_alpha_t":3.4109190301,"capm_beta":0.0414768703,"capm_ir_ann":0.8098785406,"capm_te_ann":0.1047839018},"LS_pre_vt":{"mean_monthly":0.0060979657,"tstat_monthly":3.5130970134,"hit_rate":0.6032608696,"max_drawdown":-0.119507283,"capm_alpha":0.0058554574,"capm_alpha_t":3.4018473266,"capm_beta":0.0362740562,"capm_ir_ann":0.7939167889,"capm_te_ann":0.0885048535},"LS_net":{"mean_monthly":0.0080566233,"tstat_monthly":3.6310625399,"hit_rate":0.6141304348,"max_drawdown":-0.2146166249,"capm_alpha":0.0077839931,"capm_alpha_t":3.5186249045,"capm_beta":0.0407796528,"capm_ir_ann":0.8839886176,"capm_te_ann":0.1056664259},"D10":{"mean_monthly":0.0119011325,"tstat_monthly":2.3644341861,"mean_monthly_excess":0.0042364435,"tstat_monthly_excess":0.8397695157,"ann_sharpe_excess":0.1971326984,"hit_rate":0.5706521739,"max_drawdown":-0.4829387012},"dispersion_gate":{"mode":"quantile70","blocked_months":113,"total_months":184},"LS_alpha_vs_BOVA11":{"alpha_bps_per_month":70.718527869,"alpha_tstat":3.4109190301,"beta":0.0414768703,"ir_ann":0.8098785406},"LS_vt_alpha_vs_BOVA11":{"alpha_bps_per_month":70.718527869,"alpha_tstat":3.4109190301,"beta":0.0414768703,"ir_ann":0.8098785406},"LS_pre_vt_alpha_vs_BOVA11":{"alpha_bps_per_month":58.5545742431,"alpha_tstat":3.4018473266,"beta":0.0362740562,"ir_ann":0.7939167889},"LS_net_alpha_vs_BOVA11":{"alpha_bps_per_month":77.8399314823,"alpha_tstat":3.5186249045,"beta":0.0407796528,"ir_ann":0.8839886176},"LS_financing_assumptions":{"avg_short_gross":0.5,"avg_long_gross":0.4999505136,"avg_carry":0.0050072089,"avg_borrow_cost":0.0042997298,"carry_multiplier":1.0,"borrow_cost_annual":0.08}}