{"LS":{"mean_monthly":0.0072049607,"tstat_monthly":3.6897260903,"hit_rate":0.6032608696,"max_drawdown":-0.1243870733,"capm_alpha":0.0066407113,"capm_alpha_t":3.259562191,"capm_beta":0.084399675,"capm_ir_ann":0.8351960178,"capm_te_ann":0.095412973},"LS_vt":{"mean_monthly":0.0072049607,"tstat_monthly":3.6897260903,"hit_rate":0.6032608696,"max_drawdown":-0.1243870733,"capm_alpha":0.0066407113,"capm_alpha_t":3.259562191,"capm_beta":0.084399675,"capm_ir_ann":0.8351960178,"capm_te_ann":0.095412973},"LS_pre_vt":{"mean_monthly":0.0039471428,"tstat_monthly":3.6995558559,"hit_rate":0.6032608696,"max_drawdown":-0.086524318,"capm_alpha":0.0036496149,"capm_alpha_t":3.2864184664,"capm_beta":0.0445038223,"capm_ir_ann":0.8145874053,"capm_te_ann":0.0537638787},"LS_net":{"mean_monthly":0.0080721597,"tstat_monthly":3.9977602444,"hit_rate":0.5923913043,"max_drawdown":-0.1384191489,"capm_alpha":0.0075152639,"capm_alpha_t":3.5506436745,"capm_beta":0.0832997287,"capm_ir_ann":0.939394031,"capm_te_ann":0.0960014257},"D10":{"mean_monthly":0.009737141,"tstat_monthly":2.2602619818,"mean_monthly_excess":0.0020724519,"tstat_monthly_excess":0.4681060173,"ann_sharpe_excess":0.1036784803,"hit_rate":0.5489130435,"max_drawdown":-0.4419484415},"dispersion_gate":{"mode":"none","blocked_months":0,"total_months":184},"delisting_risk":{"avg_ls_weighted_multiplier":0.9989041777,"avg_ls_weighted_score":0.004383289,"avg_ls_flagged":0.4782608696,"avg_ls_high":0.0,"avg_universe_flagged":0.7336956522,"avg_universe_high":0.0,"avg_universe_multiplier":0.9984226814},"LS_alpha_vs_BOVA11":{"alpha_bps_per_month":66.4071125646,"alpha_tstat":3.259562191,"beta":0.084399675,"ir_ann":0.8351960178},"LS_vt_alpha_vs_BOVA11":{"alpha_bps_per_month":66.4071125646,"alpha_tstat":3.259562191,"beta":0.084399675,"ir_ann":0.8351960178},"LS_pre_vt_alpha_vs_BOVA11":{"alpha_bps_per_month":36.4961486896,"alpha_tstat":3.2864184664,"beta":0.0445038223,"ir_ann":0.8145874053},"LS_net_alpha_vs_BOVA11":{"alpha_bps_per_month":75.1526385994,"alpha_tstat":3.5506436745,"beta":0.0832997287,"ir_ann":0.939394031},"LS_financing_assumptions":{"avg_short_gross":0.5,"avg_long_gross":0.4999952823,"avg_carry":0.0066436989,"avg_borrow_cost":0.0057764999,"carry_multiplier":1.0,"borrow_cost_annual":0.08}}