bps,D10_sharpe,D10_mean,D10_t,D10_alpha_bps,D10_alpha_t,LS_mean,LS_t,LS_alpha_bps,LS_alpha_t,LS_ir,LS_mean_vt,LS_t_vt,LS_alpha_bps_vt,LS_alpha_t_vt,LS_ir_vt,LS_maxDD_vt,LS_hit_vt,avg_turnover_D10,avg_turnover_LS
20,0.019400848380933085,0.00857795381989749,1.2178673475334274,43.61990641580379,1.0226779897137765,0.00741590411432257,3.2100363480158327,75.10779298631076,3.298504132459272,0.9257267154640515,0.0072047037546147516,3.054422575206719,73.87921385659929,3.155445782307507,0.9072258074992045,-0.10876248395946886,0.6176470588235294,0.19239071567502938,0.2738605050176124
50,0.004405412891124373,0.008289367746384944,1.1788069702641117,40.723185668818836,0.9580538058626127,0.007005113356796151,3.0372769453213926,70.98313313266078,3.1214526677947436,0.8746421091083837,0.00679038684606288,2.8825689309523987,69.71392301263732,2.9812726663968516,0.8558750719825895,-0.1152189803498469,0.6078431372549019,0.19239071567502938,0.2738605050176124
100,-0.020592299406892885,0.00780839095719737,1.1134095625859481,35.89531775717726,0.8493284300921905,0.006320462094252121,2.747722562580923,64.10870004324423,2.8249510169852576,0.7894963750317723,0.006099858665143095,2.5947443603960627,62.77177160603402,2.6895869839506075,0.7702765873879934,-0.12588354971409588,0.5980392156862745,0.19239071567502938,0.2738605050176124
