{"LS":{"mean_monthly":0.0076897646,"tstat_monthly":3.3247889047,"hit_rate":0.6274509804,"max_drawdown":-0.1028078585,"capm_alpha":0.0077857566,"capm_alpha_t":3.4161666678,"capm_beta":-0.0193922128,"capm_ir_ann":0.9597782059,"capm_te_ann":0.0973444478},"LS_vt":{"mean_monthly":0.0076897646,"tstat_monthly":3.3247889047,"hit_rate":0.6274509804,"max_drawdown":-0.1028078585,"capm_alpha":0.0077857566,"capm_alpha_t":3.4161666678,"capm_beta":-0.0193922128,"capm_ir_ann":0.9597782059,"capm_te_ann":0.0973444478},"LS_pre_vt":{"mean_monthly":0.007465791,"tstat_monthly":3.3094286241,"hit_rate":0.6274509804,"max_drawdown":-0.1009948746,"capm_alpha":0.0074703653,"capm_alpha_t":3.3967853468,"capm_beta":-0.0009240913,"capm_ir_ann":0.9653492766,"capm_te_ann":0.0928621236},"D10":{"mean_monthly":0.0087703445,"tstat_monthly":1.2438334191,"mean_monthly_excess":0.0005657496,"tstat_monthly_excess":0.0800697171,"ann_sharpe_excess":0.029396371,"hit_rate":0.5784313725,"max_drawdown":-0.4653803547},"LS_alpha_vs_BOVA11":{"alpha_bps_per_month":77.8575662221,"alpha_tstat":3.4161666678,"beta":-0.0193922128,"ir_ann":0.9597782059},"LS_vt_alpha_vs_BOVA11":{"alpha_bps_per_month":77.8575662221,"alpha_tstat":3.4161666678,"beta":-0.0193922128,"ir_ann":0.9597782059},"LS_pre_vt_alpha_vs_BOVA11":{"alpha_bps_per_month":74.7036531727,"alpha_tstat":3.3967853468,"beta":-0.0009240913,"ir_ann":0.9653492766}}