{"LS":{"mean_monthly":0.0105832987,"tstat_monthly":2.7343930017,"hit_rate":0.6631578947,"max_drawdown":-0.158097447,"capm_alpha":0.010842849,"capm_alpha_t":2.9809157132,"capm_beta":-0.0624831337,"capm_ir_ann":1.2673265511,"capm_te_ann":0.1026682415},"LS_vt":{"mean_monthly":0.0105832987,"tstat_monthly":2.7343930017,"hit_rate":0.6631578947,"max_drawdown":-0.158097447,"capm_alpha":0.010842849,"capm_alpha_t":2.9809157132,"capm_beta":-0.0624831337,"capm_ir_ann":1.2673265511,"capm_te_ann":0.1026682415},"LS_pre_vt":{"mean_monthly":0.0120403942,"tstat_monthly":2.5498795879,"hit_rate":0.6631578947,"max_drawdown":-0.2440119017,"capm_alpha":0.0124019798,"capm_alpha_t":2.8345682396,"capm_beta":-0.0870467025,"capm_ir_ann":1.1192844965,"capm_te_ann":0.1329632978},"D10":{"mean_monthly":0.0097589231,"tstat_monthly":1.5567532974,"mean_monthly_excess":0.0015805927,"tstat_monthly_excess":0.254851348,"ann_sharpe_excess":0.0846954423,"hit_rate":0.5894736842,"max_drawdown":-0.3379901808},"LS_alpha_vs_BOVA11":{"alpha_bps_per_month":108.4284903409,"alpha_tstat":2.9809157132,"beta":-0.0624831337,"ir_ann":1.2673265511},"LS_vt_alpha_vs_BOVA11":{"alpha_bps_per_month":108.4284903409,"alpha_tstat":2.9809157132,"beta":-0.0624831337,"ir_ann":1.2673265511},"LS_pre_vt_alpha_vs_BOVA11":{"alpha_bps_per_month":124.0197982167,"alpha_tstat":2.8345682396,"beta":-0.0870467025,"ir_ann":1.1192844965}}