bps,D10_sharpe,D10_mean,D10_t,D10_alpha_bps,D10_alpha_t,LS_mean,LS_t,LS_alpha_bps,LS_alpha_t,LS_ir,LS_mean_vt,LS_t_vt,LS_alpha_bps_vt,LS_alpha_t_vt,LS_ir_vt,LS_maxDD_vt,LS_hit_vt,avg_turnover_D10,avg_turnover_LS
20,0.06804870942320104,0.009447996630168248,1.5084204517756312,60.812849303717314,1.4462029557236862,0.010197078162851207,2.628379745658964,104.56893553816566,2.8678199950777747,1.2212217690599787,0.010012883495792477,2.7205851883093897,102.4019885766671,2.9423819544794254,1.287886388549646,-0.1384810876472894,0.6631578947368421,0.31092642250536984,0.38622049310296436
50,0.04306543748421862,0.008981606996410194,1.4357521351321323,56.16912144798817,1.3344316463755297,0.009617747423196758,2.470248476175299,98.77960333410842,2.699146849763039,1.152177852683098,0.00946955675059762,2.5652687215603893,96.9698121230989,2.7775647070051575,1.218321011252833,-0.14200149289832353,0.6631578947368421,0.31092642250536984,0.38622049310296436
100,0.0013925028875830623,0.008204290940146769,1.3141929005972321,48.42957502177291,1.148569946560518,0.00865219619043935,2.2090662402458427,89.13071632734633,2.4206143501914927,1.0374201173227153,0.008564012175272855,2.3083281617235145,87.91618470048527,2.504999706453213,1.1026198612452027,-0.14784160738372976,0.6526315789473685,0.31092642250536984,0.38622049310296436
