{"LS":{"mean_monthly":0.0096951094,"tstat_monthly":2.465282919,"hit_rate":0.6421052632,"max_drawdown":-0.1625658723,"capm_alpha":0.0099669091,"capm_alpha_t":2.6907659151,"capm_beta":-0.065431996,"capm_ir_ann":1.1611409933,"capm_te_ann":0.1030046396},"LS_vt":{"mean_monthly":0.0096951094,"tstat_monthly":2.465282919,"hit_rate":0.6421052632,"max_drawdown":-0.1625658723,"capm_alpha":0.0099669091,"capm_alpha_t":2.6907659151,"capm_beta":-0.065431996,"capm_ir_ann":1.1611409933,"capm_te_ann":0.1030046396},"LS_pre_vt":{"mean_monthly":0.0106400324,"tstat_monthly":2.2630871597,"hit_rate":0.6421052632,"max_drawdown":-0.2411818316,"capm_alpha":0.0110006653,"capm_alpha_t":2.5167630485,"capm_beta":-0.0868173479,"capm_ir_ann":1.0072471733,"capm_te_ann":0.1310581826},"D10":{"mean_monthly":0.009797574,"tstat_monthly":1.6121078179,"mean_monthly_excess":0.0016192437,"tstat_monthly_excess":0.2683343511,"ann_sharpe_excess":0.0883675947,"hit_rate":0.5894736842,"max_drawdown":-0.3380064785},"LS_alpha_vs_BOVA11":{"alpha_bps_per_month":99.6690912552,"alpha_tstat":2.6907659151,"beta":-0.065431996,"ir_ann":1.1611409933},"LS_vt_alpha_vs_BOVA11":{"alpha_bps_per_month":99.6690912552,"alpha_tstat":2.6907659151,"beta":-0.065431996,"ir_ann":1.1611409933},"LS_pre_vt_alpha_vs_BOVA11":{"alpha_bps_per_month":110.0066532813,"alpha_tstat":2.5167630485,"beta":-0.0868173479,"ir_ann":1.0072471733}}