bps,D10_sharpe,D10_mean,D10_t,D10_alpha_bps,D10_alpha_t,LS_mean,LS_t,LS_alpha_bps,LS_alpha_t,LS_ir,LS_mean_vt,LS_t_vt,LS_alpha_bps_vt,LS_alpha_t_vt,LS_ir_vt,LS_maxDD_vt,LS_hit_vt,avg_turnover_D10,avg_turnover_LS
20,0.07331590096131067,0.009521586789843921,1.5676002853658388,61.92747359282192,1.506529578143929,0.009343053678920979,2.3698986974148615,96.15236632239215,2.589088180072049,1.119280758032144,0.009267726122973129,2.4638243696750455,95.1202333255581,2.6710162073273436,1.1833388246901186,-0.14468192958838033,0.6421052631578947,0.27598722914512386,0.352055709433103
50,0.05073059451213163,0.009107605946126234,1.5007302577390678,57.80315542545368,1.4049209078167113,0.008814970114771324,2.2276651133805245,90.87727892313022,2.437511420622115,1.0565922338009304,0.008770425133822967,2.324333601294092,90.15036452207883,2.5230067066469575,1.1204624616487229,-0.1479410430916025,0.631578947368421,0.27598722914512386,0.352055709433103
100,0.013068374131196665,0.008417637873263425,1.3889942573243512,50.92929181317329,1.2359264469475866,0.007934830841188567,1.9928506062426175,82.08546659102699,2.187383892494884,0.9523940265193361,0.00794159015190603,2.0936602167653353,81.86724984961339,2.2783682983914875,1.0158660317381232,-0.15334933067780376,0.6105263157894737,0.27598722914512386,0.352055709433103
