bps,D10_sharpe,D10_mean,D10_t,D10_alpha_bps,D10_alpha_t,LS_mean,LS_t,LS_alpha_bps,LS_alpha_t,LS_ir,LS_mean_vt,LS_t_vt,LS_alpha_bps_vt,LS_alpha_t_vt,LS_ir_vt,LS_maxDD_vt,LS_hit_vt,avg_turnover_D10,avg_turnover_LS
20,0.05176430865091203,0.009145763499310027,1.3961795998767053,50.34340711304023,1.3719180261655255,0.0074647137173067795,2.960651005665599,77.71518838961234,3.1688254987963607,0.9476625841058037,0.007492343640757597,2.8194090046630547,78.76800314865626,3.0355654616826846,0.9441526106077226,-0.13253700292021353,0.6176470588235294,0.20581820940817477,0.2892515375703204
50,0.034791218081718374,0.008837036185197766,1.3512859407567401,47.249843462195244,1.2929680743233651,0.007030836410951298,2.795676075614535,73.35965353818226,2.9978426560511684,0.8944096053525765,0.007047987648087447,2.659265849293241,74.30127839146161,2.870164159183017,0.8905484419176621,-0.13404457023846894,0.6078431372549019,0.20581820940817477,0.2892515375703204
100,0.006487652129288316,0.00832249066167733,1.2761144233076303,42.093904044120244,1.1598860060685174,0.006307707567025497,2.51862494206324,66.10042878579881,2.7109306790736176,0.8056334675846155,0.006307394326970526,2.3902235056348005,66.8567371294705,2.5925024540236197,0.8011687769258596,-0.1365523394367022,0.5980392156862745,0.20581820940817477,0.2892515375703204
