{"LS":{"mean_monthly":0.0077539653,"tstat_monthly":3.0701043359,"hit_rate":0.6274509804,"max_drawdown":-0.1269421788,"capm_alpha":0.0080618878,"capm_alpha_t":3.2823197415,"capm_beta":-0.0622062246,"capm_ir_ann":0.9831560357,"capm_te_ann":0.0984001018},"LS_vt":{"mean_monthly":0.0077539653,"tstat_monthly":3.0701043359,"hit_rate":0.6274509804,"max_drawdown":-0.1269421788,"capm_alpha":0.0080618878,"capm_alpha_t":3.2823197415,"capm_beta":-0.0622062246,"capm_ir_ann":0.9831560357,"capm_te_ann":0.0984001018},"LS_pre_vt":{"mean_monthly":0.0061383684,"tstat_monthly":3.0284822271,"hit_rate":0.6274509804,"max_drawdown":-0.1052927049,"capm_alpha":0.0063184328,"capm_alpha_t":3.215940868,"capm_beta":-0.0363764339,"capm_ir_ann":0.9571931786,"capm_te_ann":0.0792120079},"D10":{"mean_monthly":0.0093515817,"tstat_monthly":1.4260215252,"mean_monthly_excess":0.0011469868,"tstat_monthly_excess":0.1744816672,"ann_sharpe_excess":0.063075802,"hit_rate":0.5588235294,"max_drawdown":-0.4163625373},"LS_alpha_vs_BOVA11":{"alpha_bps_per_month":80.6188782906,"alpha_tstat":3.2823197415,"beta":-0.0622062246,"ir_ann":0.9831560357},"LS_vt_alpha_vs_BOVA11":{"alpha_bps_per_month":80.6188782906,"alpha_tstat":3.2823197415,"beta":-0.0622062246,"ir_ann":0.9831560357},"LS_pre_vt_alpha_vs_BOVA11":{"alpha_bps_per_month":63.1843280526,"alpha_tstat":3.215940868,"beta":-0.0363764339,"ir_ann":0.9571931786}}