{"LS":{"mean_monthly":0.0101505471,"tstat_monthly":2.4942219534,"hit_rate":0.6421052632,"max_drawdown":-0.1711856606,"capm_alpha":0.0104667387,"capm_alpha_t":2.759892301,"capm_beta":-0.0761187293,"capm_ir_ann":1.2033303844,"capm_te_ann":0.1043777057},"LS_vt":{"mean_monthly":0.0101505471,"tstat_monthly":2.4942219534,"hit_rate":0.6421052632,"max_drawdown":-0.1711856606,"capm_alpha":0.0104667387,"capm_alpha_t":2.759892301,"capm_beta":-0.0761187293,"capm_ir_ann":1.2033303844,"capm_te_ann":0.1043777057},"LS_pre_vt":{"mean_monthly":0.011504144,"tstat_monthly":2.2358479234,"hit_rate":0.6421052632,"max_drawdown":-0.2742498045,"capm_alpha":0.0119637242,"capm_alpha_t":2.5437181465,"capm_beta":-0.1106375232,"capm_ir_ann":1.0205883149,"capm_te_ann":0.1406685623},"D10":{"mean_monthly":0.0096561184,"tstat_monthly":1.5424919513,"mean_monthly_excess":0.0014777881,"tstat_monthly_excess":0.237918385,"ann_sharpe_excess":0.0794325372,"hit_rate":0.6105263158,"max_drawdown":-0.3455099416},"LS_alpha_vs_BOVA11":{"alpha_bps_per_month":104.6673872829,"alpha_tstat":2.759892301,"beta":-0.0761187293,"ir_ann":1.2033303844},"LS_vt_alpha_vs_BOVA11":{"alpha_bps_per_month":104.6673872829,"alpha_tstat":2.759892301,"beta":-0.0761187293,"ir_ann":1.2033303844},"LS_pre_vt_alpha_vs_BOVA11":{"alpha_bps_per_month":119.6372424415,"alpha_tstat":2.5437181465,"beta":-0.1106375232,"ir_ann":1.0205883149}}