bps,D10_sharpe,D10_mean,D10_t,D10_alpha_bps,D10_alpha_t,LS_mean,LS_t,LS_alpha_bps,LS_alpha_t,LS_ir,LS_mean_vt,LS_t_vt,LS_alpha_bps_vt,LS_alpha_t_vt,LS_ir_vt,LS_maxDD_vt,LS_hit_vt,avg_turnover_D10,avg_turnover_LS
20,0.06347889186189629,0.009359022184140729,1.4958798472966437,61.40198601783016,1.397738745848989,0.009776645111718113,2.395660506445739,100.93424539984161,2.6538167964964208,1.1594716760203798,0.009558380953487735,2.4867877170958903,98.3539502836856,2.727233674551072,1.2229768237351109,-0.15040802728563651,0.6421052631578947,0.2970961981488297,0.3739019689933991
50,0.03953357166569192,0.00891337788691748,1.4258447155635054,56.9678912809962,1.2951835425312297,0.009215792158228013,2.2487965283217553,95.33453257530584,2.495782894048945,1.0937892715903779,0.009035199037057403,2.3418305226460077,93.12857181897729,2.5722480629714237,1.156845897283086,-0.15404168378253325,0.6421052631578947,0.2970961981488297,0.3739019689933991
100,-0.0004139993206870291,0.008170637391545409,1.308814395669713,49.57773338627304,1.1247610641344392,0.008281037235744516,2.0066236279339065,86.00167786774622,2.2352642354117465,0.9846140393111371,0.008163229176340183,2.1024990638238905,84.4196077111301,2.3164389039186495,1.0468436223065953,-0.16006835333088565,0.6,0.2970961981488297,0.3739019689933991
