bps,D10_sharpe,D10_mean,D10_t,D10_alpha_bps,D10_alpha_t,LS_mean,LS_t,LS_alpha_bps,LS_alpha_t,LS_ir,LS_mean_vt,LS_t_vt,LS_alpha_bps_vt,LS_alpha_t_vt,LS_ir_vt,LS_maxDD_vt,LS_hit_vt,avg_turnover_D10,avg_turnover_LS
20,0.05395121973490588,0.009211120451091749,1.3582999034279108,49.79562066006383,1.307545981456711,0.006934813009955991,2.9155621701407233,68.561640964094,2.940476288730475,0.8364516288317304,0.007020630220039769,2.7760002297429205,70.0191008041957,2.808273783632812,0.8305917343577642,-0.13959279911772837,0.6176470588235294,0.22125586991503943,0.3157831659797625
50,0.03616913999008859,0.00887923664621919,1.3115719979516047,46.47202209065263,1.2253090271686273,0.006461138260986347,2.72560951769808,63.8065699590659,2.7448734338173852,0.7783940540635539,0.006532474262350256,2.592337409825746,65.11374324574429,2.6208643504582643,0.7724452427648983,-0.14130696458313763,0.6176470588235294,0.22125586991503943,0.3157831659797625
100,0.006516165873923469,0.00832609697143159,1.2333235739067816,40.93269114163392,1.0867014427592638,0.0056716803460369405,2.405901346249966,55.88145161735244,2.415941175338678,0.6815952754910886,0.0057188809995344005,2.2829943425623123,56.938147314991845,2.3052633462696903,0.6754708989358098,-0.14415761394076632,0.5980392156862745,0.22125586991503943,0.3157831659797625
