{"LS":{"mean_monthly":0.0072505962,"tstat_monthly":3.0414106168,"hit_rate":0.6274509804,"max_drawdown":-0.1311051779,"capm_alpha":0.0071731688,"capm_alpha_t":3.0701366745,"capm_beta":0.0156417985,"capm_ir_ann":0.8751439913,"capm_te_ann":0.0983587008},"LS_vt":{"mean_monthly":0.0072505962,"tstat_monthly":3.0414106168,"hit_rate":0.6274509804,"max_drawdown":-0.1311051779,"capm_alpha":0.0071731688,"capm_alpha_t":3.0701366745,"capm_beta":0.0156417985,"capm_ir_ann":0.8751439913,"capm_te_ann":0.0983587008},"LS_pre_vt":{"mean_monthly":0.0056807409,"tstat_monthly":3.0301382768,"hit_rate":0.6274509804,"max_drawdown":-0.1046570882,"capm_alpha":0.0055861699,"capm_alpha_t":3.0431936024,"capm_beta":0.0191051533,"capm_ir_ann":0.8541170009,"capm_te_ann":0.0784834376},"D10":{"mean_monthly":0.0094323763,"tstat_monthly":1.3893597157,"mean_monthly_excess":0.0012277814,"tstat_monthly_excess":0.1803899267,"ann_sharpe_excess":0.0658017625,"hit_rate":0.5784313725,"max_drawdown":-0.4419509427},"LS_alpha_vs_BOVA11":{"alpha_bps_per_month":71.7316883008,"alpha_tstat":3.0701366745,"beta":0.0156417985,"ir_ann":0.8751439913},"LS_vt_alpha_vs_BOVA11":{"alpha_bps_per_month":71.7316883008,"alpha_tstat":3.0701366745,"beta":0.0156417985,"ir_ann":0.8751439913},"LS_pre_vt_alpha_vs_BOVA11":{"alpha_bps_per_month":55.8616986414,"alpha_tstat":3.0431936024,"beta":0.0191051533,"ir_ann":0.8541170009}}