{"LS":{"mean_monthly":0.0076012773,"tstat_monthly":3.075694196,"hit_rate":0.637254902,"max_drawdown":-0.1233327741,"capm_alpha":0.0079353564,"capm_alpha_t":3.2930686372,"capm_beta":-0.0674903464,"capm_ir_ann":0.965458439,"capm_te_ann":0.0986311509},"LS_vt":{"mean_monthly":0.0076012773,"tstat_monthly":3.075694196,"hit_rate":0.637254902,"max_drawdown":-0.1233327741,"capm_alpha":0.0079353564,"capm_alpha_t":3.2930686372,"capm_beta":-0.0674903464,"capm_ir_ann":0.965458439,"capm_te_ann":0.0986311509},"LS_pre_vt":{"mean_monthly":0.0061079126,"tstat_monthly":3.0669522181,"hit_rate":0.637254902,"max_drawdown":-0.1043190243,"capm_alpha":0.0063004249,"capm_alpha_t":3.2577501916,"capm_beta":-0.0388911602,"capm_ir_ann":0.9347823963,"capm_te_ann":0.0808798919},"D10":{"mean_monthly":0.0093926964,"tstat_monthly":1.3787235534,"mean_monthly_excess":0.0011881015,"tstat_monthly_excess":0.1739148964,"ann_sharpe_excess":0.0637747787,"hit_rate":0.5784313725,"max_drawdown":-0.4423096903},"LS_alpha_vs_BOVA11":{"alpha_bps_per_month":79.3535641652,"alpha_tstat":3.2930686372,"beta":-0.0674903464,"ir_ann":0.965458439},"LS_vt_alpha_vs_BOVA11":{"alpha_bps_per_month":79.3535641652,"alpha_tstat":3.2930686372,"beta":-0.0674903464,"ir_ann":0.965458439},"LS_pre_vt_alpha_vs_BOVA11":{"alpha_bps_per_month":63.0042493085,"alpha_tstat":3.2577501916,"beta":-0.0388911602,"ir_ann":0.9347823963}}