bps,D10_sharpe,D10_mean,D10_t,D10_alpha_bps,D10_alpha_t,LS_mean,LS_t,LS_alpha_bps,LS_alpha_t,LS_ir,LS_mean_vt,LS_t_vt,LS_alpha_bps_vt,LS_alpha_t_vt,LS_ir_vt,LS_maxDD_vt,LS_hit_vt,avg_turnover_D10,avg_turnover_LS
20,0.052069696334559844,0.00917450120057349,1.3481945160773539,49.73394802182081,1.2838296340521105,0.007295444606369345,2.9572791549794424,76.2821820490736,3.1705442190834945,0.9280139914788262,0.0072777672756518755,2.751075307325989,76.89438779339604,2.9745601141381552,0.9249764548028074,-0.13199635135135335,0.6274509803921569,0.21819520508966872,0.3058326831219712
50,0.034505905867746475,0.008847208392938986,1.3022673403054548,46.45770282801707,1.2039961294754926,0.0068366955816863886,2.778766007650234,71.67510887481436,2.9859377796095488,0.8718350908904321,0.006811890561690903,2.58249712318818,72.20937116082811,2.8005597861985665,0.8686003694921504,-0.13374195018668789,0.6274509803921569,0.21819520508966872,0.3058326831219712
100,0.005216990274417322,0.008301720380214813,1.2253655358595137,40.99729417167752,1.0695049036223792,0.006072113873881461,2.478895512838362,63.99665358438243,2.6761118624664917,0.7781846419452151,0.006035429371755949,2.299134119753852,64.40101010654817,2.5083273515440383,0.7745928619379641,-0.13664482020497226,0.5980392156862745,0.21819520508966872,0.3058326831219712
