{"LS":{"mean_monthly":0.0078464163,"tstat_monthly":4.0222995132,"hit_rate":0.6141304348,"max_drawdown":-0.1528650008,"capm_alpha":0.0074282301,"capm_alpha_t":3.7834261408,"capm_beta":0.0625517396,"capm_ir_ann":0.8649774671,"capm_te_ann":0.1030532752},"LS_vt":{"mean_monthly":0.0078464163,"tstat_monthly":4.0222995132,"hit_rate":0.6141304348,"max_drawdown":-0.1528650008,"capm_alpha":0.0074282301,"capm_alpha_t":3.7834261408,"capm_beta":0.0625517396,"capm_ir_ann":0.8649774671,"capm_te_ann":0.1030532752},"LS_pre_vt":{"mean_monthly":0.0064509264,"tstat_monthly":3.6829923566,"hit_rate":0.6141304348,"max_drawdown":-0.1148922242,"capm_alpha":0.0061127428,"capm_alpha_t":3.5117900823,"capm_beta":0.0505850404,"capm_ir_ann":0.8096141989,"capm_te_ann":0.0906023068},"LS_net":{"mean_monthly":0.0085998671,"tstat_monthly":4.1924976539,"hit_rate":0.625,"max_drawdown":-0.1391304337,"capm_alpha":0.0081859933,"capm_alpha_t":3.9625053695,"capm_beta":0.0619066867,"capm_ir_ann":0.9485438122,"capm_te_ann":0.1035607615},"D10":{"mean_monthly":0.013126071,"tstat_monthly":2.5103637016,"mean_monthly_excess":0.005461382,"tstat_monthly_excess":1.0396653467,"ann_sharpe_excess":0.244957991,"hit_rate":0.5597826087,"max_drawdown":-0.4870498709},"dispersion_gate":{"mode":"quantile80","blocked_months":134,"total_months":184},"delisting_risk":{"avg_ls_weighted_multiplier":0.9989854519,"avg_ls_weighted_score":0.0040581922,"avg_ls_flagged":0.1576086957,"avg_ls_high":0.0,"avg_universe_flagged":0.7336956522,"avg_universe_high":0.0,"avg_universe_multiplier":0.9984226814},"LS_alpha_vs_BOVA11":{"alpha_bps_per_month":74.2823007939,"alpha_tstat":3.7834261408,"beta":0.0625517396,"ir_ann":0.8649774671},"LS_vt_alpha_vs_BOVA11":{"alpha_bps_per_month":74.2823007939,"alpha_tstat":3.7834261408,"beta":0.0625517396,"ir_ann":0.8649774671},"LS_pre_vt_alpha_vs_BOVA11":{"alpha_bps_per_month":61.1274283442,"alpha_tstat":3.5117900823,"beta":0.0505850404,"ir_ann":0.8096141989},"LS_net_alpha_vs_BOVA11":{"alpha_bps_per_month":81.8599329361,"alpha_tstat":3.9625053695,"beta":0.0619066867,"ir_ann":0.9485438122},"LS_financing_assumptions":{"avg_short_gross":0.5,"avg_long_gross":0.5,"avg_carry":0.0050996852,"avg_borrow_cost":0.0043462344,"carry_multiplier":1.0,"borrow_cost_annual":0.08}}