{
  "baseline_full": {
    "months": 177,
    "mean": 0.009541776963637791,
    "cagr": 0.12070561551256542,
    "vol": 0.06265464637690821,
    "sharpe": 1.8274993186435686,
    "hit": 0.6949152542372882,
    "max_dd": -0.06823478094136248,
    "skew": -0.1705676528408946,
    "kurt": 0.5615756578209861
  },
  "regime_full": {
    "months": 177,
    "mean": 0.009541776963637791,
    "cagr": 0.12070561551256542,
    "vol": 0.06265464637690821,
    "sharpe": 1.8274993186435686,
    "hit": 0.6949152542372882,
    "max_dd": -0.06823478094136248,
    "skew": -0.1705676528408946,
    "kurt": 0.5615756578209861
  },
  "baseline_oos_2019_plus": {
    "months": 81,
    "mean": 0.007940416177423287,
    "cagr": 0.09955844282681947,
    "vol": 0.06256987924173232,
    "sharpe": 1.5228572483088167,
    "hit": 0.691358024691358,
    "max_dd": -0.06181954469828366,
    "skew": -0.5430368583628917,
    "kurt": 1.9383823368344464
  },
  "regime_oos_2019_plus": {
    "months": 81,
    "mean": 0.007940416177423287,
    "cagr": 0.09955844282681947,
    "vol": 0.06256987924173232,
    "sharpe": 1.5228572483088167,
    "hit": 0.691358024691358,
    "max_dd": -0.06181954469828366,
    "skew": -0.5430368583628917,
    "kurt": 1.9383823368344464
  },
  "deflated_sharpe": {
    "baseline": 22.971467290936108,
    "regime": 22.971467290936108
  },
  "spa_regime_vs_baseline": null,
  "mean_excess_regime_minus_baseline": 0.0,
  "mean_excess_regime_minus_baseline_2019_plus": 0.0
}