{
  "momentum": {
    "scale_mean": 0.9995682341831473,
    "scale_std": 0.026356680109334833,
    "scale_min": 0.9444081215853002,
    "scale_max": 1.072856194578519,
    "scale_pct_outside_5pct": 0.04519774011299435,
    "scale_pct_outside_2pct": 0.4745762711864407,
    "score_mean": -0.00863531633705655,
    "score_std": 0.5271336021866967,
    "component_means": {
      "dispersion": 0.002526491143235752,
      "vol": -0.07548988220604202,
      "macro": 0.09029944669221371
    },
    "component_std": {
      "dispersion": 1.072387888960907,
      "vol": 0.9861111956048324,
      "macro": 1.335979954031227
    }
  },
  "value": {
    "scale_mean": 1.000847608946471,
    "scale_std": 0.024546619807305284,
    "scale_min": 0.9385281056505448,
    "scale_max": 1.0685022518874658,
    "scale_pct_outside_5pct": 0.05434782608695652,
    "scale_pct_outside_2pct": 0.41304347826086957,
    "score_mean": 0.016952178929422235,
    "score_std": 0.49093239614610584,
    "component_means": {
      "dispersion": 0.08244617609711337,
      "vol": -0.015776229374627956,
      "macro": -0.042813884628851946
    },
    "component_std": {
      "dispersion": 1.079113302754417,
      "vol": 0.9612133172940924,
      "macro": 1.3187630480755597
    }
  }
}