{"LS":{"mean_monthly":0.0071923051,"tstat_monthly":3.7073201393,"hit_rate":0.6032608696,"max_drawdown":-0.1243870733,"capm_alpha":0.0066261549,"capm_alpha_t":3.2728379429,"capm_beta":0.0846839844,"capm_ir_ann":0.8341367812,"capm_te_ann":0.0953247247},"LS_vt":{"mean_monthly":0.0071923051,"tstat_monthly":3.7073201393,"hit_rate":0.6032608696,"max_drawdown":-0.1243870733,"capm_alpha":0.0066261549,"capm_alpha_t":3.2728379429,"capm_beta":0.0846839844,"capm_ir_ann":0.8341367812,"capm_te_ann":0.0953247247},"LS_pre_vt":{"mean_monthly":0.0039325984,"tstat_monthly":3.7126202704,"hit_rate":0.6032608696,"max_drawdown":-0.086524318,"capm_alpha":0.0036342454,"capm_alpha_t":3.2943358968,"capm_beta":0.0446272358,"capm_ir_ann":0.8134925952,"capm_te_ann":0.0536095165},"LS_net":{"mean_monthly":0.0080655536,"tstat_monthly":4.0173378798,"hit_rate":0.5923913043,"max_drawdown":-0.1384191489,"capm_alpha":0.0075067021,"capm_alpha_t":3.5661530639,"capm_beta":0.0835922499,"capm_ir_ann":0.9391027757,"capm_te_ann":0.0959217966},"D10":{"mean_monthly":0.0097046793,"tstat_monthly":2.2492491857,"mean_monthly_excess":0.0020399903,"tstat_monthly_excess":0.4601640363,"ann_sharpe_excess":0.1019655312,"hit_rate":0.5489130435,"max_drawdown":-0.4419484415},"dispersion_gate":{"mode":"none","blocked_months":0,"total_months":184},"delisting_risk":{"avg_ls_weighted_multiplier":0.9989046773,"avg_ls_weighted_score":0.0043812907,"avg_ls_flagged":0.4782608696,"avg_ls_high":0.0,"avg_universe_flagged":0.7336956522,"avg_universe_high":0.0,"avg_universe_multiplier":0.9984233837},"LS_alpha_vs_BOVA11":{"alpha_bps_per_month":66.2615491653,"alpha_tstat":3.2728379429,"beta":0.0846839844,"ir_ann":0.8341367812},"LS_vt_alpha_vs_BOVA11":{"alpha_bps_per_month":66.2615491653,"alpha_tstat":3.2728379429,"beta":0.0846839844,"ir_ann":0.8341367812},"LS_pre_vt_alpha_vs_BOVA11":{"alpha_bps_per_month":36.3424539298,"alpha_tstat":3.2943358968,"beta":0.0446272358,"ir_ann":0.8134925952},"LS_net_alpha_vs_BOVA11":{"alpha_bps_per_month":75.0670211981,"alpha_tstat":3.5661530639,"beta":0.0835922499,"ir_ann":0.9391027757},"LS_financing_assumptions":{"avg_short_gross":0.5,"avg_long_gross":0.4999952823,"avg_carry":0.0066614348,"avg_borrow_cost":0.0057881863,"carry_multiplier":1.0,"borrow_cost_annual":0.08}}