{"LS":{"mean_monthly":0.0082773323,"tstat_monthly":2.2859610965,"hit_rate":0.6105263158,"max_drawdown":-0.1551564737,"capm_alpha":0.0086334947,"capm_alpha_t":2.5764328214,"capm_beta":-0.085741125,"capm_ir_ann":1.0150489586,"capm_te_ann":0.10206595},"LS_vt":{"mean_monthly":0.0082773323,"tstat_monthly":2.2859610965,"hit_rate":0.6105263158,"max_drawdown":-0.1551564737,"capm_alpha":0.0086334947,"capm_alpha_t":2.5764328214,"capm_beta":-0.085741125,"capm_ir_ann":1.0150489586,"capm_te_ann":0.10206595},"LS_pre_vt":{"mean_monthly":0.0103092218,"tstat_monthly":2.0066797286,"hit_rate":0.6105263158,"max_drawdown":-0.2615299859,"capm_alpha":0.0108612812,"capm_alpha_t":2.3097330303,"capm_beta":-0.1329005837,"capm_ir_ann":0.8944870955,"capm_te_ann":0.1457096192},"D10":{"mean_monthly":0.008124168,"tstat_monthly":1.345852351,"mean_monthly_excess":-0.0000541623,"tstat_monthly_excess":-0.0090347206,"ann_sharpe_excess":-0.0028614591,"hit_rate":0.5789473684,"max_drawdown":-0.3537660552},"LS_alpha_vs_BOVA11":{"alpha_bps_per_month":86.3349469086,"alpha_tstat":2.5764328214,"beta":-0.085741125,"ir_ann":1.0150489586},"LS_vt_alpha_vs_BOVA11":{"alpha_bps_per_month":86.3349469086,"alpha_tstat":2.5764328214,"beta":-0.085741125,"ir_ann":1.0150489586},"LS_pre_vt_alpha_vs_BOVA11":{"alpha_bps_per_month":108.6128116959,"alpha_tstat":2.3097330303,"beta":-0.1329005837,"ir_ann":0.8944870955}}