bps,D10_sharpe,D10_mean,D10_t,D10_alpha_bps,D10_alpha_t,LS_mean,LS_t,LS_alpha_bps,LS_alpha_t,LS_ir,LS_mean_vt,LS_t_vt,LS_alpha_bps_vt,LS_alpha_t_vt,LS_ir_vt,LS_maxDD_vt,LS_hit_vt,avg_turnover_D10,avg_turnover_LS
20,-0.018019909465482743,0.007837312746769201,1.2987449519698235,46.58614284656301,1.056115181910501,0.007906847312466202,2.1770617674073964,82.63205074329689,2.457956966990222,0.9706747655242047,0.007538262514348459,2.243952883745355,78.4878351278722,2.5151927604999083,1.0011564552832788,-0.13894797114785784,0.6105263157894737,0.28685526948684836,0.3704850014804248
50,-0.04076858816064677,0.007407029842538927,1.2280127441297166,42.306416505046194,0.9575828490099785,0.007351119810245564,2.0148567352630264,77.07770649534638,2.2815641511714526,0.9042231939099428,0.007017951389256345,2.0788745524152334,73.28881489740756,2.3364009448872674,0.9336951212209708,-0.14243168840852105,0.6,0.28685526948684836,0.3704850014804248
100,-0.07871156643989698,0.006689891668821807,1.1099433800893548,35.17353926918486,0.7940125433935957,0.006424907306544502,1.7475801488383718,67.82046608209552,1.991119661635324,0.7937842045641968,0.006150766180769486,1.8069996977136642,64.62378117996654,2.042121692206821,0.8215274023393727,-0.14821136635538723,0.5894736842105263,0.28685526948684836,0.3704850014804248
