{"LS":{"mean_monthly":0.0104341728,"tstat_monthly":4.2481145452,"hit_rate":0.6723163842,"max_drawdown":-0.1405412121,"capm_alpha":0.0106620907,"capm_alpha_t":4.3268890855,"capm_beta":-0.036024233,"capm_ir_ann":1.2769783858,"capm_te_ann":0.1001936207},"LS_vt":{"mean_monthly":0.0104341728,"tstat_monthly":4.2481145452,"hit_rate":0.6723163842,"max_drawdown":-0.1405412121,"capm_alpha":0.0106620907,"capm_alpha_t":4.3268890855,"capm_beta":-0.036024233,"capm_ir_ann":1.2769783858,"capm_te_ann":0.1001936207},"LS_pre_vt":{"mean_monthly":0.010182437,"tstat_monthly":3.9949528421,"hit_rate":0.6723163842,"max_drawdown":-0.1719141542,"capm_alpha":0.0104517679,"capm_alpha_t":4.1292810153,"capm_beta":-0.0425698896,"capm_ir_ann":1.2119033111,"capm_te_ann":0.1034911064},"LS_net":{"mean_monthly":0.0109696129,"tstat_monthly":4.3394604788,"hit_rate":0.6779661017,"max_drawdown":-0.1366543795,"capm_alpha":0.0112004638,"capm_alpha_t":4.3784083456,"capm_beta":-0.0364878213,"capm_ir_ann":1.3330441482,"capm_te_ann":0.1008260421},"D10":{"mean_monthly":0.010451957,"tstat_monthly":2.1510805145,"mean_monthly_excess":0.002822717,"tstat_monthly_excess":0.5646627624,"ann_sharpe_excess":0.1314151938,"hit_rate":0.5762711864,"max_drawdown":-0.470160446},"dispersion_gate":{"mode":"none","blocked_months":0,"total_months":177},"delisting_risk":{"avg_ls_weighted_multiplier":0.9968238446,"avg_ls_weighted_score":0.0127046214,"avg_ls_flagged":0.6610169492,"avg_ls_high":0.0,"avg_universe_flagged":1.1355932203,"avg_universe_high":0.0,"avg_universe_multiplier":0.9978720306},"LS_alpha_vs_BOVA11":{"alpha_bps_per_month":106.6209066937,"alpha_tstat":4.3268890855,"beta":-0.036024233,"ir_ann":1.2769783858},"LS_vt_alpha_vs_BOVA11":{"alpha_bps_per_month":106.6209066937,"alpha_tstat":4.3268890855,"beta":-0.036024233,"ir_ann":1.2769783858},"LS_pre_vt_alpha_vs_BOVA11":{"alpha_bps_per_month":104.5176787682,"alpha_tstat":4.1292810153,"beta":-0.0425698896,"ir_ann":1.2119033111},"LS_net_alpha_vs_BOVA11":{"alpha_bps_per_month":112.0046378056,"alpha_tstat":4.3784083456,"beta":-0.0364878213,"ir_ann":1.3330441482},"LS_financing_assumptions":{"avg_short_gross":0.5,"avg_long_gross":0.5,"avg_carry":0.0037792181,"avg_borrow_cost":0.003243778,"carry_multiplier":1.0,"borrow_cost_annual":0.08}}