bps,D10_sharpe,D10_mean,D10_t,D10_alpha_bps,D10_alpha_t,LS_mean,LS_t,LS_alpha_bps,LS_alpha_t,LS_ir,LS_mean_vt,LS_t_vt,LS_alpha_bps_vt,LS_alpha_t_vt,LS_ir_vt,LS_maxDD_vt,LS_hit_vt,avg_turnover_D10,avg_turnover_LS
20,0.11457321533743976,0.010094315181278003,2.0755671047638877,38.695999529131235,1.2581451929644012,0.010103074320985945,3.9843187415400747,104.34429854123024,4.1152655381420375,1.2464711950302456,0.010311832974726853,4.100980101947079,105.61311191008718,4.174256534433352,1.2543849182905893,-0.11927653719962306,0.6666666666666666,0.287562102811393,0.35902319707598906
50,0.09453232690860518,0.009662972027060908,1.9870644785436133,34.39898146446265,1.116407160337015,0.009564539525371962,3.7646604845038807,98.96094333537658,3.8958041023678747,1.1817421359067646,0.00976646979099583,3.8761044546597496,100.16014885731065,3.9495282975949157,1.1892891609582232,-0.12148396344850332,0.655367231638418,0.287562102811393,0.35902319707598906
100,0.0611235661709723,0.008944066770032429,1.8394820940074104,27.23728469001499,0.8812758536085454,0.008666981532681988,3.4002656823631647,89.98868465895384,3.5316389152135295,1.0739185244016611,0.008857531151444133,3.5030906929236583,91.07187710268313,3.5770333762684037,1.0808261702466975,-0.12515389473087968,0.6384180790960452,0.287562102811393,0.35902319707598906
