{"LS":{"mean_monthly":0.0079042939,"tstat_monthly":3.8713259298,"hit_rate":0.6141304348,"max_drawdown":-0.1663236969,"capm_alpha":0.0074897757,"capm_alpha_t":3.6614753013,"capm_beta":0.0620030883,"capm_ir_ann":0.8732115826,"capm_te_ann":0.1029272969},"LS_vt":{"mean_monthly":0.0079042939,"tstat_monthly":3.8713259298,"hit_rate":0.6141304348,"max_drawdown":-0.1663236969,"capm_alpha":0.0074897757,"capm_alpha_t":3.6614753013,"capm_beta":0.0620030883,"capm_ir_ann":0.8732115826,"capm_te_ann":0.1029272969},"LS_pre_vt":{"mean_monthly":0.0064387228,"tstat_monthly":3.5909417579,"hit_rate":0.6141304348,"max_drawdown":-0.1259629696,"capm_alpha":0.0061065358,"capm_alpha_t":3.429635246,"capm_beta":0.0496880943,"capm_ir_ann":0.8102415288,"capm_te_ann":0.0904402286},"LS_net":{"mean_monthly":0.0086471046,"tstat_monthly":4.0313359082,"hit_rate":0.625,"max_drawdown":-0.1529428656,"capm_alpha":0.0082367315,"capm_alpha_t":3.8315244511,"capm_beta":0.0613830534,"capm_ir_ann":0.9552194147,"capm_te_ann":0.1034744232},"D10":{"mean_monthly":0.0129782848,"tstat_monthly":2.5236373286,"mean_monthly_excess":0.0053135958,"tstat_monthly_excess":1.0278049564,"ann_sharpe_excess":0.2431712926,"hit_rate":0.5597826087,"max_drawdown":-0.4870498709},"dispersion_gate":{"mode":"quantile80","blocked_months":132,"total_months":184},"delisting_risk":{"avg_ls_weighted_multiplier":0.9990118383,"avg_ls_weighted_score":0.0039526466,"avg_ls_flagged":0.1467391304,"avg_ls_high":0.0,"avg_universe_flagged":0.7336956522,"avg_universe_high":0.0,"avg_universe_multiplier":0.9984226814},"LS_alpha_vs_BOVA11":{"alpha_bps_per_month":74.8977565378,"alpha_tstat":3.6614753013,"beta":0.0620030883,"ir_ann":0.8732115826},"LS_vt_alpha_vs_BOVA11":{"alpha_bps_per_month":74.8977565378,"alpha_tstat":3.6614753013,"beta":0.0620030883,"ir_ann":0.8732115826},"LS_pre_vt_alpha_vs_BOVA11":{"alpha_bps_per_month":61.0653576077,"alpha_tstat":3.429635246,"beta":0.0496880943,"ir_ann":0.8102415288},"LS_net_alpha_vs_BOVA11":{"alpha_bps_per_month":82.3673149903,"alpha_tstat":3.8315244511,"beta":0.0613830534,"ir_ann":0.9552194147},"LS_financing_assumptions":{"avg_short_gross":0.5,"avg_long_gross":0.5,"avg_carry":0.005080131,"avg_borrow_cost":0.0043373204,"carry_multiplier":1.0,"borrow_cost_annual":0.08}}