{
  "max_drawdown_full": -0.16632369689496473,
  "max_drawdown_12m": -0.026692181027828,
  "max_drawdown_24m": -0.034635354901650484,
  "worst_month": -0.056191667341779404,
  "avg_ls_multiplier": 0.9990118383414377,
  "avg_ls_score": 0.003952646634249237,
  "last_ls_multiplier": 1.0,
  "last_ls_flagged": 0.0,
  "last_ls_high": 0.0
}