bps,D10_sharpe,D10_mean,D10_t,D10_alpha_bps,D10_alpha_t,LS_mean,LS_t,LS_alpha_bps,LS_alpha_t,LS_ir,LS_mean_vt,LS_t_vt,LS_alpha_bps_vt,LS_alpha_t_vt,LS_ir_vt,LS_maxDD_vt,LS_hit_vt,avg_turnover_D10,avg_turnover_LS
20,0.23944756679973178,0.012898273204531832,2.5060185005060998,64.4161119325952,1.9638731549345607,0.008530773128103457,3.9811299535509344,81.18615091992727,3.7826250367335623,0.9419499180066109,0.008150205865173961,3.8734906217612863,77.20957396714624,3.6355126615462505,0.9024363823188113,-0.1772867863114499,0.625,0.08001159431964615,0.11633145137356463
50,0.23386395684352554,0.012778255813052364,2.4796046490592287,63.19441117774743,1.9227664524538408,0.008356275951043109,3.90482088186283,79.4144048143641,3.7082052090434856,0.9219380398157664,0.007975220777219424,3.79212970920989,75.43221903123693,3.556897032637124,0.8821961663161881,-0.17728678631145012,0.6195652173913043,0.08001159431964615,0.11633145137356463
100,0.2245635630638061,0.01257822682725325,2.435623974140978,61.158243253001174,1.8544189999086982,0.008065447322609198,3.7750934848601663,76.4614946384255,3.581421773456097,0.8883133691742827,0.007683578963961861,3.6542478766601327,72.46996080472141,3.423386045818916,0.8481865726004344,-0.1772867863114499,0.6195652173913043,0.08001159431964615,0.11633145137356463
