bps,D10_sharpe,D10_mean,D10_t,D10_alpha_bps,D10_alpha_t,LS_mean,LS_t,LS_alpha_bps,LS_alpha_t,LS_ir,LS_mean_vt,LS_t_vt,LS_alpha_bps_vt,LS_alpha_t_vt,LS_ir_vt,LS_maxDD_vt,LS_hit_vt,avg_turnover_D10,avg_turnover_LS
20,0.08808551375206689,0.009810477179319465,1.6015854754954786,64.36550633825607,1.5694158522770265,0.009529671239266275,2.4150131320566848,97.97152585802614,2.632278223618187,1.1510008605225983,0.009421063276383894,2.504849957427157,96.60867397935348,2.7120757497730614,1.2105140204207745,-0.14513218520596605,0.631578947368421,0.28664845875372186,0.35477153730121375
50,0.06490079421420451,0.00938050449118888,1.5328091341906127,60.088535998407636,1.463513281993509,0.008997513933314456,2.271995626369077,92.65458166222106,2.480101791499083,1.0872107587909603,0.008917124305647967,2.363271315034209,91.57254886677454,2.5620287982241905,1.1462771451816696,-0.1483581890734723,0.631578947368421,0.28664845875372186,0.35477153730121375
100,0.02622673261262452,0.008663883344304579,1.4178592969825543,52.96025209866028,1.2874581190768868,0.00811058509006142,2.035805776564618,83.79300800254597,2.2288854165328718,0.981180547367963,0.008077226021088091,2.129171387512703,83.17900701247626,2.3140220057881966,1.0394275170269816,-0.153711862191104,0.6105263157894737,0.28664845875372186,0.35477153730121375
