bps,D10_sharpe,D10_mean,D10_t,D10_alpha_bps,D10_alpha_t,LS_mean,LS_t,LS_alpha_bps,LS_alpha_t,LS_ir,LS_mean_vt,LS_t_vt,LS_alpha_bps_vt,LS_alpha_t_vt,LS_ir_vt,LS_maxDD_vt,LS_hit_vt,avg_turnover_D10,avg_turnover_LS
20,0.0005158881993595199,0.00821598466043826,0.9803748434005668,35.803973922116434,0.6475663484211442,0.004038676474256321,1.8133460560356591,38.304822295006126,1.6727378224396436,0.4635252238978644,0.003801288342188704,1.6878323287150323,36.00742275670168,1.5441795359453585,0.4389816063506482,-0.1379876854495068,0.5686274509803921,0.20915834347206896,0.2891844448216997
50,-0.01369879477664138,0.007902247145230157,0.9443966930255249,32.66753651780381,0.5923464004049256,0.0036048998070237707,1.6196217026953341,33.949858570259074,1.482556493418649,0.4107137703135332,0.0033731127076400964,1.498208656154766,31.706528760359983,1.3592014083936539,0.38645430372991363,-0.14409700764729672,0.5686274509803921,0.20915834347206896,0.2891844448216997
100,-0.037409049080141143,0.007379351286549983,0.8841747757091408,27.440140843949447,0.49967171112005904,0.002881938694969521,1.2959788139147583,26.691585695680626,1.1654000398414233,0.32272271365088645,0.002659486650059084,1.1815771791085243,24.538372099790486,1.0509594890880165,0.2989282977918155,-0.15419116517789855,0.5686274509803921,0.20915834347206896,0.2891844448216997
