{
  "max_drawdown_full": -0.20020326064413652,
  "max_drawdown_12m": -0.08994495699354166,
  "max_drawdown_24m": -0.08994495699354166,
  "worst_month": -0.09155579116873774,
  "avg_ls_multiplier": 0.9971449131989059,
  "avg_ls_score": 0.011420347204376366,
  "last_ls_multiplier": 1.0,
  "last_ls_flagged": 0.0,
  "last_ls_high": 0.0
}