{
  "max_drawdown_full": -0.19642394885917003,
  "max_drawdown_12m": -0.06918670412844918,
  "max_drawdown_24m": -0.06918670412844918,
  "worst_month": -0.09037064064468034,
  "avg_ls_multiplier": 0.9968823108709142,
  "avg_ls_score": 0.012470756516343802,
  "last_ls_multiplier": 1.0,
  "last_ls_flagged": 0.0,
  "last_ls_high": 0.0
}