{"LS":{"mean_monthly":0.0109381491,"tstat_monthly":4.2145865396,"hit_rate":0.6892655367,"max_drawdown":-0.1964239489,"capm_alpha":0.0115050336,"capm_alpha_t":4.5872121221,"capm_beta":-0.0896006165,"capm_ir_ann":1.3863237356,"capm_te_ann":0.0995874193},"LS_vt":{"mean_monthly":0.0109381491,"tstat_monthly":4.2145865396,"hit_rate":0.6892655367,"max_drawdown":-0.1964239489,"capm_alpha":0.0115050336,"capm_alpha_t":4.5872121221,"capm_beta":-0.0896006165,"capm_ir_ann":1.3863237356,"capm_te_ann":0.0995874193},"LS_pre_vt":{"mean_monthly":0.0106968904,"tstat_monthly":3.9954022491,"hit_rate":0.6892655367,"max_drawdown":-0.2578203048,"capm_alpha":0.0112451142,"capm_alpha_t":4.3936217375,"capm_beta":-0.0866511536,"capm_ir_ann":1.2497744134,"capm_te_ann":0.1079725821},"LS_net":{"mean_monthly":0.0115750707,"tstat_monthly":4.4209287002,"hit_rate":0.6666666667,"max_drawdown":-0.1766896746,"capm_alpha":0.0121444392,"capm_alpha_t":4.7764189981,"capm_beta":-0.0899932378,"capm_ir_ann":1.4598675673,"capm_te_ann":0.0998263637},"D10":{"mean_monthly":0.0119507201,"tstat_monthly":2.5961757788,"mean_monthly_excess":0.0043214801,"tstat_monthly_excess":0.9036545041,"ann_sharpe_excess":0.2120687367,"hit_rate":0.6101694915,"max_drawdown":-0.4525952151},"dispersion_gate":{"mode":"quantile80","blocked_months":122,"total_months":177},"delisting_risk":{"avg_ls_weighted_multiplier":0.9968823109,"avg_ls_weighted_score":0.0124707565,"avg_ls_flagged":0.4745762712,"avg_ls_high":0.0,"avg_universe_flagged":1.1355932203,"avg_universe_high":0.0,"avg_universe_multiplier":0.9978720306},"LS_alpha_vs_BOVA11":{"alpha_bps_per_month":115.0503359473,"alpha_tstat":4.5872121221,"beta":-0.0896006165,"ir_ann":1.3863237356},"LS_vt_alpha_vs_BOVA11":{"alpha_bps_per_month":115.0503359473,"alpha_tstat":4.5872121221,"beta":-0.0896006165,"ir_ann":1.3863237356},"LS_pre_vt_alpha_vs_BOVA11":{"alpha_bps_per_month":112.4511420525,"alpha_tstat":4.3936217375,"beta":-0.0866511536,"ir_ann":1.2497744134},"LS_net_alpha_vs_BOVA11":{"alpha_bps_per_month":121.4443922771,"alpha_tstat":4.7764189981,"beta":-0.0899932378,"ir_ann":1.4598675673},"LS_financing_assumptions":{"avg_short_gross":0.5,"avg_long_gross":0.4945374236,"avg_carry":0.0037373533,"avg_borrow_cost":0.0031004317,"carry_multiplier":1.0,"borrow_cost_annual":0.08}}