bps,D10_sharpe,D10_mean,D10_t,D10_alpha_bps,D10_alpha_t,LS_mean,LS_t,LS_alpha_bps,LS_alpha_t,LS_ir,LS_mean_vt,LS_t_vt,LS_alpha_bps_vt,LS_alpha_t_vt,LS_ir_vt,LS_maxDD_vt,LS_hit_vt,avg_turnover_D10,avg_turnover_LS
20,0.2281347641716743,0.012117780981846366,2.7007525744721077,63.15031911566127,2.410088451285243,0.01084919988414482,5.037593082584437,108.31624038350992,5.003528579790645,1.29227261852783,0.01118649803933146,5.239172669262606,111.26119766431933,5.156625217920282,1.3023324925448816,-0.13638695452528582,0.655367231638418,0.24892286996777832,0.33319804163865147
50,0.20916208172167344,0.011744396676894697,2.616583631920617,59.42570775262699,2.2639314240335513,0.010349402821686842,4.800184804234285,103.32136214320934,4.7677369901460045,1.2324869358316375,0.010674233016308524,4.9960279603835875,106.13551024037729,4.914956864300708,1.2421700230965507,-0.13943979381158267,0.6384180790960452,0.24892286996777832,0.33319804163865147
100,0.1775383338218034,0.011122089501975255,2.476413397019896,53.21802214756983,2.0214378605326635,0.009516407717590214,4.405478399668679,94.99656507604175,4.37567315360119,1.132859818118683,0.009820457977936969,4.591140368928814,97.59269786714064,4.512736552099557,1.14190326977624,-0.14450735628365186,0.6214689265536724,0.24892286996777832,0.33319804163865147
