bps,D10_sharpe,D10_mean,D10_t,D10_alpha_bps,D10_alpha_t,LS_mean,LS_t,LS_alpha_bps,LS_alpha_t,LS_ir,LS_mean_vt,LS_t_vt,LS_alpha_bps_vt,LS_alpha_t_vt,LS_ir_vt,LS_maxDD_vt,LS_hit_vt,avg_turnover_D10,avg_turnover_LS
20,0.003665495285812763,0.008250034994812437,1.3162390491905473,50.23461568555522,1.0677797216156402,0.008127662877773237,2.245014772082945,84.83654872976678,2.53215540418896,0.9962026919894179,0.0076673619212515014,2.300669552942811,79.77745730027712,2.580126496559697,1.0200268164907353,-0.1273256366388935,0.6,0.2988638262322472,0.3708826358826359
50,-0.019254253996639704,0.007801739255464066,1.245138305573577,45.7728404814073,0.9712511609377842,0.007571338923949282,2.082437618025498,79.26905787832415,2.3547258162375275,0.9295803414922914,0.007146137410331383,2.1334866719481904,74.56435308275597,2.398326658590571,0.9521680423168063,-0.1310400544159359,0.5894736842105263,0.2988638262322472,0.3708826358826359
100,-0.057469938951678075,0.007054579689883447,1.1264878656282555,38.336548474494116,0.8110712964230256,0.006644132334242693,1.8143161784137223,69.98990645925319,2.0624368676749203,0.8188476391620608,0.006277429892131182,1.8582667247603053,65.875846053554,2.099333887203799,0.8393395589790941,-0.13720123515387328,0.5894736842105263,0.2988638262322472,0.3708826358826359
