{"LS":{"mean_monthly":0.0084985455,"tstat_monthly":2.3541024872,"hit_rate":0.6,"max_drawdown":-0.1408632251,"capm_alpha":0.0088548209,"capm_alpha_t":2.6512893524,"capm_beta":-0.0857683376,"capm_ir_ann":1.0406877647,"capm_te_ann":0.1021034884},"LS_vt":{"mean_monthly":0.0084985455,"tstat_monthly":2.3541024872,"hit_rate":0.6,"max_drawdown":-0.1408632251,"capm_alpha":0.0088548209,"capm_alpha_t":2.6512893524,"capm_beta":-0.0857683376,"capm_ir_ann":1.0406877647,"capm_te_ann":0.1021034884},"LS_pre_vt":{"mean_monthly":0.0109149078,"tstat_monthly":2.1084383031,"hit_rate":0.6,"max_drawdown":-0.2453385575,"capm_alpha":0.0114767084,"capm_alpha_t":2.4236185233,"capm_beta":-0.1352456557,"capm_ir_ann":0.9272399547,"capm_te_ann":0.1485273576},"D10":{"mean_monthly":0.0085488988,"tstat_monthly":1.363600092,"mean_monthly_excess":0.0003705685,"tstat_monthly_excess":0.0595100482,"ann_sharpe_excess":0.0189410747,"hit_rate":0.6,"max_drawdown":-0.3501057879},"LS_alpha_vs_BOVA11":{"alpha_bps_per_month":88.5482092974,"alpha_tstat":2.6512893524,"beta":-0.0857683376,"ir_ann":1.0406877647},"LS_vt_alpha_vs_BOVA11":{"alpha_bps_per_month":88.5482092974,"alpha_tstat":2.6512893524,"beta":-0.0857683376,"ir_ann":1.0406877647},"LS_pre_vt_alpha_vs_BOVA11":{"alpha_bps_per_month":114.7670835774,"alpha_tstat":2.4236185233,"beta":-0.1352456557,"ir_ann":0.9272399547}}