{"LS":{"mean_monthly":0.0092316583,"tstat_monthly":2.4420430979,"hit_rate":0.5894736842,"max_drawdown":-0.1600523964,"capm_alpha":0.0096392332,"capm_alpha_t":2.771953358,"capm_beta":-0.0981179818,"capm_ir_ann":1.1411138936,"capm_te_ann":0.1013665675},"LS_vt":{"mean_monthly":0.0092316583,"tstat_monthly":2.4420430979,"hit_rate":0.5894736842,"max_drawdown":-0.1600523964,"capm_alpha":0.0096392332,"capm_alpha_t":2.771953358,"capm_beta":-0.0981179818,"capm_ir_ann":1.1411138936,"capm_te_ann":0.1013665675},"LS_pre_vt":{"mean_monthly":0.0110755242,"tstat_monthly":2.1981190529,"hit_rate":0.5894736842,"max_drawdown":-0.258307328,"capm_alpha":0.0116546466,"capm_alpha_t":2.5489224265,"capm_beta":-0.1394156455,"capm_ir_ann":0.9994171935,"capm_te_ann":0.1399373152},"D10":{"mean_monthly":0.0089461042,"tstat_monthly":1.4887951763,"mean_monthly_excess":0.0007677739,"tstat_monthly_excess":0.1286594991,"ann_sharpe_excess":0.0414472905,"hit_rate":0.5894736842,"max_drawdown":-0.3446668391},"LS_alpha_vs_BOVA11":{"alpha_bps_per_month":96.3923321194,"alpha_tstat":2.771953358,"beta":-0.0981179818,"ir_ann":1.1411138936},"LS_vt_alpha_vs_BOVA11":{"alpha_bps_per_month":96.3923321194,"alpha_tstat":2.771953358,"beta":-0.0981179818,"ir_ann":1.1411138936},"LS_pre_vt_alpha_vs_BOVA11":{"alpha_bps_per_month":116.5464657267,"alpha_tstat":2.5489224265,"beta":-0.1394156455,"ir_ann":0.9994171935}}