bps,D10_sharpe,D10_mean,D10_t,D10_alpha_bps,D10_alpha_t,LS_mean,LS_t,LS_alpha_bps,LS_alpha_t,LS_ir,LS_mean_vt,LS_t_vt,LS_alpha_bps_vt,LS_alpha_t_vt,LS_ir_vt,LS_maxDD_vt,LS_hit_vt,avg_turnover_D10,avg_turnover_LS
20,0.025633876463239127,0.00865300830726737,1.4410040410260614,54.873541118587,1.2867766416537523,0.008856252007830492,2.3355115502293393,92.64218080840426,2.6553717227372937,1.0957341006433767,0.008578894834651298,2.4089912123319754,89.44188759166694,2.715611103489435,1.1406867478765716,-0.1439051044380989,0.5894736842105263,0.2930958709906078,0.37540626708911123
50,0.0018929285493737042,0.008213364500781455,1.369179593656158,50.50571549884397,1.1832112394768914,0.008293142607196824,2.1768718695007623,87.01695384190884,2.4818322939165434,1.0277826748705403,0.008049130851445763,2.249718215309573,84.14962452541558,2.542338677734659,1.07191794158718,-0.14756026177175519,0.5894736842105263,0.2930958709906078,0.37540626708911123
100,-0.03773011060861187,0.007480624823304936,1.2491104992660813,43.22600613260561,1.0109960729761396,0.007354626939474046,1.9155586108564164,77.64157556441653,2.1961579068722776,0.9148646966154341,0.007166190879436533,1.9872884787447604,75.32918608166327,2.256996519643362,0.9575658140616801,-0.15362265170533362,0.5894736842105263,0.2930958709906078,0.37540626708911123
