{"LS":{"mean_monthly":0.0077867657,"tstat_monthly":2.1010138658,"hit_rate":0.6666666667,"max_drawdown":-0.1420461791,"capm_alpha":0.0083847402,"capm_alpha_t":2.2448770733,"capm_beta":-0.0941280179,"capm_ir_ann":1.0500878995,"capm_te_ann":0.0958175807},"LS_vt":{"mean_monthly":0.0077867657,"tstat_monthly":2.1010138658,"hit_rate":0.6666666667,"max_drawdown":-0.1420461791,"capm_alpha":0.0083847402,"capm_alpha_t":2.2448770733,"capm_beta":-0.0941280179,"capm_ir_ann":1.0500878995,"capm_te_ann":0.0958175807},"LS_pre_vt":{"mean_monthly":0.0064529012,"tstat_monthly":2.02628491,"hit_rate":0.6666666667,"max_drawdown":-0.1341982848,"capm_alpha":0.0069824237,"capm_alpha_t":2.2038235243,"capm_beta":-0.083352896,"capm_ir_ann":0.9923006017,"capm_te_ann":0.0844392152},"D10":{"mean_monthly":0.0048001227,"tstat_monthly":0.5569900971,"mean_monthly_excess":-0.0026088147,"tstat_monthly_excess":-0.2897355042,"ann_sharpe_excess":-0.1018896364,"hit_rate":0.4927536232,"max_drawdown":-0.4055808224},"LS_alpha_vs_BOVA11":{"alpha_bps_per_month":83.8474016723,"alpha_tstat":2.2448770733,"beta":-0.0941280179,"ir_ann":1.0500878995},"LS_vt_alpha_vs_BOVA11":{"alpha_bps_per_month":83.8474016723,"alpha_tstat":2.2448770733,"beta":-0.0941280179,"ir_ann":1.0500878995},"LS_pre_vt_alpha_vs_BOVA11":{"alpha_bps_per_month":69.8242366844,"alpha_tstat":2.2038235243,"beta":-0.083352896,"ir_ann":0.9923006017}}