{"LS":{"mean_monthly":0.0094609552,"tstat_monthly":4.8411366737,"hit_rate":0.6195652174,"max_drawdown":-0.1427277045,"capm_alpha":0.0098000573,"capm_alpha_t":5.1472023483,"capm_beta":-0.0507224325,"capm_ir_ann":1.171128823,"capm_te_ann":0.1004165254},"LS_vt":{"mean_monthly":0.0094609552,"tstat_monthly":4.8411366737,"hit_rate":0.6195652174,"max_drawdown":-0.1427277045,"capm_alpha":0.0098000573,"capm_alpha_t":5.1472023483,"capm_beta":-0.0507224325,"capm_ir_ann":1.171128823,"capm_te_ann":0.1004165254},"LS_pre_vt":{"mean_monthly":0.0079635173,"tstat_monthly":4.9189991382,"hit_rate":0.6195652174,"max_drawdown":-0.1047059359,"capm_alpha":0.0081814734,"capm_alpha_t":5.1990956229,"capm_beta":-0.0326015858,"capm_ir_ann":1.1741415757,"capm_te_ann":0.083616561},"LS_net":{"mean_monthly":0.0100980575,"tstat_monthly":4.954058444,"hit_rate":0.6467391304,"max_drawdown":-0.1927456494,"capm_alpha":0.0104424763,"capm_alpha_t":5.2796979335,"capm_beta":-0.0515177042,"capm_ir_ann":1.2412314895,"capm_te_ann":0.1009559595},"D10":{"mean_monthly":0.0108421037,"tstat_monthly":2.26308231,"mean_monthly_excess":0.0031774146,"tstat_monthly_excess":0.6485504769,"ann_sharpe_excess":0.1481521744,"hit_rate":0.5489130435,"max_drawdown":-0.487709738},"dispersion_gate":{"mode":"none","blocked_months":0,"total_months":184},"delisting_risk":{"avg_ls_weighted_multiplier":0.9985323321,"avg_ls_weighted_score":0.0058706716,"avg_ls_flagged":0.277173913,"avg_ls_high":0.0,"avg_universe_flagged":0.7336956522,"avg_universe_high":0.0,"avg_universe_multiplier":0.9984226814},"LS_alpha_vs_BOVA11":{"alpha_bps_per_month":98.0005726438,"alpha_tstat":5.1472023483,"beta":-0.0507224325,"ir_ann":1.171128823},"LS_vt_alpha_vs_BOVA11":{"alpha_bps_per_month":98.0005726438,"alpha_tstat":5.1472023483,"beta":-0.0507224325,"ir_ann":1.171128823},"LS_pre_vt_alpha_vs_BOVA11":{"alpha_bps_per_month":81.8147339107,"alpha_tstat":5.1990956229,"beta":-0.0326015858,"ir_ann":1.1741415757},"LS_net_alpha_vs_BOVA11":{"alpha_bps_per_month":104.4247633716,"alpha_tstat":5.2796979335,"beta":-0.0515177042,"ir_ann":1.2412314895},"LS_financing_assumptions":{"avg_short_gross":0.5,"avg_long_gross":0.5,"avg_carry":0.0046020656,"avg_borrow_cost":0.0039649633,"carry_multiplier":1.0,"borrow_cost_annual":0.08}}