{"LS":{"mean_monthly":0.0096057098,"tstat_monthly":4.8948887045,"hit_rate":0.625,"max_drawdown":-0.1352808672,"capm_alpha":0.0099464236,"capm_alpha_t":5.2053754006,"capm_beta":-0.0509635054,"capm_ir_ann":1.1907066102,"capm_te_ann":0.1002405481},"LS_vt":{"mean_monthly":0.0096057098,"tstat_monthly":4.8948887045,"hit_rate":0.625,"max_drawdown":-0.1352808672,"capm_alpha":0.0099464236,"capm_alpha_t":5.2053754006,"capm_beta":-0.0509635054,"capm_ir_ann":1.1907066102,"capm_te_ann":0.1002405481},"LS_pre_vt":{"mean_monthly":0.008067203,"tstat_monthly":4.9567816422,"hit_rate":0.625,"max_drawdown":-0.0994272342,"capm_alpha":0.0082886692,"capm_alpha_t":5.2447949969,"capm_beta":-0.0331266116,"capm_ir_ann":1.1902864242,"capm_te_ann":0.0835631059},"LS_net":{"mean_monthly":0.0102422649,"tstat_monthly":5.0164016081,"hit_rate":0.6358695652,"max_drawdown":-0.1855407463,"capm_alpha":0.0105881691,"capm_alpha_t":5.3472851169,"capm_beta":-0.0517398869,"capm_ir_ann":1.2611134374,"capm_te_ann":0.1007506741},"D10":{"mean_monthly":0.0108421037,"tstat_monthly":2.26308231,"mean_monthly_excess":0.0031774146,"tstat_monthly_excess":0.6485504769,"ann_sharpe_excess":0.1481521744,"hit_rate":0.5489130435,"max_drawdown":-0.487709738},"dispersion_gate":{"mode":"none","blocked_months":0,"total_months":184},"delisting_risk":{"avg_ls_weighted_multiplier":0.9985248543,"avg_ls_weighted_score":0.0059005829,"avg_ls_flagged":0.277173913,"avg_ls_high":0.0,"avg_universe_flagged":0.7336956522,"avg_universe_high":0.0,"avg_universe_multiplier":0.9984226814},"LS_alpha_vs_BOVA11":{"alpha_bps_per_month":99.4642359969,"alpha_tstat":5.2053754006,"beta":-0.0509635054,"ir_ann":1.1907066102},"LS_vt_alpha_vs_BOVA11":{"alpha_bps_per_month":99.4642359969,"alpha_tstat":5.2053754006,"beta":-0.0509635054,"ir_ann":1.1907066102},"LS_pre_vt_alpha_vs_BOVA11":{"alpha_bps_per_month":82.8866920561,"alpha_tstat":5.2447949969,"beta":-0.0331266116,"ir_ann":1.1902864242},"LS_net_alpha_vs_BOVA11":{"alpha_bps_per_month":105.8816907383,"alpha_tstat":5.3472851169,"beta":-0.0517398869,"ir_ann":1.2611134374},"LS_financing_assumptions":{"avg_short_gross":0.5,"avg_long_gross":0.5,"avg_carry":0.0045925266,"avg_borrow_cost":0.0039559716,"carry_multiplier":1.0,"borrow_cost_annual":0.08}}