bps,D10_sharpe,D10_mean,D10_t,D10_alpha_bps,D10_alpha_t,LS_mean,LS_t,LS_alpha_bps,LS_alpha_t,LS_ir,LS_mean_vt,LS_t_vt,LS_alpha_bps_vt,LS_alpha_t_vt,LS_ir_vt,LS_maxDD_vt,LS_hit_vt,avg_turnover_D10,avg_turnover_LS
20,0.09054885723634493,0.009839404062559834,1.6027518483189,64.13553890948306,1.607599810490936,0.010262042453976154,2.649397492837578,106.00906293412524,2.912728769413599,1.2588160330505809,0.010298639283547663,2.7467882885245154,106.1391634630185,2.996619426756615,1.3326075415218717,-0.1389037988073124,0.6421052631578947,0.283173434752382,0.3617410711388005
50,0.06741243814210483,0.009414643910431262,1.5349785574092727,59.90463638089527,1.5001371478614058,0.009719430847267953,2.499791425446824,100.5895487504181,2.753026554961299,1.1928631348540455,0.009784379836658988,2.60216268437574,100.99979752858356,2.8429102325791162,1.2667083938548653,-0.14231422738718147,0.6421052631578947,0.283173434752382,0.3617410711388005
100,0.028823670346842786,0.008706710323550308,1.4217120237794132,52.85313216658228,1.3214154776032245,0.008815078169420955,2.252851609821861,91.55702511090622,2.4894845610717162,1.083268993672139,0.008927280758511198,2.362837010226391,92.43418763785861,2.588645093590697,1.1571234137969366,-0.14797261355326585,0.631578947368421,0.283173434752382,0.3617410711388005
