{"LS":{"mean_monthly":0.0106237835,"tstat_monthly":2.7497372971,"hit_rate":0.6421052632,"max_drawdown":-0.1566440344,"capm_alpha":0.0109622072,"capm_alpha_t":3.0198553146,"capm_beta":-0.0814707892,"capm_ir_ann":1.302863492,"capm_te_ann":0.1009672062},"LS_vt":{"mean_monthly":0.0106237835,"tstat_monthly":2.7497372971,"hit_rate":0.6421052632,"max_drawdown":-0.1566440344,"capm_alpha":0.0109622072,"capm_alpha_t":3.0198553146,"capm_beta":-0.0814707892,"capm_ir_ann":1.302863492,"capm_te_ann":0.1009672062},"LS_pre_vt":{"mean_monthly":0.0114234629,"tstat_monthly":2.5938143704,"hit_rate":0.6421052632,"max_drawdown":-0.2184493989,"capm_alpha":0.01182606,"capm_alpha_t":2.8869300015,"capm_beta":-0.0969196426,"capm_ir_ann":1.1701331138,"capm_te_ann":0.1212791246},"D10":{"mean_monthly":0.0101225775,"tstat_monthly":1.6478552625,"mean_monthly_excess":0.0019442472,"tstat_monthly_excess":0.3186213509,"ann_sharpe_excess":0.1059659436,"hit_rate":0.5894736842,"max_drawdown":-0.3393228725},"LS_alpha_vs_BOVA11":{"alpha_bps_per_month":109.6220723899,"alpha_tstat":3.0198553146,"beta":-0.0814707892,"ir_ann":1.302863492},"LS_vt_alpha_vs_BOVA11":{"alpha_bps_per_month":109.6220723899,"alpha_tstat":3.0198553146,"beta":-0.0814707892,"ir_ann":1.302863492},"LS_pre_vt_alpha_vs_BOVA11":{"alpha_bps_per_month":118.2605997433,"alpha_tstat":2.8869300015,"beta":-0.0969196426,"ir_ann":1.1701331138}}