{"LS":{"mean_monthly":0.0110131795,"tstat_monthly":4.2330167667,"hit_rate":0.6836158192,"max_drawdown":-0.1953360128,"capm_alpha":0.0115871598,"capm_alpha_t":4.617835006,"capm_beta":-0.0907221708,"capm_ir_ann":1.3987821731,"capm_te_ann":0.0994049828},"LS_vt":{"mean_monthly":0.0110131795,"tstat_monthly":4.2330167667,"hit_rate":0.6836158192,"max_drawdown":-0.1953360128,"capm_alpha":0.0115871598,"capm_alpha_t":4.617835006,"capm_beta":-0.0907221708,"capm_ir_ann":1.3987821731,"capm_te_ann":0.0994049828},"LS_pre_vt":{"mean_monthly":0.0107932307,"tstat_monthly":4.0282498416,"hit_rate":0.6836158192,"max_drawdown":-0.2548778343,"capm_alpha":0.0113461033,"capm_alpha_t":4.4393198334,"capm_beta":-0.0873859314,"capm_ir_ann":1.2643856203,"capm_te_ann":0.1076833189},"LS_net":{"mean_monthly":0.0116553142,"tstat_monthly":4.4415094861,"hit_rate":0.6610169492,"max_drawdown":-0.1754518035,"capm_alpha":0.0122317291,"capm_alpha_t":4.8105097819,"capm_beta":-0.0911069815,"capm_ir_ann":1.4731403466,"capm_te_ann":0.0996379945},"D10":{"mean_monthly":0.0119507201,"tstat_monthly":2.5961757788,"mean_monthly_excess":0.0043214801,"tstat_monthly_excess":0.9036545041,"ann_sharpe_excess":0.2120687367,"hit_rate":0.6101694915,"max_drawdown":-0.4525952151},"dispersion_gate":{"mode":"quantile80","blocked_months":122,"total_months":177},"delisting_risk":{"avg_ls_weighted_multiplier":0.9968874901,"avg_ls_weighted_score":0.0124500395,"avg_ls_flagged":0.4745762712,"avg_ls_high":0.0,"avg_universe_flagged":1.1355932203,"avg_universe_high":0.0,"avg_universe_multiplier":0.9978720306},"LS_alpha_vs_BOVA11":{"alpha_bps_per_month":115.8715982577,"alpha_tstat":4.617835006,"beta":-0.0907221708,"ir_ann":1.3987821731},"LS_vt_alpha_vs_BOVA11":{"alpha_bps_per_month":115.8715982577,"alpha_tstat":4.617835006,"beta":-0.0907221708,"ir_ann":1.3987821731},"LS_pre_vt_alpha_vs_BOVA11":{"alpha_bps_per_month":113.4610332947,"alpha_tstat":4.4393198334,"beta":-0.0873859314,"ir_ann":1.2643856203},"LS_net_alpha_vs_BOVA11":{"alpha_bps_per_month":122.317291418,"alpha_tstat":4.8105097819,"beta":-0.0911069815,"ir_ann":1.4731403466},"LS_financing_assumptions":{"avg_short_gross":0.5,"avg_long_gross":0.4945374236,"avg_carry":0.0037449842,"avg_borrow_cost":0.0031028495,"carry_multiplier":1.0,"borrow_cost_annual":0.08}}