bps,D10_sharpe,D10_mean,D10_t,D10_alpha_bps,D10_alpha_t,LS_mean,LS_t,LS_alpha_bps,LS_alpha_t,LS_ir,LS_mean_vt,LS_t_vt,LS_alpha_bps_vt,LS_alpha_t_vt,LS_ir_vt,LS_maxDD_vt,LS_hit_vt,avg_turnover_D10,avg_turnover_LS
20,0.08151259806460202,0.009701838975330682,1.548492443346366,63.02255464630547,1.5080397117845004,0.009951521463771453,2.5514749643767973,102.41600173401737,2.7974949107077642,1.2020530968047822,0.009887749986427014,2.655830819241694,101.45782269546646,2.88462946568938,1.2772025478228513,-0.14111371994553534,0.6631578947368421,0.30104893157524737,0.3756797549370345
50,0.05736904405110344,0.00925026557796781,1.477986990593174,58.526322734697224,1.3988278831181729,0.009388001831365903,2.3985880739910477,96.78630451513577,2.6341672934000107,1.1346761664338891,0.009357877883657158,2.5066068712310523,96.16167785075496,2.726094493539499,1.209477222055924,-0.14451422891051335,0.6526315789473685,0.30104893157524737,0.3756797549370345
100,0.017097635539830642,0.008497643249029692,1.3601034514144759,51.03260288201677,1.2172951472113014,0.008448802444023318,2.1460438494220733,87.40347581699983,2.364449661634853,1.0226635653978,0.008474757712374065,2.2596022772462314,87.33476977623575,2.463780324972417,1.0967945676307773,-0.15015620870318847,0.6526315789473685,0.30104893157524737,0.3756797549370345
