{"LS":{"mean_monthly":0.0103272012,"tstat_monthly":2.6539671656,"hit_rate":0.6631578947,"max_drawdown":-0.1622619218,"capm_alpha":0.0106169133,"capm_alpha_t":2.9070043829,"capm_beta":-0.0697441482,"capm_ir_ann":1.2470385104,"capm_te_ann":0.102164415},"LS_vt":{"mean_monthly":0.0103272012,"tstat_monthly":2.6539671656,"hit_rate":0.6631578947,"max_drawdown":-0.1622619218,"capm_alpha":0.0106169133,"capm_alpha_t":2.9070043829,"capm_beta":-0.0697441482,"capm_ir_ann":1.2470385104,"capm_te_ann":0.102164415},"LS_pre_vt":{"mean_monthly":0.0114315223,"tstat_monthly":2.4496581586,"hit_rate":0.6631578947,"max_drawdown":-0.2451481136,"capm_alpha":0.0118157965,"capm_alpha_t":2.7360473462,"capm_beta":-0.0925086553,"capm_ir_ann":1.095257632,"capm_te_ann":0.1294577223},"D10":{"mean_monthly":0.0100028879,"tstat_monthly":1.5954010813,"mean_monthly_excess":0.0018245576,"tstat_monthly_excess":0.2934056448,"ann_sharpe_excess":0.097600039,"hit_rate":0.5894736842,"max_drawdown":-0.3430710726},"LS_alpha_vs_BOVA11":{"alpha_bps_per_month":106.1691332133,"alpha_tstat":2.9070043829,"beta":-0.0697441482,"ir_ann":1.2470385104},"LS_vt_alpha_vs_BOVA11":{"alpha_bps_per_month":106.1691332133,"alpha_tstat":2.9070043829,"beta":-0.0697441482,"ir_ann":1.2470385104},"LS_pre_vt_alpha_vs_BOVA11":{"alpha_bps_per_month":118.1579653384,"alpha_tstat":2.7360473462,"beta":-0.0925086553,"ir_ann":1.095257632}}