{"LS":{"mean_monthly":0.0077584372,"tstat_monthly":2.9990818421,"hit_rate":0.637254902,"max_drawdown":-0.1141543363,"capm_alpha":0.0075644909,"capm_alpha_t":3.0163646626,"capm_beta":0.0391808354,"capm_ir_ann":0.924458595,"capm_te_ann":0.0981914079},"LS_vt":{"mean_monthly":0.0077584372,"tstat_monthly":2.9990818421,"hit_rate":0.637254902,"max_drawdown":-0.1141543363,"capm_alpha":0.0075644909,"capm_alpha_t":3.0163646626,"capm_beta":0.0391808354,"capm_ir_ann":0.924458595,"capm_te_ann":0.0981914079},"LS_pre_vt":{"mean_monthly":0.0071145235,"tstat_monthly":2.8883666915,"hit_rate":0.637254902,"max_drawdown":-0.1092307846,"capm_alpha":0.0069070146,"capm_alpha_t":2.918267569,"capm_beta":0.0419207462,"capm_ir_ann":0.9040457794,"capm_te_ann":0.0916813919},"D10":{"mean_monthly":0.0082955705,"tstat_monthly":1.1586051889,"mean_monthly_excess":0.0000909756,"tstat_monthly_excess":0.0127111075,"ann_sharpe_excess":0.0046660167,"hit_rate":0.5784313725,"max_drawdown":-0.4744252908},"LS_alpha_vs_BOVA11":{"alpha_bps_per_month":75.6449091506,"alpha_tstat":3.0163646626,"beta":0.0391808354,"ir_ann":0.924458595},"LS_vt_alpha_vs_BOVA11":{"alpha_bps_per_month":75.6449091506,"alpha_tstat":3.0163646626,"beta":0.0391808354,"ir_ann":0.924458595},"LS_pre_vt_alpha_vs_BOVA11":{"alpha_bps_per_month":69.0701461416,"alpha_tstat":2.918267569,"beta":0.0419207462,"ir_ann":0.9040457794}}