{"LS":{"mean_monthly":0.008007846,"tstat_monthly":3.0920994371,"hit_rate":0.6176470588,"max_drawdown":-0.0884376079,"capm_alpha":0.0081826697,"capm_alpha_t":3.2172660112,"capm_beta":-0.0353177189,"capm_ir_ann":1.0116085312,"capm_te_ann":0.0970652516},"LS_vt":{"mean_monthly":0.008007846,"tstat_monthly":3.0920994371,"hit_rate":0.6176470588,"max_drawdown":-0.0884376079,"capm_alpha":0.0081826697,"capm_alpha_t":3.2172660112,"capm_beta":-0.0353177189,"capm_ir_ann":1.0116085312,"capm_te_ann":0.0970652516},"LS_pre_vt":{"mean_monthly":0.0072567137,"tstat_monthly":3.1393436159,"hit_rate":0.6176470588,"max_drawdown":-0.0759150641,"capm_alpha":0.0073131886,"capm_alpha_t":3.256663937,"capm_beta":-0.0114089907,"capm_ir_ann":1.0189971472,"capm_te_ann":0.0861221868},"D10":{"mean_monthly":0.00864337,"tstat_monthly":1.2106489153,"mean_monthly_excess":0.0004387751,"tstat_monthly_excess":0.0614599118,"ann_sharpe_excess":0.0231668001,"hit_rate":0.5588235294,"max_drawdown":-0.4603566062},"LS_alpha_vs_BOVA11":{"alpha_bps_per_month":81.8266971743,"alpha_tstat":3.2172660112,"beta":-0.0353177189,"ir_ann":1.0116085312},"LS_vt_alpha_vs_BOVA11":{"alpha_bps_per_month":81.8266971743,"alpha_tstat":3.2172660112,"beta":-0.0353177189,"ir_ann":1.0116085312},"LS_pre_vt_alpha_vs_BOVA11":{"alpha_bps_per_month":73.1318855739,"alpha_tstat":3.256663937,"beta":-0.0114089907,"ir_ann":1.0189971472}}