bps,D10_sharpe,D10_mean,D10_t,D10_alpha_bps,D10_alpha_t,LS_mean,LS_t,LS_alpha_bps,LS_alpha_t,LS_ir,LS_mean_vt,LS_t_vt,LS_alpha_bps_vt,LS_alpha_t_vt,LS_ir_vt,LS_maxDD_vt,LS_hit_vt,avg_turnover_D10,avg_turnover_LS
20,0.012689491016721458,0.008444912658841851,1.1840617737834918,41.9603757447354,0.9967962324380122,0.00771836029388394,2.984899342275539,78.91684462741544,3.107151768353007,0.9754599173456462,0.007423650879436293,2.7941091111698526,76.75847722734873,2.923838776780587,0.9463797042150508,-0.10212292709555748,0.5980392156862745,0.19845733744234317,0.28948571436868553
50,-0.0030295639502453792,0.008147226652678337,1.1440733796064564,38.971225722905,0.9291880617727939,0.007284131722330912,2.8233909483831168,74.55206580702499,2.9413064345823443,0.9212331122022717,0.006985191908528695,2.6341395942995263,72.34606717110904,2.7607897811696485,0.891712411422174,-0.10448396131644544,0.5980392156862745,0.19845733744234317,0.28948571436868553
100,-0.0292357488698221,0.0076510833090724754,1.0771390862282937,33.98930901985421,0.8153761102984345,0.006560417436409198,2.552351144923826,67.27743443970753,2.663137304870609,0.8308595418345476,0.006254426957016031,2.3659301883664976,64.99205041070964,2.4874828617775266,0.8006101966144356,-0.10840703245800176,0.5980392156862745,0.19845733744234317,0.28948571436868553
