{"LS":{"mean_monthly":0.0095972713,"tstat_monthly":4.896039172,"hit_rate":0.6195652174,"max_drawdown":-0.1352808672,"capm_alpha":0.0099135102,"capm_alpha_t":5.2097488969,"capm_beta":-0.0473025919,"capm_ir_ann":1.1843525119,"capm_te_ann":0.1004448601},"LS_vt":{"mean_monthly":0.0095972713,"tstat_monthly":4.896039172,"hit_rate":0.6195652174,"max_drawdown":-0.1352808672,"capm_alpha":0.0099135102,"capm_alpha_t":5.2097488969,"capm_beta":-0.0473025919,"capm_ir_ann":1.1843525119,"capm_te_ann":0.1004448601},"LS_pre_vt":{"mean_monthly":0.0080173682,"tstat_monthly":4.9552358694,"hit_rate":0.6195652174,"max_drawdown":-0.0994272342,"capm_alpha":0.0082143337,"capm_alpha_t":5.2489249931,"capm_beta":-0.0294618352,"capm_ir_ann":1.1842962947,"capm_te_ann":0.0832325534},"LS_net":{"mean_monthly":0.0102425914,"tstat_monthly":5.0153723499,"hit_rate":0.6358695652,"max_drawdown":-0.1855407463,"capm_alpha":0.0105639975,"capm_alpha_t":5.3488738202,"capm_beta":-0.0480754999,"capm_ir_ann":1.2554664389,"capm_te_ann":0.1009728067},"D10":{"mean_monthly":0.0108087422,"tstat_monthly":2.2532932924,"mean_monthly_excess":0.0031440532,"tstat_monthly_excess":0.6409123942,"ann_sharpe_excess":0.1463619553,"hit_rate":0.5489130435,"max_drawdown":-0.487709738},"dispersion_gate":{"mode":"none","blocked_months":0,"total_months":184},"delisting_risk":{"avg_ls_weighted_multiplier":0.998525391,"avg_ls_weighted_score":0.0058984359,"avg_ls_flagged":0.277173913,"avg_ls_high":0.0,"avg_universe_flagged":0.7336956522,"avg_universe_high":0.0,"avg_universe_multiplier":0.9984233837},"LS_alpha_vs_BOVA11":{"alpha_bps_per_month":99.1351020142,"alpha_tstat":5.2097488969,"beta":-0.0473025919,"ir_ann":1.1843525119},"LS_vt_alpha_vs_BOVA11":{"alpha_bps_per_month":99.1351020142,"alpha_tstat":5.2097488969,"beta":-0.0473025919,"ir_ann":1.1843525119},"LS_pre_vt_alpha_vs_BOVA11":{"alpha_bps_per_month":82.1433371593,"alpha_tstat":5.2489249931,"beta":-0.0294618352,"ir_ann":1.1842962947},"LS_net_alpha_vs_BOVA11":{"alpha_bps_per_month":105.6399750391,"alpha_tstat":5.3488738202,"beta":-0.0480754999,"ir_ann":1.2554664389},"LS_financing_assumptions":{"avg_short_gross":0.5,"avg_long_gross":0.5,"avg_carry":0.0046187001,"avg_borrow_cost":0.00397338,"carry_multiplier":1.0,"borrow_cost_annual":0.08}}