{
  "max_drawdown_full": -0.13528086717401866,
  "max_drawdown_12m": -0.072912653423165,
  "max_drawdown_24m": -0.072912653423165,
  "worst_month": -0.07291265342316501,
  "avg_ls_multiplier": 0.9985253910286938,
  "avg_ls_score": 0.005898435885224839,
  "last_ls_multiplier": 1.0,
  "last_ls_flagged": 0.0,
  "last_ls_high": 0.0
}