bps,D10_sharpe,D10_mean,D10_t,D10_alpha_bps,D10_alpha_t,LS_mean,LS_t,LS_alpha_bps,LS_alpha_t,LS_ir,LS_mean_vt,LS_t_vt,LS_alpha_bps_vt,LS_alpha_t_vt,LS_ir_vt,LS_maxDD_vt,LS_hit_vt,avg_turnover_D10,avg_turnover_LS
20,-0.07125851281034755,0.006718215637501523,0.8768444288000731,22.979123197512443,0.45192385170857713,0.0055181289823924146,2.303087423379636,56.70076783045765,2.3878963127865647,0.6762009265323808,0.005170390369526106,2.160704730891982,53.93800659560741,2.268746752899941,0.6437235105394206,-0.13557050970757267,0.6372549019607843,0.19642291259938324,0.28360967282535915
50,-0.08540249049539453,0.006423581268602447,0.8397412416530572,20.028870820898497,0.3949611114154829,0.005092714473154377,2.126785808148352,52.43767437158221,2.208461933425315,0.6253405040427203,0.004749500705784039,1.984524981462819,49.71692424492812,2.0903506480253715,0.5934283434410272,-0.1417542016976281,0.6372549019607843,0.19642291259938324,0.28360967282535915
100,-0.10898868532919394,0.005932523987103989,0.7776230667043807,15.111783526541881,0.29932871710372383,0.0043836902910909786,1.8321796670514097,45.33251860678978,1.909035126629087,0.5405251675754942,0.004048017932880595,1.690581783625834,42.681786993796,1.79287662726828,0.5095163847637957,-0.15197046438944617,0.6372549019607843,0.19642291259938324,0.28360967282535915
