{"LS":{"mean_monthly":0.0058017387,"tstat_monthly":2.4204052094,"hit_rate":0.637254902,"max_drawdown":-0.1414028207,"capm_alpha":0.005954283,"capm_alpha_t":2.5074008025,"capm_beta":-0.0308168657,"capm_ir_ann":0.7100915588,"capm_te_ann":0.1006227933},"LS_vt":{"mean_monthly":0.0058017387,"tstat_monthly":2.4204052094,"hit_rate":0.637254902,"max_drawdown":-0.1414028207,"capm_alpha":0.005954283,"capm_alpha_t":2.5074008025,"capm_beta":-0.0308168657,"capm_ir_ann":0.7100915588,"capm_te_ann":0.1006227933},"LS_pre_vt":{"mean_monthly":0.0066464393,"tstat_monthly":2.5169512878,"hit_rate":0.637254902,"max_drawdown":-0.1558432571,"capm_alpha":0.0067412972,"capm_alpha_t":2.60793645,"capm_beta":-0.0191630995,"capm_ir_ann":0.7476567994,"capm_te_ann":0.1081987975},"D10":{"mean_monthly":0.0069146386,"tstat_monthly":0.9015098864,"mean_monthly_excess":-0.0012899564,"tstat_monthly_excess":-0.1678443571,"ann_sharpe_excess":-0.061832528,"hit_rate":0.5490196078,"max_drawdown":-0.5935691479},"LS_alpha_vs_BOVA11":{"alpha_bps_per_month":59.5428301364,"alpha_tstat":2.5074008025,"beta":-0.0308168657,"ir_ann":0.7100915588},"LS_vt_alpha_vs_BOVA11":{"alpha_bps_per_month":59.5428301364,"alpha_tstat":2.5074008025,"beta":-0.0308168657,"ir_ann":0.7100915588},"LS_pre_vt_alpha_vs_BOVA11":{"alpha_bps_per_month":67.4129722015,"alpha_tstat":2.60793645,"beta":-0.0191630995,"ir_ann":0.7476567994}}