{"LS":{"mean_monthly":0.0123685625,"tstat_monthly":3.4760309258,"hit_rate":0.6421052632,"max_drawdown":-0.1324489043,"capm_alpha":0.0127574336,"capm_alpha_t":3.8474801634,"capm_beta":-0.0936153,"capm_ir_ann":1.5314956777,"capm_te_ann":0.0999605847},"LS_vt":{"mean_monthly":0.0123685625,"tstat_monthly":3.4760309258,"hit_rate":0.6421052632,"max_drawdown":-0.1324489043,"capm_alpha":0.0127574336,"capm_alpha_t":3.8474801634,"capm_beta":-0.0936153,"capm_ir_ann":1.5314956777,"capm_te_ann":0.0999605847},"LS_pre_vt":{"mean_monthly":0.013100845,"tstat_monthly":3.3485591318,"hit_rate":0.6421052632,"max_drawdown":-0.1783924293,"capm_alpha":0.0135193942,"capm_alpha_t":3.7184603108,"capm_beta":-0.1007598953,"capm_ir_ann":1.4231328053,"capm_te_ann":0.113996902},"D10":{"mean_monthly":0.0100815795,"tstat_monthly":1.6632511918,"mean_monthly_excess":0.0019032492,"tstat_monthly_excess":0.3175463703,"ann_sharpe_excess":0.1046444466,"hit_rate":0.6,"max_drawdown":-0.3344011303},"LS_alpha_vs_BOVA11":{"alpha_bps_per_month":127.5743361257,"alpha_tstat":3.8474801634,"beta":-0.0936153,"ir_ann":1.5314956777},"LS_vt_alpha_vs_BOVA11":{"alpha_bps_per_month":127.5743361257,"alpha_tstat":3.8474801634,"beta":-0.0936153,"ir_ann":1.5314956777},"LS_pre_vt_alpha_vs_BOVA11":{"alpha_bps_per_month":135.1939424606,"alpha_tstat":3.7184603108,"beta":-0.1007598953,"ir_ann":1.4231328053}}