bps,D10_sharpe,D10_mean,D10_t,D10_alpha_bps,D10_alpha_t,LS_mean,LS_t,LS_alpha_bps,LS_alpha_t,LS_ir,LS_mean_vt,LS_t_vt,LS_alpha_bps_vt,LS_alpha_t_vt,LS_ir_vt,LS_maxDD_vt,LS_hit_vt,avg_turnover_D10,avg_turnover_LS
20,0.08966513122198269,0.009808804108876037,1.6190830921887043,63.481938054598736,1.6129936475682949,0.012012662935045647,3.3689647557866826,124.01662970429102,3.731931444034059,1.487968926341587,0.011961620437066195,3.4515888555543963,123.21916224819228,3.789901503949415,1.545785457587421,-0.11529785997455333,0.631578947368421,0.27277535845647294,0.35589955200475704
50,0.06718439428028893,0.009399641071191326,1.55273039832545,59.406950519258025,1.5071113539435168,0.011478813607038514,3.2091465469957305,118.68007007217498,3.5594932304588016,1.4227442733581854,0.011450841232831745,3.2961718600728207,118.11108743916165,3.6228358860082137,1.480728915844628,-0.1184200183221279,0.631578947368421,0.27277535845647294,0.35589955200475704
100,0.02968574776190668,0.008717702675050145,1.4418794260006693,52.6153046270235,1.3312974624083227,0.010589064727026622,2.9448691516945145,109.78580401864814,3.2744607919856525,1.3142205842368506,0.01059954255910766,3.03869038361776,109.59762942411061,3.346270991804716,1.3724296025956773,-0.1236027562388482,0.631578947368421,0.27277535845647294,0.35589955200475704
