{"LS":{"mean_monthly":0.0081146523,"tstat_monthly":3.3164379945,"hit_rate":0.6176470588,"max_drawdown":-0.0808495296,"capm_alpha":0.0082417227,"capm_alpha_t":3.4354523428,"capm_beta":-0.0256706351,"capm_ir_ann":1.017482294,"capm_te_ann":0.097201369},"LS_vt":{"mean_monthly":0.0081146523,"tstat_monthly":3.3164379945,"hit_rate":0.6176470588,"max_drawdown":-0.0808495296,"capm_alpha":0.0082417227,"capm_alpha_t":3.4354523428,"capm_beta":-0.0256706351,"capm_ir_ann":1.017482294,"capm_te_ann":0.097201369},"LS_pre_vt":{"mean_monthly":0.0071633697,"tstat_monthly":3.3207659837,"hit_rate":0.6176470588,"max_drawdown":-0.0679859591,"capm_alpha":0.0071735413,"capm_alpha_t":3.4313059649,"capm_beta":-0.0020548486,"capm_ir_ann":1.0284915171,"capm_te_ann":0.0836978176},"D10":{"mean_monthly":0.0090348127,"tstat_monthly":1.2782512248,"mean_monthly_excess":0.0008302177,"tstat_monthly_excess":0.1173087308,"ann_sharpe_excess":0.044062708,"hit_rate":0.568627451,"max_drawdown":-0.4658712175},"LS_alpha_vs_BOVA11":{"alpha_bps_per_month":82.4172266188,"alpha_tstat":3.4354523428,"beta":-0.0256706351,"ir_ann":1.017482294},"LS_vt_alpha_vs_BOVA11":{"alpha_bps_per_month":82.4172266188,"alpha_tstat":3.4354523428,"beta":-0.0256706351,"ir_ann":1.017482294},"LS_pre_vt_alpha_vs_BOVA11":{"alpha_bps_per_month":71.7354128156,"alpha_tstat":3.4313059649,"beta":-0.0020548486,"ir_ann":1.0284915171}}