bps,D10_sharpe,D10_mean,D10_t,D10_alpha_bps,D10_alpha_t,LS_mean,LS_t,LS_alpha_bps,LS_alpha_t,LS_ir,LS_mean_vt,LS_t_vt,LS_alpha_bps_vt,LS_alpha_t_vt,LS_ir_vt,LS_maxDD_vt,LS_hit_vt,avg_turnover_D10,avg_turnover_LS
20,0.03364047309279074,0.008838406080628913,1.25182380721068,45.89580883257325,1.1047206465503752,0.007837669913828713,3.207415372339396,79.63044204321184,3.3229114264897617,0.9829152809926612,0.007540586315280597,3.0246538567964962,77.58799542309976,3.147027823843791,0.9525912859578026,-0.09281336303197263,0.5980392156862745,0.19640657038292558,0.27698237688964583
50,0.01800498802182549,0.008543796225054523,1.2120693222975174,42.93694249935663,1.0375244309099014,0.0074221963484942454,3.043222243537563,75.45026517987185,3.153498803396248,0.9310572312546018,0.00712083180283351,2.8604640302203634,73.35779805815869,2.9793900635180814,0.9004194574689208,-0.0950017263685663,0.5980392156862745,0.19640657038292558,0.27698237688964583
100,-0.008059382385624083,0.00805277979909721,1.1455094106675343,38.005498610662215,0.9243397236848027,0.006729740406270132,2.76785609965315,68.48330374097183,2.8695978784550413,0.8446214969511516,0.006421240948755028,2.585421778026893,66.30746911659017,2.6986710349216967,0.8134625504672307,-0.09863886373792152,0.5980392156862745,0.19640657038292558,0.27698237688964583
