bps,D10_sharpe,D10_mean,D10_t,D10_alpha_bps,D10_alpha_t,LS_mean,LS_t,LS_alpha_bps,LS_alpha_t,LS_ir,LS_mean_vt,LS_t_vt,LS_alpha_bps_vt,LS_alpha_t_vt,LS_ir_vt,LS_maxDD_vt,LS_hit_vt,avg_turnover_D10,avg_turnover_LS
20,0.09406767066905766,0.009323277163070564,2.2842245308887525,38.669145108691254,1.6122458576479273,0.00934535412148502,3.69759831806649,102.02430211749444,4.2759093697047454,1.2896234920787388,0.009938302916316774,3.8572959606652186,108.66732988257976,4.474531195654777,1.347144103472369,-0.16836298476802058,0.672316384180791,0.08135075310681314,0.12737920889064588
50,0.08722679776730413,0.009201251033410345,2.2510051758218936,37.409560065751876,1.5562165210992391,0.00915428530814905,3.6298972852142066,100.05770046628685,4.201568972938574,1.2654278583541148,0.00974132204390623,3.792597405605502,106.63381951090619,4.4018166610912655,1.322931131910183,-0.17248979562759836,0.672316384180791,0.08135075310681314,0.12737920889064588
100,0.0758447612503599,0.008997874150643312,2.19568869638357,35.3102516608529,1.4630397239028428,0.008835837285922436,3.5148020652861747,96.78003104760754,4.07475961344916,1.2243324708719137,0.009413020589888655,3.681943469952551,103.24463555811687,4.277041963973954,1.281731611650038,-0.1793309987497167,0.6666666666666666,0.08135075310681314,0.12737920889064588
