{"LS":{"mean_monthly":0.0110811212,"tstat_monthly":4.2372045111,"hit_rate":0.6836158192,"max_drawdown":-0.1954296461,"capm_alpha":0.011652857,"capm_alpha_t":4.6167836495,"capm_beta":-0.0903674146,"capm_ir_ann":1.4047102402,"capm_te_ann":0.099546711},"LS_vt":{"mean_monthly":0.0110811212,"tstat_monthly":4.2372045111,"hit_rate":0.6836158192,"max_drawdown":-0.1954296461,"capm_alpha":0.011652857,"capm_alpha_t":4.6167836495,"capm_beta":-0.0903674146,"capm_ir_ann":1.4047102402,"capm_te_ann":0.099546711},"LS_pre_vt":{"mean_monthly":0.0108692185,"tstat_monthly":4.0325001642,"hit_rate":0.6836158192,"max_drawdown":-0.2548514739,"capm_alpha":0.0114221975,"capm_alpha_t":4.4381013746,"capm_beta":-0.0874027549,"capm_ir_ann":1.2704729262,"capm_te_ann":0.1078861009},"LS_net":{"mean_monthly":0.0117211784,"tstat_monthly":4.4434800469,"hit_rate":0.6610169492,"max_drawdown":-0.1756123993,"capm_alpha":0.0122953816,"capm_alpha_t":4.8072362602,"capm_beta":-0.0907573909,"capm_ir_ann":1.4786300739,"capm_te_ann":0.0997846464},"D10":{"mean_monthly":0.0118712972,"tstat_monthly":2.5796090819,"mean_monthly_excess":0.0042420572,"tstat_monthly_excess":0.8872509977,"ann_sharpe_excess":0.2080315807,"hit_rate":0.604519774,"max_drawdown":-0.4525952151},"dispersion_gate":{"mode":"quantile80","blocked_months":122,"total_months":177},"LS_alpha_vs_BOVA11":{"alpha_bps_per_month":116.5285702722,"alpha_tstat":4.6167836495,"beta":-0.0903674146,"ir_ann":1.4047102402},"LS_vt_alpha_vs_BOVA11":{"alpha_bps_per_month":116.5285702722,"alpha_tstat":4.6167836495,"beta":-0.0903674146,"ir_ann":1.4047102402},"LS_pre_vt_alpha_vs_BOVA11":{"alpha_bps_per_month":114.2219752072,"alpha_tstat":4.4381013746,"beta":-0.0874027549,"ir_ann":1.2704729262},"LS_net_alpha_vs_BOVA11":{"alpha_bps_per_month":122.9538159047,"alpha_tstat":4.8072362602,"beta":-0.0907573909,"ir_ann":1.4786300739},"LS_financing_assumptions":{"avg_short_gross":0.5,"avg_long_gross":0.4945374236,"avg_carry":0.0037380383,"avg_borrow_cost":0.003097981,"carry_multiplier":1.0,"borrow_cost_annual":0.08}}