bps,D10_sharpe,D10_mean,D10_t,D10_alpha_bps,D10_alpha_t,LS_mean,LS_t,LS_alpha_bps,LS_alpha_t,LS_ir,LS_mean_vt,LS_t_vt,LS_alpha_bps_vt,LS_alpha_t_vt,LS_ir_vt,LS_maxDD_vt,LS_hit_vt,avg_turnover_D10,avg_turnover_LS
20,0.032506632345272686,0.008821326528469703,1.2546801342162397,45.29874963591158,1.1067740674643956,0.007506791821348542,2.9224058093101912,73.32675151439079,2.9094140236707826,0.8874985099141107,0.00756772469505708,2.83917451126287,74.4920817080692,2.8247544635056276,0.8867394617553034,-0.13927540261286542,0.6078431372549019,0.21822825866943513,0.3016423170106005
50,0.015255354914053141,0.00849398414046555,1.2099816596301947,42.01595984013892,1.0304820674308308,0.007054328345832641,2.7569906843047,68.78405190524283,2.739270412807308,0.8324779499993553,0.007104418603785497,2.676482073088079,69.83627971758533,2.659352274045052,0.8313251375550514,-0.14076516725146737,0.6078431372549019,0.21822825866943513,0.3016423170106005
100,-0.013508000690829672,0.007948413493791962,1.135162521932836,36.5446435138511,0.902006509751178,0.00630022255330614,2.478190121064828,61.212885889996215,2.4526567127030425,0.7407318344175701,0.0063322417849995235,2.4020424967795644,62.076609733445544,2.3803348752796274,0.7389093349745082,-0.14324340094655186,0.5882352941176471,0.21822825866943513,0.3016423170106005
