{"LS":{"mean_monthly":0.0078084341,"tstat_monthly":3.0319042971,"hit_rate":0.6274509804,"max_drawdown":-0.1339606307,"capm_alpha":0.0076355218,"capm_alpha_t":3.0220800754,"capm_beta":0.0349315872,"capm_ir_ann":0.9241640807,"capm_te_ann":0.0991450149},"LS_vt":{"mean_monthly":0.0078084341,"tstat_monthly":3.0319042971,"hit_rate":0.6274509804,"max_drawdown":-0.1339606307,"capm_alpha":0.0076355218,"capm_alpha_t":3.0220800754,"capm_beta":0.0349315872,"capm_ir_ann":0.9241640807,"capm_te_ann":0.0991450149},"LS_pre_vt":{"mean_monthly":0.0064694566,"tstat_monthly":2.9721157979,"hit_rate":0.6274509804,"max_drawdown":-0.117051878,"capm_alpha":0.0062878643,"capm_alpha_t":2.9689916423,"capm_beta":0.0366850922,"capm_ir_ann":0.8983384449,"capm_te_ann":0.083993257},"D10":{"mean_monthly":0.0090395548,"tstat_monthly":1.2843986403,"mean_monthly_excess":0.0008349599,"tstat_monthly_excess":0.1185916433,"ann_sharpe_excess":0.0440045599,"hit_rate":0.5784313725,"max_drawdown":-0.4628637329},"LS_alpha_vs_BOVA11":{"alpha_bps_per_month":76.3552179205,"alpha_tstat":3.0220800754,"beta":0.0349315872,"ir_ann":0.9241640807},"LS_vt_alpha_vs_BOVA11":{"alpha_bps_per_month":76.3552179205,"alpha_tstat":3.0220800754,"beta":0.0349315872,"ir_ann":0.9241640807},"LS_pre_vt_alpha_vs_BOVA11":{"alpha_bps_per_month":62.8786432271,"alpha_tstat":2.9689916423,"beta":0.0366850922,"ir_ann":0.8983384449}}