{"LS":{"mean_monthly":0.0102718498,"tstat_monthly":4.1872941363,"hit_rate":0.6666666667,"max_drawdown":-0.1380936529,"capm_alpha":0.0104902048,"capm_alpha_t":4.2551379153,"capm_beta":-0.0345127408,"capm_ir_ann":1.2537599119,"capm_te_ann":0.1004039579},"LS_vt":{"mean_monthly":0.0102718498,"tstat_monthly":4.1872941363,"hit_rate":0.6666666667,"max_drawdown":-0.1380936529,"capm_alpha":0.0104902048,"capm_alpha_t":4.2551379153,"capm_beta":-0.0345127408,"capm_ir_ann":1.2537599119,"capm_te_ann":0.1004039579},"LS_pre_vt":{"mean_monthly":0.0100774736,"tstat_monthly":3.9298317219,"hit_rate":0.6666666667,"max_drawdown":-0.1769211681,"capm_alpha":0.0103443679,"capm_alpha_t":4.0619055128,"capm_beta":-0.042184771,"capm_ir_ann":1.1910729042,"capm_te_ann":0.1042189899},"LS_net":{"mean_monthly":0.0107968319,"tstat_monthly":4.2753548674,"hit_rate":0.6553672316,"max_drawdown":-0.1342107097,"capm_alpha":0.011018098,"capm_alpha_t":4.3046009474,"capm_beta":-0.0349728665,"capm_ir_ann":1.3085128012,"capm_te_ann":0.1010438532},"D10":{"mean_monthly":0.0103818773,"tstat_monthly":2.1345477369,"mean_monthly_excess":0.0027526373,"tstat_monthly_excess":0.5500916938,"ann_sharpe_excess":0.1279318872,"hit_rate":0.5762711864,"max_drawdown":-0.470160446},"LS_alpha_vs_BOVA11":{"alpha_bps_per_month":104.9020478524,"alpha_tstat":4.2551379153,"beta":-0.0345127408,"ir_ann":1.2537599119},"LS_vt_alpha_vs_BOVA11":{"alpha_bps_per_month":104.9020478524,"alpha_tstat":4.2551379153,"beta":-0.0345127408,"ir_ann":1.2537599119},"LS_pre_vt_alpha_vs_BOVA11":{"alpha_bps_per_month":103.4436791694,"alpha_tstat":4.0619055128,"beta":-0.042184771,"ir_ann":1.1910729042},"LS_net_alpha_vs_BOVA11":{"alpha_bps_per_month":110.1809795188,"alpha_tstat":4.3046009474,"beta":-0.0349728665,"ir_ann":1.3085128012},"LS_financing_assumptions":{"avg_short_gross":0.5,"avg_long_gross":0.5,"avg_carry":0.0037587769,"avg_borrow_cost":0.0032337948,"carry_multiplier":1.0,"borrow_cost_annual":0.08}}