{"LS":{"mean_monthly":0.0079146145,"tstat_monthly":3.0670143495,"hit_rate":0.6176470588,"max_drawdown":-0.1265106774,"capm_alpha":0.0082743429,"capm_alpha_t":3.3016615327,"capm_beta":-0.0726719945,"capm_ir_ann":1.0116041702,"capm_te_ann":0.098153129},"LS_vt":{"mean_monthly":0.0079146145,"tstat_monthly":3.0670143495,"hit_rate":0.6176470588,"max_drawdown":-0.1265106774,"capm_alpha":0.0082743429,"capm_alpha_t":3.3016615327,"capm_beta":-0.0726719945,"capm_ir_ann":1.0116041702,"capm_te_ann":0.098153129},"LS_pre_vt":{"mean_monthly":0.0064349016,"tstat_monthly":3.0544604702,"hit_rate":0.6176470588,"max_drawdown":-0.1071712251,"capm_alpha":0.006655955,"capm_alpha_t":3.2645176184,"capm_beta":-0.0446569869,"capm_ir_ann":0.9888185859,"capm_te_ann":0.0807746342},"D10":{"mean_monthly":0.0092372171,"tstat_monthly":1.4185681658,"mean_monthly_excess":0.0010326222,"tstat_monthly_excess":0.1581593552,"ann_sharpe_excess":0.0567437367,"hit_rate":0.5588235294,"max_drawdown":-0.4163625373},"LS_alpha_vs_BOVA11":{"alpha_bps_per_month":82.7434288861,"alpha_tstat":3.3016615327,"beta":-0.0726719945,"ir_ann":1.0116041702},"LS_vt_alpha_vs_BOVA11":{"alpha_bps_per_month":82.7434288861,"alpha_tstat":3.3016615327,"beta":-0.0726719945,"ir_ann":1.0116041702},"LS_pre_vt_alpha_vs_BOVA11":{"alpha_bps_per_month":66.5595496208,"alpha_tstat":3.2645176184,"beta":-0.0446569869,"ir_ann":0.9888185859}}