{"LS":{"mean_monthly":0.0087862032,"tstat_monthly":4.1501468454,"hit_rate":0.6553672316,"max_drawdown":-0.2063439292,"capm_alpha":0.00831426,"capm_alpha_t":3.879782755,"capm_beta":0.0745943826,"capm_ir_ann":0.9992989889,"capm_te_ann":0.0998411098},"LS_vt":{"mean_monthly":0.0087862032,"tstat_monthly":4.1501468454,"hit_rate":0.6553672316,"max_drawdown":-0.2063439292,"capm_alpha":0.00831426,"capm_alpha_t":3.879782755,"capm_beta":0.0745943826,"capm_ir_ann":0.9992989889,"capm_te_ann":0.0998411098},"LS_pre_vt":{"mean_monthly":0.0054603767,"tstat_monthly":4.2465740773,"hit_rate":0.6553672316,"max_drawdown":-0.1249193134,"capm_alpha":0.0051588972,"capm_alpha_t":3.9710924909,"capm_beta":0.0476512531,"capm_ir_ann":1.0574908852,"capm_te_ann":0.0585411816},"LS_net":{"mean_monthly":0.0098281482,"tstat_monthly":4.5472909051,"hit_rate":0.6666666667,"max_drawdown":-0.1674000786,"capm_alpha":0.0093574391,"capm_alpha_t":4.1758544111,"capm_beta":0.0743993322,"capm_ir_ann":1.1201617371,"capm_te_ann":0.1002438001},"D10":{"mean_monthly":0.009993438,"tstat_monthly":2.5300431685,"mean_monthly_excess":0.002364198,"tstat_monthly_excess":0.5830654068,"ann_sharpe_excess":0.125541314,"hit_rate":0.5875706215,"max_drawdown":-0.4418362354},"LS_alpha_vs_BOVA11":{"alpha_bps_per_month":83.1426000748,"alpha_tstat":3.879782755,"beta":0.0745943826,"ir_ann":0.9992989889},"LS_vt_alpha_vs_BOVA11":{"alpha_bps_per_month":83.1426000748,"alpha_tstat":3.879782755,"beta":0.0745943826,"ir_ann":0.9992989889},"LS_pre_vt_alpha_vs_BOVA11":{"alpha_bps_per_month":51.5889716385,"alpha_tstat":3.9710924909,"beta":0.0476512531,"ir_ann":1.0574908852},"LS_net_alpha_vs_BOVA11":{"alpha_bps_per_month":93.5743910587,"alpha_tstat":4.1758544111,"beta":0.0743993322,"ir_ann":1.1201617371},"LS_financing_assumptions":{"avg_short_gross":0.5,"avg_long_gross":0.5,"avg_carry":0.006455149,"avg_borrow_cost":0.0054132039,"carry_multiplier":1.0,"borrow_cost_annual":0.08}}