{"LS":{"mean_monthly":0.0083245627,"tstat_monthly":4.2351305612,"hit_rate":0.6195652174,"max_drawdown":-0.1528650008,"capm_alpha":0.008022594,"capm_alpha_t":4.0424915837,"capm_beta":0.0451680782,"capm_ir_ann":0.9263939899,"capm_te_ann":0.1039202855},"LS_vt":{"mean_monthly":0.0083245627,"tstat_monthly":4.2351305612,"hit_rate":0.6195652174,"max_drawdown":-0.1528650008,"capm_alpha":0.008022594,"capm_alpha_t":4.0424915837,"capm_beta":0.0451680782,"capm_ir_ann":0.9263939899,"capm_te_ann":0.1039202855},"LS_pre_vt":{"mean_monthly":0.0063395522,"tstat_monthly":3.7290472262,"hit_rate":0.6195652174,"max_drawdown":-0.1148922242,"capm_alpha":0.0060959,"capm_alpha_t":3.5879620338,"capm_beta":0.0364451607,"capm_ir_ann":0.8307658887,"capm_te_ann":0.0880522432},"LS_net":{"mean_monthly":0.0090913649,"tstat_monthly":4.3684554455,"hit_rate":0.6358695652,"max_drawdown":-0.1391304337,"capm_alpha":0.0087944468,"capm_alpha_t":4.1946830532,"capm_beta":0.044412609,"capm_ir_ann":1.0098089592,"capm_te_ann":0.1045082451},"D10":{"mean_monthly":0.0122865575,"tstat_monthly":2.3874770494,"mean_monthly_excess":0.0046218685,"tstat_monthly_excess":0.8928243775,"ann_sharpe_excess":0.2159718476,"hit_rate":0.5652173913,"max_drawdown":-0.4870498709},"dispersion_gate":{"mode":"quantile80","blocked_months":133,"total_months":184},"delisting_risk":{"avg_ls_weighted_multiplier":0.99887984,"avg_ls_weighted_score":0.0044806399,"avg_ls_flagged":0.1793478261,"avg_ls_high":0.0,"avg_universe_flagged":0.7336956522,"avg_universe_high":0.0,"avg_universe_multiplier":0.9984233837},"LS_alpha_vs_BOVA11":{"alpha_bps_per_month":80.2259399077,"alpha_tstat":4.0424915837,"beta":0.0451680782,"ir_ann":0.9263939899},"LS_vt_alpha_vs_BOVA11":{"alpha_bps_per_month":80.2259399077,"alpha_tstat":4.0424915837,"beta":0.0451680782,"ir_ann":0.9263939899},"LS_pre_vt_alpha_vs_BOVA11":{"alpha_bps_per_month":60.9590000418,"alpha_tstat":3.5879620338,"beta":0.0364451607,"ir_ann":0.8307658887},"LS_net_alpha_vs_BOVA11":{"alpha_bps_per_month":87.9444684919,"alpha_tstat":4.1946830532,"beta":0.044412609,"ir_ann":1.0098089592},"LS_financing_assumptions":{"avg_short_gross":0.5,"avg_long_gross":0.5,"avg_carry":0.0053758628,"avg_borrow_cost":0.0046090606,"carry_multiplier":1.0,"borrow_cost_annual":0.08}}