{
  "max_drawdown_full": -0.1528650008013146,
  "max_drawdown_12m": -0.02561602041884392,
  "max_drawdown_24m": -0.03783511092213121,
  "worst_month": -0.055452457696605444,
  "avg_ls_multiplier": 0.9988798400187373,
  "avg_ls_score": 0.00448063992505079,
  "last_ls_multiplier": 1.0,
  "last_ls_flagged": 0.0,
  "last_ls_high": 0.0
}