bps,D10_sharpe,D10_mean,D10_t,D10_alpha_bps,D10_alpha_t,LS_mean,LS_t,LS_alpha_bps,LS_alpha_t,LS_ir,LS_mean_vt,LS_t_vt,LS_alpha_bps_vt,LS_alpha_t_vt,LS_ir_vt,LS_maxDD_vt,LS_hit_vt,avg_turnover_D10,avg_turnover_LS
20,0.21233374235965702,0.012209881555046431,2.3699673315324703,59.58308624649786,1.7603575753293135,0.008979454751744477,4.320341306468089,86.8071210125906,4.1476106943861115,0.9974186067754216,0.00861751410918239,4.263681332172021,83.07095140836631,4.047524689082863,0.9620783746074021,-0.1628199758780131,0.6304347826086957,0.07667599269385947,0.11191019037413823
50,0.2068786807540769,0.012094867566005644,2.3437387211241454,58.40919355603199,1.7211770440793128,0.008811589466183269,4.246962739363891,85.10109979370034,4.075774470417809,0.978716574766782,0.008447949183552243,4.185450670770918,81.34615904665924,3.9715925251430155,0.943022866272893,-0.1628199758780131,0.6304347826086957,0.07667599269385947,0.11191019037413823
100,0.19779283751877458,0.011903177584270997,2.3001238572436478,56.452705738588854,1.6561690042055939,0.008531813990247925,4.121563481299691,82.25773109554994,3.952875290832645,0.9472487909306387,0.008165340974168666,4.051848201426371,78.47150511048078,3.841792751135404,0.9109469459291393,-0.162819975878013,0.6304347826086957,0.07667599269385947,0.11191019037413823
