{"LS":{"mean_monthly":0.0084031506,"tstat_monthly":3.6888431804,"hit_rate":0.6214689266,"max_drawdown":-0.2419239078,"capm_alpha":0.0091430418,"capm_alpha_t":4.3962218392,"capm_beta":-0.1169457021,"capm_ir_ann":1.1562720095,"capm_te_ann":0.0948881408},"LS_vt":{"mean_monthly":0.0084031506,"tstat_monthly":3.6888431804,"hit_rate":0.6214689266,"max_drawdown":-0.2419239078,"capm_alpha":0.0091430418,"capm_alpha_t":4.3962218392,"capm_beta":-0.1169457021,"capm_ir_ann":1.1562720095,"capm_te_ann":0.0948881408},"LS_pre_vt":{"mean_monthly":0.0053452087,"tstat_monthly":3.4397240472,"hit_rate":0.6214689266,"max_drawdown":-0.1871093968,"capm_alpha":0.0058380138,"capm_alpha_t":4.1857081608,"capm_beta":-0.0778917744,"capm_ir_ann":1.0782932749,"capm_te_ann":0.0649694914},"LS_net":{"mean_monthly":0.0093588912,"tstat_monthly":4.0039384903,"hit_rate":0.615819209,"max_drawdown":-0.2085702144,"capm_alpha":0.0101012004,"capm_alpha_t":4.6883086807,"capm_beta":-0.1173278809,"capm_ir_ann":1.2716784735,"capm_te_ann":0.0953184368},"D10":{"mean_monthly":0.0093590126,"tstat_monthly":2.3643965501,"mean_monthly_excess":0.0017297726,"tstat_monthly_excess":0.4196067858,"ann_sharpe_excess":0.0919099092,"hit_rate":0.5762711864,"max_drawdown":-0.4436849994},"dispersion_gate":{"mode":"quantile80","blocked_months":122,"total_months":177},"delisting_risk":{"avg_ls_weighted_multiplier":0.9981232691,"avg_ls_weighted_score":0.0075069235,"avg_ls_flagged":0.7740112994,"avg_ls_high":0.0,"avg_universe_flagged":1.1355932203,"avg_universe_high":0.0,"avg_universe_multiplier":0.9978720306},"LS_alpha_vs_BOVA11":{"alpha_bps_per_month":91.4304177059,"alpha_tstat":4.3962218392,"beta":-0.1169457021,"ir_ann":1.1562720095},"LS_vt_alpha_vs_BOVA11":{"alpha_bps_per_month":91.4304177059,"alpha_tstat":4.3962218392,"beta":-0.1169457021,"ir_ann":1.1562720095},"LS_pre_vt_alpha_vs_BOVA11":{"alpha_bps_per_month":58.3801380833,"alpha_tstat":4.1857081608,"beta":-0.0778917744,"ir_ann":1.0782932749},"LS_net_alpha_vs_BOVA11":{"alpha_bps_per_month":101.0120035283,"alpha_tstat":4.6883086807,"beta":-0.1173278809,"ir_ann":1.2716784735},"LS_financing_assumptions":{"avg_short_gross":0.5,"avg_long_gross":0.4985193862,"avg_carry":0.0057839529,"avg_borrow_cost":0.0048282122,"carry_multiplier":1.0,"borrow_cost_annual":0.08}}