{"LS":{"mean_monthly":0.0110051204,"tstat_monthly":3.0010989269,"hit_rate":0.6736842105,"max_drawdown":-0.1715418446,"capm_alpha":0.0112720546,"capm_alpha_t":3.2303769507,"capm_beta":-0.0642606726,"capm_ir_ann":1.3346664188,"capm_te_ann":0.1013471627},"LS_vt":{"mean_monthly":0.0110051204,"tstat_monthly":3.0010989269,"hit_rate":0.6736842105,"max_drawdown":-0.1715418446,"capm_alpha":0.0112720546,"capm_alpha_t":3.2303769507,"capm_beta":-0.0642606726,"capm_ir_ann":1.3346664188,"capm_te_ann":0.1013471627},"LS_pre_vt":{"mean_monthly":0.0116191854,"tstat_monthly":2.8275122722,"hit_rate":0.6736842105,"max_drawdown":-0.2260496312,"capm_alpha":0.0118918713,"capm_alpha_t":3.0682977067,"capm_beta":-0.0656453124,"capm_ir_ann":1.2143430705,"capm_te_ann":0.1175141182},"D10":{"mean_monthly":0.0098701335,"tstat_monthly":1.6101347656,"mean_monthly_excess":0.0016918032,"tstat_monthly_excess":0.2780886191,"ann_sharpe_excess":0.0931560335,"hit_rate":0.6,"max_drawdown":-0.3475382081},"LS_alpha_vs_BOVA11":{"alpha_bps_per_month":112.7205456091,"alpha_tstat":3.2303769507,"beta":-0.0642606726,"ir_ann":1.3346664188},"LS_vt_alpha_vs_BOVA11":{"alpha_bps_per_month":112.7205456091,"alpha_tstat":3.2303769507,"beta":-0.0642606726,"ir_ann":1.3346664188},"LS_pre_vt_alpha_vs_BOVA11":{"alpha_bps_per_month":118.9187125639,"alpha_tstat":3.0682977067,"beta":-0.0656453124,"ir_ann":1.2143430705}}