bps,D10_sharpe,D10_mean,D10_t,D10_alpha_bps,D10_alpha_t,LS_mean,LS_t,LS_alpha_bps,LS_alpha_t,LS_ir,LS_mean_vt,LS_t_vt,LS_alpha_bps_vt,LS_alpha_t_vt,LS_ir_vt,LS_maxDD_vt,LS_hit_vt,avg_turnover_D10,avg_turnover_LS
20,0.07825337388855538,0.009599229005453024,1.5666767387401155,61.85700024164468,1.4996960887861632,0.0106610105566502,2.90160141032803,109.27960423084106,3.1251022828595203,1.2931074274766632,0.010670204874378392,3.0227177679467045,109.3222373272939,3.2380654168060765,1.361021823287216,-0.15146564093239145,0.6736842105263158,0.27090449626053326,0.34410985927829696
50,0.05588906056795369,0.009192872261062225,1.5014016282116813,57.80992808429521,1.399990055318585,0.010144845767732754,2.7530327295304,104.11819216349065,2.9679738113596086,1.2308456687111784,0.010178902294207384,2.877923541519457,104.40526932392356,3.085360976677539,1.2988197282051102,-0.15441240911765997,0.6631578947368421,0.27090449626053326,0.34410985927829696
100,0.018588288116786856,0.008515611020410891,1.392378766835023,51.0648078220461,1.2342648598787922,0.009284571119537012,2.5072308701176693,95.51583871790659,2.7081867366337744,1.127289849748867,0.00936006466058904,2.637725495812562,96.21032265163963,2.8322565325564644,1.1953029198940304,-0.15930426722389202,0.631578947368421,0.27090449626053326,0.34410985927829696
