{"LS":{"mean_monthly":0.0110342644,"tstat_monthly":2.8779866509,"hit_rate":0.6736842105,"max_drawdown":-0.1608502158,"capm_alpha":0.0113517832,"capm_alpha_t":3.1489056132,"capm_beta":-0.076438208,"capm_ir_ann":1.3415800854,"capm_te_ann":0.1015380294},"LS_vt":{"mean_monthly":0.0110342644,"tstat_monthly":2.8779866509,"hit_rate":0.6736842105,"max_drawdown":-0.1608502158,"capm_alpha":0.0113517832,"capm_alpha_t":3.1489056132,"capm_beta":-0.076438208,"capm_ir_ann":1.3415800854,"capm_te_ann":0.1015380294},"LS_pre_vt":{"mean_monthly":0.0117633886,"tstat_monthly":2.7040834288,"hit_rate":0.6736842105,"max_drawdown":-0.2260603303,"capm_alpha":0.0121411976,"capm_alpha_t":3.0009674078,"capm_beta":-0.0909522383,"capm_ir_ann":1.2001204895,"capm_te_ann":0.1213997861},"D10":{"mean_monthly":0.0098283608,"tstat_monthly":1.5764578373,"mean_monthly_excess":0.0016500305,"tstat_monthly_excess":0.2667026854,"ann_sharpe_excess":0.0879751664,"hit_rate":0.6210526316,"max_drawdown":-0.3600420333},"LS_alpha_vs_BOVA11":{"alpha_bps_per_month":113.5178318382,"alpha_tstat":3.1489056132,"beta":-0.076438208,"ir_ann":1.3415800854},"LS_vt_alpha_vs_BOVA11":{"alpha_bps_per_month":113.5178318382,"alpha_tstat":3.1489056132,"beta":-0.076438208,"ir_ann":1.3415800854},"LS_pre_vt_alpha_vs_BOVA11":{"alpha_bps_per_month":121.411975599,"alpha_tstat":3.0009674078,"beta":-0.0909522383,"ir_ann":1.2001204895}}