bps,D10_sharpe,D10_mean,D10_t,D10_alpha_bps,D10_alpha_t,LS_mean,LS_t,LS_alpha_bps,LS_alpha_t,LS_ir,LS_mean_vt,LS_t_vt,LS_alpha_bps_vt,LS_alpha_t_vt,LS_ir_vt,LS_maxDD_vt,LS_hit_vt,avg_turnover_D10,avg_turnover_LS
20,0.0718733598225581,0.009526019637861946,1.529246937182246,60.5637508751444,1.4391449144648354,0.010655010153925278,2.7723415927374035,109.72658140229069,3.0360631702093817,1.2959238937684299,0.010722113121598306,2.8777413430638346,110.11742681381763,3.12274726655421,1.3754099106593667,-0.14115126901652975,0.6736842105263158,0.30234116760432544,0.3792542912711263
50,0.04770514201514511,0.009072507886455458,1.4582645137090484,56.04956978507099,1.3302429503447897,0.010086128717018588,2.614781649360778,104.03970574837929,2.8678035863269757,1.2275246077240256,0.010182375029818645,2.7256867962065536,104.72027048991596,2.961347764524437,1.3070507565926108,-0.1446080346852523,0.6631578947368421,0.30234116760432544,0.3792542912711263
100,0.007384283315288626,0.008316654967444643,1.3395230033793788,48.52593463494867,1.1492605051507603,0.009137992988840772,2.3545997292067646,94.56157965852698,2.590047150114524,1.1137653467307962,0.009282811543519207,2.473916700782255,95.72500995007992,2.6942183582911605,1.1932675507273072,-0.15034298876766983,0.6631578947368421,0.30234116760432544,0.3792542912711263
