{"LS":{"mean_monthly":0.0097061989,"tstat_monthly":3.0481300763,"hit_rate":0.6455696203,"max_drawdown":-0.1073070171,"capm_alpha":0.0103238856,"capm_alpha_t":3.3293085331,"capm_beta":-0.0800199318,"capm_ir_ann":1.2308620385,"capm_te_ann":0.1006502951},"LS_vt":{"mean_monthly":0.0097061989,"tstat_monthly":3.0481300763,"hit_rate":0.6455696203,"max_drawdown":-0.1073070171,"capm_alpha":0.0103238856,"capm_alpha_t":3.3293085331,"capm_beta":-0.0800199318,"capm_ir_ann":1.2308620385,"capm_te_ann":0.1006502951},"LS_pre_vt":{"mean_monthly":0.008486474,"tstat_monthly":3.0779968395,"hit_rate":0.6455696203,"max_drawdown":-0.0876625091,"capm_alpha":0.0090032606,"capm_alpha_t":3.3394204303,"capm_beta":-0.0669485431,"capm_ir_ann":1.2030178808,"capm_te_ann":0.0898067507},"D10":{"mean_monthly":0.0127975554,"tstat_monthly":1.7466015574,"mean_monthly_excess":0.0057357179,"tstat_monthly_excess":0.7485611404,"ann_sharpe_excess":0.2275303252,"hit_rate":0.5443037975,"max_drawdown":-0.4865209027},"LS_alpha_vs_BOVA11":{"alpha_bps_per_month":103.2388561263,"alpha_tstat":3.3293085331,"beta":-0.0800199318,"ir_ann":1.2308620385},"LS_vt_alpha_vs_BOVA11":{"alpha_bps_per_month":103.2388561263,"alpha_tstat":3.3293085331,"beta":-0.0800199318,"ir_ann":1.2308620385},"LS_pre_vt_alpha_vs_BOVA11":{"alpha_bps_per_month":90.0326057623,"alpha_tstat":3.3394204303,"beta":-0.0669485431,"ir_ann":1.2030178808}}