{"LS":{"mean_monthly":0.0098568453,"tstat_monthly":4.7163047606,"hit_rate":0.6723163842,"max_drawdown":-0.1869243345,"capm_alpha":0.0096665717,"capm_alpha_t":4.7002517163,"capm_beta":0.0300742687,"capm_ir_ann":1.1519500724,"capm_te_ann":0.1006978193},"LS_vt":{"mean_monthly":0.0098568453,"tstat_monthly":4.7163047606,"hit_rate":0.6723163842,"max_drawdown":-0.1869243345,"capm_alpha":0.0096665717,"capm_alpha_t":4.7002517163,"capm_beta":0.0300742687,"capm_ir_ann":1.1519500724,"capm_te_ann":0.1006978193},"LS_pre_vt":{"mean_monthly":0.0072378335,"tstat_monthly":4.6569634773,"hit_rate":0.6723163842,"max_drawdown":-0.147904543,"capm_alpha":0.0070815715,"capm_alpha_t":4.6526524304,"capm_beta":0.0246984613,"capm_ir_ann":1.1720257269,"capm_te_ann":0.0725059663},"LS_net":{"mean_monthly":0.010675018,"tstat_monthly":4.9732025807,"hit_rate":0.6949152542,"max_drawdown":-0.1680451979,"capm_alpha":0.0104869997,"capm_alpha_t":4.8614748974,"capm_beta":0.0297177935,"capm_ir_ann":1.244931989,"capm_te_ann":0.1010850374},"D10":{"mean_monthly":0.0112200953,"tstat_monthly":2.7041393829,"mean_monthly_excess":0.0035908553,"tstat_monthly_excess":0.8397193626,"ann_sharpe_excess":0.1857197097,"hit_rate":0.5988700565,"max_drawdown":-0.4422233931},"dispersion_gate":{"mode":"none","blocked_months":0,"total_months":177},"delisting_risk":{"avg_ls_weighted_multiplier":0.9981744777,"avg_ls_weighted_score":0.0073020891,"avg_ls_flagged":0.9774011299,"avg_ls_high":0.0,"avg_universe_flagged":1.1355932203,"avg_universe_high":0.0,"avg_universe_multiplier":0.9978720306},"LS_alpha_vs_BOVA11":{"alpha_bps_per_month":96.665716828,"alpha_tstat":4.7002517163,"beta":0.0300742687,"ir_ann":1.1519500724},"LS_vt_alpha_vs_BOVA11":{"alpha_bps_per_month":96.665716828,"alpha_tstat":4.7002517163,"beta":0.0300742687,"ir_ann":1.1519500724},"LS_pre_vt_alpha_vs_BOVA11":{"alpha_bps_per_month":70.8157148423,"alpha_tstat":4.6526524304,"beta":0.0246984613,"ir_ann":1.1720257269},"LS_net_alpha_vs_BOVA11":{"alpha_bps_per_month":104.8699971995,"alpha_tstat":4.8614748974,"beta":0.0297177935,"ir_ann":1.244931989},"LS_financing_assumptions":{"avg_short_gross":0.5,"avg_long_gross":0.4999935511,"avg_carry":0.0053014392,"avg_borrow_cost":0.0044832665,"carry_multiplier":1.0,"borrow_cost_annual":0.08}}