{"LS":{"mean_monthly":0.0118597057,"tstat_monthly":3.3341235634,"hit_rate":0.6631578947,"max_drawdown":-0.1274986294,"capm_alpha":0.0122925199,"capm_alpha_t":3.7311566911,"capm_beta":-0.1041939861,"capm_ir_ann":1.4901454626,"capm_te_ann":0.0989904966},"LS_vt":{"mean_monthly":0.0118597057,"tstat_monthly":3.3341235634,"hit_rate":0.6631578947,"max_drawdown":-0.1274986294,"capm_alpha":0.0122925199,"capm_alpha_t":3.7311566911,"capm_beta":-0.1041939861,"capm_ir_ann":1.4901454626,"capm_te_ann":0.0989904966},"LS_pre_vt":{"mean_monthly":0.0126040188,"tstat_monthly":3.2191976866,"hit_rate":0.6631578947,"max_drawdown":-0.1704830066,"capm_alpha":0.0130912903,"capm_alpha_t":3.6240603438,"capm_beta":-0.1173037989,"capm_ir_ann":1.3886233205,"capm_te_ann":0.1131303795},"D10":{"mean_monthly":0.0101479399,"tstat_monthly":1.6557213337,"mean_monthly_excess":0.0019696096,"tstat_monthly_excess":0.3249785169,"ann_sharpe_excess":0.1061208336,"hit_rate":0.6105263158,"max_drawdown":-0.340222071},"LS_alpha_vs_BOVA11":{"alpha_bps_per_month":122.9251994325,"alpha_tstat":3.7311566911,"beta":-0.1041939861,"ir_ann":1.4901454626},"LS_vt_alpha_vs_BOVA11":{"alpha_bps_per_month":122.9251994325,"alpha_tstat":3.7311566911,"beta":-0.1041939861,"ir_ann":1.4901454626},"LS_pre_vt_alpha_vs_BOVA11":{"alpha_bps_per_month":130.9129026949,"alpha_tstat":3.6240603438,"beta":-0.1173037989,"ir_ann":1.3886233205}}