bps,D10_sharpe,D10_mean,D10_t,D10_alpha_bps,D10_alpha_t,LS_mean,LS_t,LS_alpha_bps,LS_alpha_t,LS_ir,LS_mean_vt,LS_t_vt,LS_alpha_bps_vt,LS_alpha_t_vt,LS_ir_vt,LS_maxDD_vt,LS_hit_vt,avg_turnover_D10,avg_turnover_LS
20,0.09028418566189733,0.009853542441258602,1.6087704976109405,63.44951597952562,1.6142439904449652,0.011487957843443444,3.222475473098627,119.21302950733104,3.6103681827352285,1.444569776093321,0.011459651189107118,3.2847712699876155,118.65417150362869,3.6506709024639785,1.4984283735063708,-0.11358247602124061,0.6631578947368421,0.2943974841807658,0.3717478840510485
50,0.06651236158648964,0.009411946214987449,1.5382070396644953,59.05933224409596,1.499997402559007,0.01093033601736687,3.055879650638467,113.64477461951765,3.4301384295185215,1.3762458934182344,0.010923261502174429,3.122723379035201,113.2967245798542,3.476061913716431,1.4301446356897802,-0.11698901733189804,0.6526315789473685,0.2943974841807658,0.3717478840510485
100,0.026848432225047663,0.008675952504535536,1.4202416025332838,51.7423593517132,1.3103619954250827,0.01000096630723925,2.7805544100410065,104.36434980649528,3.132297463446975,1.262490903384117,0.010029278690619946,2.8544116774895487,104.36764637356346,3.1870510539237467,1.3163955665000788,-0.12264179573396217,0.6421052631578947,0.2943974841807658,0.3717478840510485
