bps,D10_sharpe,D10_mean,D10_t,D10_alpha_bps,D10_alpha_t,LS_mean,LS_t,LS_alpha_bps,LS_alpha_t,LS_ir,LS_mean_vt,LS_t_vt,LS_alpha_bps_vt,LS_alpha_t_vt,LS_ir_vt,LS_maxDD_vt,LS_hit_vt,avg_turnover_D10,avg_turnover_LS
20,0.0607464146019975,0.00885046703456468,2.1489742208468807,23.346902666636048,1.1993432754140707,0.006031236906340438,2.9981245624593007,54.00189122754296,2.671331759842386,0.6669360285116962,0.005827286887003646,2.8251218906521043,50.82036331016211,2.4409067491883647,0.5928872466919298,-0.18113678758384255,0.5815217391304348,0.1057807011224519,0.20764835879347646
50,0.0526171735988909,0.008691795982880998,2.110331743710183,21.757195722138253,1.1187412224252908,0.005719764368150223,2.8400633556044483,50.87138645031192,2.5130657829903935,0.6281724918432001,0.005489767073088465,2.653364917162204,47.41960753603393,2.2703938526693377,0.5530562489989368,-0.2019828630634677,0.5760869565217391,0.1057807011224519,0.20764835879347646
100,0.03906883850049059,0.008427344230074874,2.045927669713703,19.107684147975334,0.9840452887986197,0.0052006434711665325,2.577178680394256,45.653878488260155,2.250036926593929,0.563577372617684,0.0049272340498964975,2.369052185809301,41.751681245820286,1.9882869079038363,0.48670087156590325,-0.23557407682552023,0.5760869565217391,0.1057807011224519,0.20764835879347646
