{"LS":{"mean_monthly":0.0090488434,"tstat_monthly":5.2500753699,"hit_rate":0.625,"max_drawdown":-0.1316246031,"capm_alpha":0.0084460331,"capm_alpha_t":4.4957766882,"capm_beta":0.0901675564,"capm_ir_ann":1.0445165654,"capm_te_ann":0.0970328289},"LS_vt":{"mean_monthly":0.0090488434,"tstat_monthly":5.2500753699,"hit_rate":0.625,"max_drawdown":-0.1316246031,"capm_alpha":0.0084460331,"capm_alpha_t":4.4957766882,"capm_beta":0.0901675564,"capm_ir_ann":1.0445165654,"capm_te_ann":0.0970328289},"LS_pre_vt":{"mean_monthly":0.0065946715,"tstat_monthly":5.2192459625,"hit_rate":0.625,"max_drawdown":-0.0917265251,"capm_alpha":0.0061371285,"capm_alpha_t":4.4985501463,"capm_beta":0.0684386648,"capm_ir_ann":1.0671460074,"capm_te_ann":0.0690116827},"LS_net":{"mean_monthly":0.0098994387,"tstat_monthly":5.4861250792,"hit_rate":0.6141304348,"max_drawdown":-0.1381648332,"capm_alpha":0.0093017186,"capm_alpha_t":4.6747442307,"capm_beta":0.0894061549,"capm_ir_ann":1.1428096212,"capm_te_ann":0.0976721071},"D10":{"mean_monthly":0.010791287,"tstat_monthly":2.5411896788,"mean_monthly_excess":0.0031265979,"tstat_monthly_excess":0.7138917045,"ann_sharpe_excess":0.1560383106,"hit_rate":0.5597826087,"max_drawdown":-0.4581043628},"dispersion_gate":{"mode":"none","blocked_months":0,"total_months":184},"delisting_risk":{"avg_ls_weighted_multiplier":0.9987773811,"avg_ls_weighted_score":0.0048904757,"avg_ls_flagged":0.402173913,"avg_ls_high":0.0,"avg_universe_flagged":0.7336956522,"avg_universe_high":0.0,"avg_universe_multiplier":0.9984226814},"LS_alpha_vs_BOVA11":{"alpha_bps_per_month":84.4603309493,"alpha_tstat":4.4957766882,"beta":0.0901675564,"ir_ann":1.0445165654},"LS_vt_alpha_vs_BOVA11":{"alpha_bps_per_month":84.4603309493,"alpha_tstat":4.4957766882,"beta":0.0901675564,"ir_ann":1.0445165654},"LS_pre_vt_alpha_vs_BOVA11":{"alpha_bps_per_month":61.3712847347,"alpha_tstat":4.4985501463,"beta":0.0684386648,"ir_ann":1.0671460074},"LS_net_alpha_vs_BOVA11":{"alpha_bps_per_month":93.0171864728,"alpha_tstat":4.6747442307,"beta":0.0894061549,"ir_ann":1.1428096212},"LS_financing_assumptions":{"avg_short_gross":0.5,"avg_long_gross":0.49999353,"avg_carry":0.0054008077,"avg_borrow_cost":0.0045502124,"carry_multiplier":1.0,"borrow_cost_annual":0.08}}