{"LS":{"mean_monthly":0.0092830647,"tstat_monthly":4.7269021421,"hit_rate":0.6195652174,"max_drawdown":-0.1428683296,"capm_alpha":0.0096186164,"capm_alpha_t":5.0053079368,"capm_beta":-0.0501913653,"capm_ir_ann":1.1531945413,"capm_te_ann":0.1000901344},"LS_vt":{"mean_monthly":0.0092830647,"tstat_monthly":4.7269021421,"hit_rate":0.6195652174,"max_drawdown":-0.1428683296,"capm_alpha":0.0096186164,"capm_alpha_t":5.0053079368,"capm_beta":-0.0501913653,"capm_ir_ann":1.1531945413,"capm_te_ann":0.1000901344},"LS_pre_vt":{"mean_monthly":0.0077764697,"tstat_monthly":4.8160262378,"hit_rate":0.6195652174,"max_drawdown":-0.1040927259,"capm_alpha":0.0079986315,"capm_alpha_t":5.0693254435,"capm_beta":-0.0332306609,"capm_ir_ann":1.1598277845,"capm_te_ann":0.0827567502},"LS_net":{"mean_monthly":0.0099148169,"tstat_monthly":4.8590523981,"hit_rate":0.6467391304,"max_drawdown":-0.1928235013,"capm_alpha":0.0102553974,"capm_alpha_t":5.1574104204,"capm_beta":-0.0509435747,"capm_ir_ann":1.2234614375,"capm_te_ann":0.1005873704},"D10":{"mean_monthly":0.0108278979,"tstat_monthly":2.2587519612,"mean_monthly_excess":0.0031632089,"tstat_monthly_excess":0.6453237029,"ann_sharpe_excess":0.1473467279,"hit_rate":0.5489130435,"max_drawdown":-0.487709738},"LS_alpha_vs_BOVA11":{"alpha_bps_per_month":96.1861638595,"alpha_tstat":5.0053079368,"beta":-0.0501913653,"ir_ann":1.1531945413},"LS_vt_alpha_vs_BOVA11":{"alpha_bps_per_month":96.1861638595,"alpha_tstat":5.0053079368,"beta":-0.0501913653,"ir_ann":1.1531945413},"LS_pre_vt_alpha_vs_BOVA11":{"alpha_bps_per_month":79.9863151545,"alpha_tstat":5.0693254435,"beta":-0.0332306609,"ir_ann":1.1598277845},"LS_net_alpha_vs_BOVA11":{"alpha_bps_per_month":102.5539740145,"alpha_tstat":5.1574104204,"beta":-0.0509435747,"ir_ann":1.2234614375},"LS_financing_assumptions":{"avg_short_gross":0.5,"avg_long_gross":0.4999606175,"avg_carry":0.0046208673,"avg_borrow_cost":0.0039891151,"carry_multiplier":1.0,"borrow_cost_annual":0.08}}