{
  "max_drawdown_full": -0.2131282742926327,
  "max_drawdown_12m": -0.09748067086810974,
  "max_drawdown_24m": -0.09748067086810985,
  "worst_month": -0.09748067086810974,
  "avg_ls_multiplier": 0.9988732424286625,
  "avg_ls_score": 0.004507030285349536,
  "last_ls_multiplier": 0.9985747139944715,
  "last_ls_flagged": 1.0,
  "last_ls_high": 0.0
}