bps,D10_sharpe,D10_mean,D10_t,D10_alpha_bps,D10_alpha_t,LS_mean,LS_t,LS_alpha_bps,LS_alpha_t,LS_ir,LS_mean_vt,LS_t_vt,LS_alpha_bps_vt,LS_alpha_t_vt,LS_ir_vt,LS_maxDD_vt,LS_hit_vt,avg_turnover_D10,avg_turnover_LS
20,0.060542487560779366,0.0088471248443189,2.1488007231117114,23.290457735299384,1.1956173273663342,0.006049149331411789,3.0028371464976287,54.16084527766666,2.676153071175182,0.6691730778524515,0.005853160563608189,2.8302140227902104,51.06414496317682,2.446417295353841,0.5954701348860153,-0.18113678758384244,0.5815217391304348,0.10592627539307564,0.2067678536793871
50,0.052406343244859405,0.008688235431229286,2.110075659499851,21.698461414821505,1.1149362202571163,0.005738997550892709,2.8450099429107985,51.04347715197952,2.5180712579219144,0.6305338479086313,0.00551654024446685,2.6589274875922757,47.67228637817048,2.2763532671545743,0.5557471005823956,-0.20198286306346835,0.5760869565217391,0.10592627539307564,0.2067678536793871
100,0.03884658268745674,0.0084234197427466,2.0455355230168886,19.045134214025072,0.9801130540073731,0.005222077916694241,2.5826629677431483,45.847863609167625,2.2555191076666072,0.5661514332404215,0.004955506379231282,2.37549396403728,42.01918873649322,1.995105617547361,0.48957509444324515,-0.23557407682552023,0.5760869565217391,0.10592627539307564,0.2067678536793871
