{"LS":{"mean_monthly":0.0050930576,"tstat_monthly":2.4794572942,"hit_rate":0.5706521739,"max_drawdown":-0.2131282743,"capm_alpha":0.0044520103,"capm_alpha_t":2.1583458651,"capm_beta":0.0958869785,"capm_ir_ann":0.5492356092,"capm_te_ann":0.0972699572},"LS_vt":{"mean_monthly":0.0050930576,"tstat_monthly":2.4794572942,"hit_rate":0.5706521739,"max_drawdown":-0.2131282743,"capm_alpha":0.0044520103,"capm_alpha_t":2.1583458651,"capm_beta":0.0958869785,"capm_ir_ann":0.5492356092,"capm_te_ann":0.0972699572},"LS_pre_vt":{"mean_monthly":0.0020894726,"tstat_monthly":2.2702620862,"hit_rate":0.5706521739,"max_drawdown":-0.1161873289,"capm_alpha":0.0017967159,"capm_alpha_t":1.9302130525,"capm_beta":0.0437901539,"capm_ir_ann":0.4842825074,"capm_te_ann":0.0445206878},"LS_net":{"mean_monthly":0.0062559172,"tstat_monthly":3.1082174731,"hit_rate":0.5815217391,"max_drawdown":-0.1306895814,"capm_alpha":0.0056239091,"capm_alpha_t":2.7817590561,"capm_beta":0.0945349239,"capm_ir_ann":0.6949356578,"capm_te_ann":0.0971124565},"D10":{"mean_monthly":0.0089530511,"tstat_monthly":2.1746176944,"mean_monthly_excess":0.0012883621,"tstat_monthly_excess":0.3024860763,"ann_sharpe_excess":0.0659666951,"hit_rate":0.5434782609,"max_drawdown":-0.4399871388},"dispersion_gate":{"mode":"none","blocked_months":0,"total_months":184},"delisting_risk":{"avg_ls_weighted_multiplier":0.9988732424,"avg_ls_weighted_score":0.0045070303,"avg_ls_flagged":0.7336956522,"avg_ls_high":0.0,"avg_universe_flagged":0.7336956522,"avg_universe_high":0.0,"avg_universe_multiplier":0.9984233837},"LS_alpha_vs_BOVA11":{"alpha_bps_per_month":44.5201034919,"alpha_tstat":2.1583458651,"beta":0.0958869785,"ir_ann":0.5492356092},"LS_vt_alpha_vs_BOVA11":{"alpha_bps_per_month":44.5201034919,"alpha_tstat":2.1583458651,"beta":0.0958869785,"ir_ann":0.5492356092},"LS_pre_vt_alpha_vs_BOVA11":{"alpha_bps_per_month":17.9671586021,"alpha_tstat":1.9302130525,"beta":0.0437901539,"ir_ann":0.4842825074},"LS_net_alpha_vs_BOVA11":{"alpha_bps_per_month":56.2390906948,"alpha_tstat":2.7817590561,"beta":0.0945349239,"ir_ann":0.6949356578},"LS_financing_assumptions":{"avg_short_gross":0.5,"avg_long_gross":0.5,"avg_carry":0.0082823371,"avg_borrow_cost":0.0071194775,"carry_multiplier":1.0,"borrow_cost_annual":0.08}}