{"LS":{"mean_monthly":0.005172262,"tstat_monthly":2.2672472396,"hit_rate":0.5882352941,"max_drawdown":-0.1395929504,"capm_alpha":0.0049697579,"capm_alpha_t":2.1297972788,"capm_beta":0.0409096876,"capm_ir_ann":0.6009480078,"capm_te_ann":0.0992383592},"LS_vt":{"mean_monthly":0.005172262,"tstat_monthly":2.2672472396,"hit_rate":0.5882352941,"max_drawdown":-0.1395929504,"capm_alpha":0.0049697579,"capm_alpha_t":2.1297972788,"capm_beta":0.0409096876,"capm_ir_ann":0.6009480078,"capm_te_ann":0.0992383592},"LS_pre_vt":{"mean_monthly":0.0062636445,"tstat_monthly":2.4334229168,"hit_rate":0.5882352941,"max_drawdown":-0.1545195842,"capm_alpha":0.0060206695,"capm_alpha_t":2.3313483079,"capm_beta":0.0490855662,"capm_ir_ann":0.6423575925,"capm_te_ann":0.1124732313},"D10":{"mean_monthly":0.0087942993,"tstat_monthly":1.0539307139,"mean_monthly_excess":0.0005897044,"tstat_monthly_excess":0.070665753,"ann_sharpe_excess":0.0265254854,"hit_rate":0.5588235294,"max_drawdown":-0.589599795},"LS_alpha_vs_BOVA11":{"alpha_bps_per_month":49.6975785561,"alpha_tstat":2.1297972788,"beta":0.0409096876,"ir_ann":0.6009480078},"LS_vt_alpha_vs_BOVA11":{"alpha_bps_per_month":49.6975785561,"alpha_tstat":2.1297972788,"beta":0.0409096876,"ir_ann":0.6009480078},"LS_pre_vt_alpha_vs_BOVA11":{"alpha_bps_per_month":60.2066950832,"alpha_tstat":2.3313483079,"beta":0.0490855662,"ir_ann":0.6423575925}}