{"LS":{"mean_monthly":0.0122372612,"tstat_monthly":3.4325895791,"hit_rate":0.6736842105,"max_drawdown":-0.1243926565,"capm_alpha":0.0126309516,"capm_alpha_t":3.796744822,"capm_beta":-0.0947754684,"capm_ir_ann":1.5227719852,"capm_te_ann":0.0995365169},"LS_vt":{"mean_monthly":0.0122372612,"tstat_monthly":3.4325895791,"hit_rate":0.6736842105,"max_drawdown":-0.1243926565,"capm_alpha":0.0126309516,"capm_alpha_t":3.796744822,"capm_beta":-0.0947754684,"capm_ir_ann":1.5227719852,"capm_te_ann":0.0995365169},"LS_pre_vt":{"mean_monthly":0.0131210389,"tstat_monthly":3.3362621782,"hit_rate":0.6736842105,"max_drawdown":-0.1703951442,"capm_alpha":0.0135686885,"capm_alpha_t":3.7129309034,"capm_beta":-0.107765396,"capm_ir_ann":1.419325975,"capm_te_ann":0.1147194268},"D10":{"mean_monthly":0.0100889145,"tstat_monthly":1.6402178002,"mean_monthly_excess":0.0019105842,"tstat_monthly_excess":0.3142393244,"ann_sharpe_excess":0.1031994489,"hit_rate":0.6105263158,"max_drawdown":-0.3410287795},"LS_alpha_vs_BOVA11":{"alpha_bps_per_month":126.3095161391,"alpha_tstat":3.796744822,"beta":-0.0947754684,"ir_ann":1.5227719852},"LS_vt_alpha_vs_BOVA11":{"alpha_bps_per_month":126.3095161391,"alpha_tstat":3.796744822,"beta":-0.0947754684,"ir_ann":1.5227719852},"LS_pre_vt_alpha_vs_BOVA11":{"alpha_bps_per_month":135.6868852506,"alpha_tstat":3.7129309034,"beta":-0.107765396,"ir_ann":1.419325975}}