bps,D10_sharpe,D10_mean,D10_t,D10_alpha_bps,D10_alpha_t,LS_mean,LS_t,LS_alpha_bps,LS_alpha_t,LS_ir,LS_mean_vt,LS_t_vt,LS_alpha_bps_vt,LS_alpha_t_vt,LS_ir_vt,LS_maxDD_vt,LS_hit_vt,avg_turnover_D10,avg_turnover_LS
20,0.08741046997300758,0.009796124639159914,1.5937088324808584,62.961982007219895,1.5828680643359991,0.011870597816147653,3.3226948222849133,122.64771143636592,3.6788278369125793,1.4780759790996476,0.01181171095298333,3.3684819539488893,121.73410392072493,3.69579342729285,1.5307995186668995,-0.10953526483306675,0.6736842105263158,0.29278985204681784,0.3666634172926543
50,0.0637091739106512,0.009356939861089686,1.5238068779697582,58.59600461326553,1.4705923156082916,0.01132060269020867,3.1586717276500775,117.15500438230534,3.502828128604073,1.4110656749960437,0.011282729228404433,3.2095309096598443,116.45043364771082,3.525996898675857,1.463793750325463,-0.11291328321816474,0.6736842105263158,0.29278985204681784,0.3666634172926543
100,0.024160189691023976,0.008624965230972639,1.4069405668198933,51.31937562334165,1.2842312211820803,0.010403944146977036,2.887485188906125,108.00049262553767,3.2118351256134283,1.2994837248270512,0.01040109302077294,2.9462373544877956,107.64431652602076,3.24482708767872,1.3521546993489557,-0.11851904600581054,0.6526315789473685,0.29278985204681784,0.3666634172926543
