{"LS":{"mean_monthly":0.0092819666,"tstat_monthly":3.622474774,"hit_rate":0.6723163842,"max_drawdown":-0.1508687502,"capm_alpha":0.0103585225,"capm_alpha_t":4.4622187175,"capm_beta":-0.1701582509,"capm_ir_ann":1.2526863163,"capm_te_ann":0.0992285687},"LS_vt":{"mean_monthly":0.0092819666,"tstat_monthly":3.622474774,"hit_rate":0.6723163842,"max_drawdown":-0.1508687502,"capm_alpha":0.0103585225,"capm_alpha_t":4.4622187175,"capm_beta":-0.1701582509,"capm_ir_ann":1.2526863163,"capm_te_ann":0.0992285687},"LS_pre_vt":{"mean_monthly":0.0094561633,"tstat_monthly":3.3320169519,"hit_rate":0.6723163842,"max_drawdown":-0.198664823,"capm_alpha":0.0106313368,"capm_alpha_t":4.1487224371,"capm_beta":-0.1857455571,"capm_ir_ann":1.0775522511,"capm_te_ann":0.1183942977},"LS_net":{"mean_monthly":0.0098116985,"tstat_monthly":3.7962504169,"hit_rate":0.6836158192,"max_drawdown":-0.1391468352,"capm_alpha":0.0108912148,"capm_alpha_t":4.6474393208,"capm_beta":-0.1706261641,"capm_ir_ann":1.3150570645,"capm_te_ann":0.0993831987},"D10":{"mean_monthly":0.0121938581,"tstat_monthly":2.5715607224,"mean_monthly_excess":0.0045646181,"tstat_monthly_excess":0.9304715517,"ann_sharpe_excess":0.2093958299,"hit_rate":0.5875706215,"max_drawdown":-0.4726954716},"dispersion_gate":{"mode":"quantile60","blocked_months":90,"total_months":177},"LS_alpha_vs_BOVA11":{"alpha_bps_per_month":103.5852251985,"alpha_tstat":4.4622187175,"beta":-0.1701582509,"ir_ann":1.2526863163},"LS_vt_alpha_vs_BOVA11":{"alpha_bps_per_month":103.5852251985,"alpha_tstat":4.4622187175,"beta":-0.1701582509,"ir_ann":1.2526863163},"LS_pre_vt_alpha_vs_BOVA11":{"alpha_bps_per_month":106.3133683425,"alpha_tstat":4.1487224371,"beta":-0.1857455571,"ir_ann":1.0775522511},"LS_net_alpha_vs_BOVA11":{"alpha_bps_per_month":108.9121479263,"alpha_tstat":4.6474393208,"beta":-0.1706261641,"ir_ann":1.3150570645},"LS_financing_assumptions":{"avg_short_gross":0.5,"avg_long_gross":0.4998362401,"avg_carry":0.0033674352,"avg_borrow_cost":0.0028377033,"carry_multiplier":1.0,"borrow_cost_annual":0.08}}