bps,D10_sharpe,D10_mean,D10_t,D10_alpha_bps,D10_alpha_t,LS_mean,LS_t,LS_alpha_bps,LS_alpha_t,LS_ir,LS_mean_vt,LS_t_vt,LS_alpha_bps_vt,LS_alpha_t_vt,LS_ir_vt,LS_maxDD_vt,LS_hit_vt,avg_turnover_D10,avg_turnover_LS
20,0.0639634403999542,0.009384097743026513,1.4910992784415213,58.80503799557294,1.3959636499743735,0.010456866688760124,2.7732903995466898,107.60010025319096,3.0302140634909627,1.2786856726593427,0.01051548702374229,2.879085510092529,107.95985150482862,3.121562869989346,1.3506467645089233,-0.14115658026231648,0.6631578947368421,0.29726460673829086,0.36815469360855724
50,0.04032712784504966,0.008938200832919076,1.4219220071721743,54.36946186834238,1.2894144794118114,0.009904634648347288,2.6171961442163867,102.08320191154523,2.8639057086321054,1.2118507720955514,0.009988866883105726,2.7272200728893146,102.69693411795937,2.960557575892902,1.2837434130838135,-0.1444972287052294,0.6631578947368421,0.29726460673829086,0.36815469360855724
100,0.0008874013968393707,0.008195039316073351,1.3062291938750779,46.976834989624756,1.11223311566256,0.008984247914325895,2.3594469815306147,92.88837134213574,2.58937717678514,1.100700238538352,0.009111166648711451,2.4758676305039162,93.92540513984403,2.6941844542947053,1.1724059221892926,-0.15004038460138158,0.6526315789473685,0.29726460673829086,0.36815469360855724
