{"LS":{"mean_monthly":0.0108250214,"tstat_monthly":2.8779554133,"hit_rate":0.6631578947,"max_drawdown":-0.1588995815,"capm_alpha":0.0111278032,"capm_alpha_t":3.1417494597,"capm_beta":-0.0728905114,"capm_ir_ann":1.3232990797,"capm_te_ann":0.100909644},"LS_vt":{"mean_monthly":0.0108250214,"tstat_monthly":2.8779554133,"hit_rate":0.6631578947,"max_drawdown":-0.1588995815,"capm_alpha":0.0111278032,"capm_alpha_t":3.1417494597,"capm_beta":-0.0728905114,"capm_ir_ann":1.3232990797,"capm_te_ann":0.100909644},"LS_pre_vt":{"mean_monthly":0.0115106005,"tstat_monthly":2.7141781172,"hit_rate":0.6631578947,"max_drawdown":-0.2160492061,"capm_alpha":0.0118658162,"capm_alpha_t":2.9998693898,"capm_beta":-0.0855132108,"capm_ir_ann":1.1994024749,"capm_te_ann":0.1187172756},"D10":{"mean_monthly":0.0096813623,"tstat_monthly":1.5371170411,"mean_monthly_excess":0.001503032,"tstat_monthly_excess":0.2402779421,"ann_sharpe_excess":0.0797093427,"hit_rate":0.6105263158,"max_drawdown":-0.3613686399},"LS_alpha_vs_BOVA11":{"alpha_bps_per_month":111.278032481,"alpha_tstat":3.1417494597,"beta":-0.0728905114,"ir_ann":1.3232990797},"LS_vt_alpha_vs_BOVA11":{"alpha_bps_per_month":111.278032481,"alpha_tstat":3.1417494597,"beta":-0.0728905114,"ir_ann":1.3232990797},"LS_pre_vt_alpha_vs_BOVA11":{"alpha_bps_per_month":118.6581617647,"alpha_tstat":2.9998693898,"beta":-0.0855132108,"ir_ann":1.1994024749}}