{"LS":{"mean_monthly":0.0093861182,"tstat_monthly":4.7905006172,"hit_rate":0.625,"max_drawdown":-0.1459789783,"capm_alpha":0.0097483534,"capm_alpha_t":5.0902514885,"capm_beta":-0.0541826612,"capm_ir_ann":1.1705938427,"capm_te_ann":0.0999323906},"LS_vt":{"mean_monthly":0.0093861182,"tstat_monthly":4.7905006172,"hit_rate":0.625,"max_drawdown":-0.1459789783,"capm_alpha":0.0097483534,"capm_alpha_t":5.0902514885,"capm_beta":-0.0541826612,"capm_ir_ann":1.1705938427,"capm_te_ann":0.0999323906},"LS_pre_vt":{"mean_monthly":0.0078234982,"tstat_monthly":4.8799572235,"hit_rate":0.625,"max_drawdown":-0.105472747,"capm_alpha":0.0080690313,"capm_alpha_t":5.1510549125,"capm_beta":-0.0367265195,"capm_ir_ann":1.176142171,"capm_te_ann":0.0823271016},"LS_net":{"mean_monthly":0.0100216134,"tstat_monthly":4.909623442,"hit_rate":0.6467391304,"max_drawdown":-0.1961349378,"capm_alpha":0.0103888753,"capm_alpha_t":5.2268290668,"capm_beta":-0.0549345414,"capm_ir_ann":1.2410007146,"capm_te_ann":0.1004564322},"D10":{"mean_monthly":0.0108421037,"tstat_monthly":2.26308231,"mean_monthly_excess":0.0031774146,"tstat_monthly_excess":0.6485504769,"ann_sharpe_excess":0.1481521744,"hit_rate":0.5489130435,"max_drawdown":-0.487709738},"dispersion_gate":{"mode":"none","blocked_months":0,"total_months":184},"delisting_risk":{"avg_ls_weighted_multiplier":0.9985153201,"avg_ls_weighted_score":0.0059387196,"avg_ls_flagged":0.2880434783,"avg_ls_high":0.0,"avg_universe_flagged":0.7336956522,"avg_universe_high":0.0,"avg_universe_multiplier":0.9984226814},"LS_alpha_vs_BOVA11":{"alpha_bps_per_month":97.4835342519,"alpha_tstat":5.0902514885,"beta":-0.0541826612,"ir_ann":1.1705938427},"LS_vt_alpha_vs_BOVA11":{"alpha_bps_per_month":97.4835342519,"alpha_tstat":5.0902514885,"beta":-0.0541826612,"ir_ann":1.1705938427},"LS_pre_vt_alpha_vs_BOVA11":{"alpha_bps_per_month":80.6903133244,"alpha_tstat":5.1510549125,"beta":-0.0367265195,"ir_ann":1.176142171},"LS_net_alpha_vs_BOVA11":{"alpha_bps_per_month":103.8887534379,"alpha_tstat":5.2268290668,"beta":-0.0549345414,"ir_ann":1.2410007146},"LS_financing_assumptions":{"avg_short_gross":0.5,"avg_long_gross":0.4999606175,"avg_carry":0.0046425827,"avg_borrow_cost":0.0040070874,"carry_multiplier":1.0,"borrow_cost_annual":0.08}}