{
  "max_drawdown_full": -0.1459789782682408,
  "max_drawdown_12m": -0.0681799679764099,
  "max_drawdown_24m": -0.0681799679764098,
  "worst_month": -0.06817996797640988,
  "avg_ls_multiplier": 0.9985153201075468,
  "avg_ls_score": 0.0059387195698127546,
  "last_ls_multiplier": 1.0,
  "last_ls_flagged": 0.0,
  "last_ls_high": 0.0
}