{"LS":{"mean_monthly":0.010241769,"tstat_monthly":2.5569388945,"hit_rate":0.6421052632,"max_drawdown":-0.1690016693,"capm_alpha":0.0105309685,"capm_alpha_t":2.8030328036,"capm_beta":-0.0696207483,"capm_ir_ann":1.2244378817,"capm_te_ann":0.1032078674},"LS_vt":{"mean_monthly":0.010241769,"tstat_monthly":2.5569388945,"hit_rate":0.6421052632,"max_drawdown":-0.1690016693,"capm_alpha":0.0105309685,"capm_alpha_t":2.8030328036,"capm_beta":-0.0696207483,"capm_ir_ann":1.2244378817,"capm_te_ann":0.1032078674},"LS_pre_vt":{"mean_monthly":0.0114769545,"tstat_monthly":2.3610409495,"hit_rate":0.6421052632,"max_drawdown":-0.252856121,"capm_alpha":0.0118653841,"capm_alpha_t":2.6347225944,"capm_beta":-0.0935090108,"capm_ir_ann":1.0722076412,"capm_te_ann":0.1327957418},"D10":{"mean_monthly":0.0100109989,"tstat_monthly":1.5953423014,"mean_monthly_excess":0.0018326686,"tstat_monthly_excess":0.2944519924,"ann_sharpe_excess":0.097462091,"hit_rate":0.6105263158,"max_drawdown":-0.3441199533},"LS_alpha_vs_BOVA11":{"alpha_bps_per_month":105.309685478,"alpha_tstat":2.8030328036,"beta":-0.0696207483,"ir_ann":1.2244378817},"LS_vt_alpha_vs_BOVA11":{"alpha_bps_per_month":105.309685478,"alpha_tstat":2.8030328036,"beta":-0.0696207483,"ir_ann":1.2244378817},"LS_pre_vt_alpha_vs_BOVA11":{"alpha_bps_per_month":118.6538408659,"alpha_tstat":2.6347225944,"beta":-0.0935090108,"ir_ann":1.0722076412}}