bps,D10_sharpe,D10_mean,D10_t,D10_alpha_bps,D10_alpha_t,LS_mean,LS_t,LS_alpha_bps,LS_alpha_t,LS_ir,LS_mean_vt,LS_t_vt,LS_alpha_bps_vt,LS_alpha_t_vt,LS_ir_vt,LS_maxDD_vt,LS_hit_vt,avg_turnover_D10,avg_turnover_LS
20,0.08190103382409437,0.009717951425585193,1.5497272831050493,63.406320817182895,1.499547145399968,0.009879625808676958,2.4602087297254362,101.69428478760379,2.699600914869735,1.181630733172585,0.009722059996638461,2.54699911232135,99.81408657713513,2.7743558868363682,1.2422836502863448,-0.15074395074375235,0.631578947368421,0.2930474788369525,0.3621432308283568
50,0.05854257750987344,0.009278380207329762,1.4811679153656732,59.037860363825416,1.394667219257225,0.009336410962434425,2.3159894048426435,96.27118375194605,2.5454198866898667,1.1174969542211224,0.009210446075646559,2.4046621744355887,94.7048334526163,2.622856786694453,1.1777715998376412,-0.15397356097238857,0.6210526315789474,0.2930474788369525,0.3621432308283568
100,0.01956759950202929,0.008545761510237384,1.3665429570240304,51.75709294156302,1.2203190595785731,0.008431052885363532,2.077958626282002,87.23268202584975,2.291029895089391,1.0108260913389044,0.008357756207326716,2.169438816320951,86.18941157841827,2.37257897141571,1.0703977070786668,-0.15933306499580013,0.6105263157894737,0.2930474788369525,0.3621432308283568
