bps,D10_sharpe,D10_mean,D10_t,D10_alpha_bps,D10_alpha_t,LS_mean,LS_t,LS_alpha_bps,LS_alpha_t,LS_ir,LS_mean_vt,LS_t_vt,LS_alpha_bps_vt,LS_alpha_t_vt,LS_ir_vt,LS_maxDD_vt,LS_hit_vt,avg_turnover_D10,avg_turnover_LS
20,0.11457321533743976,0.010094315181278003,2.0755671047638877,38.695999529131235,1.2581451929644012,0.01087820436109397,4.282700170721874,112.1038085701105,4.416033521139541,1.3385828882323256,0.011106910216705138,4.408170396288385,113.569688284023,4.484577912771858,1.3482687506479196,-0.11646648082307431,0.6779661016949152,0.2875621028113931,0.359023197075989
50,0.09453232690860518,0.009662972027060908,1.9870644785436133,34.39898146446265,1.116407160337015,0.010339669565479985,4.062761128761086,106.72045336425685,4.196202821354482,1.2738434451533194,0.010561705950435806,4.18336383160026,108.11831412534211,4.259577370194134,1.2832062500168913,-0.11867807802774732,0.672316384180791,0.2875621028113931,0.359023197075989
100,0.0611235661709723,0.008944066770032429,1.8394820940074104,27.23728469001499,0.8812758536085454,0.009442111572790011,3.6979024237810942,97.74819468783411,3.831427631034431,1.1660000472052203,0.009653032173320263,3.810393959397257,99.03269052754055,3.8865638159476847,1.1747918870399026,-0.1223549554480855,0.6497175141242938,0.2875621028113931,0.359023197075989
