{"LS":{"mean_monthly":0.0095134345,"tstat_monthly":2.538947789,"hit_rate":0.6105263158,"max_drawdown":-0.1527730249,"capm_alpha":0.009884716,"capm_alpha_t":2.8493687704,"capm_beta":-0.0893808455,"capm_ir_ann":1.1627737124,"capm_te_ann":0.1020117594},"LS_vt":{"mean_monthly":0.0095134345,"tstat_monthly":2.538947789,"hit_rate":0.6105263158,"max_drawdown":-0.1527730249,"capm_alpha":0.009884716,"capm_alpha_t":2.8493687704,"capm_beta":-0.0893808455,"capm_ir_ann":1.1627737124,"capm_te_ann":0.1020117594},"LS_pre_vt":{"mean_monthly":0.0115521946,"tstat_monthly":2.3147400292,"hit_rate":0.6105263158,"max_drawdown":-0.2469528438,"capm_alpha":0.0120831046,"capm_alpha_t":2.6486351661,"capm_beta":-0.1278091599,"capm_ir_ann":1.0278475537,"capm_te_ann":0.1410688328},"D10":{"mean_monthly":0.0094976968,"tstat_monthly":1.5611799451,"mean_monthly_excess":0.0013193665,"tstat_monthly_excess":0.2181879776,"ann_sharpe_excess":0.0702150972,"hit_rate":0.5894736842,"max_drawdown":-0.3427147474},"LS_alpha_vs_BOVA11":{"alpha_bps_per_month":98.8471601578,"alpha_tstat":2.8493687704,"beta":-0.0893808455,"ir_ann":1.1627737124},"LS_vt_alpha_vs_BOVA11":{"alpha_bps_per_month":98.8471601578,"alpha_tstat":2.8493687704,"beta":-0.0893808455,"ir_ann":1.1627737124},"LS_pre_vt_alpha_vs_BOVA11":{"alpha_bps_per_month":120.8310455685,"alpha_tstat":2.6486351661,"beta":-0.1278091599,"ir_ann":1.0278475537}}