bps,D10_sharpe,D10_mean,D10_t,D10_alpha_bps,D10_alpha_t,LS_mean,LS_t,LS_alpha_bps,LS_alpha_t,LS_ir,LS_mean_vt,LS_t_vt,LS_alpha_bps_vt,LS_alpha_t_vt,LS_ir_vt,LS_maxDD_vt,LS_hit_vt,avg_turnover_D10,avg_turnover_LS
20,0.05411464719506052,0.009194842479037879,1.5124962427802915,60.01164276682985,1.3833767706220843,0.00914885801601015,2.4341554280272697,95.20324406354734,2.7352852258310336,1.1189167094589172,0.008824525617243766,2.5063936659660975,91.52951259318436,2.792907681330163,1.1587142138058357,-0.1382082311663857,0.6105263157894737,0.302854358117516,0.36457648927841363
50,0.029944748741390786,0.008740560941861604,1.4393205402279594,55.4938904432563,1.2781365497410366,0.00860199328209253,2.2780837407393943,89.73736992220749,2.565452586890606,1.053238684061324,0.0083098506665511,2.348880035159132,86.38621462058478,2.622481429202834,1.092300691778333,-0.1418380448836336,0.6,0.302854358117516,0.36457648927841363
100,-0.010388779533488244,0.007983425046567816,1.3169669272834474,47.964303237300385,1.1030760394615566,0.007690552058896497,2.02095043767311,80.62757968664107,2.2858571062723585,0.9440820582357878,0.007452059082063321,2.089412231165028,77.81405133291882,2.3419251803752528,0.9818517469803164,-0.14785896193915626,0.6,0.302854358117516,0.36457648927841363
