bps,D10_sharpe,D10_mean,D10_t,D10_alpha_bps,D10_alpha_t,LS_mean,LS_t,LS_alpha_bps,LS_alpha_t,LS_ir,LS_mean_vt,LS_t_vt,LS_alpha_bps_vt,LS_alpha_t_vt,LS_ir_vt,LS_maxDD_vt,LS_hit_vt,avg_turnover_D10,avg_turnover_LS
20,0.08273697408724177,0.009738349444219283,1.5608913318094153,63.46127156921322,1.498334439809235,0.009582695924267831,2.396713591777093,98.40501938387682,2.614002631837932,1.1412874661607244,0.009414962901847962,2.487481549310061,96.44108895482412,2.693374205624137,1.2017114550591281,-0.14788463741585145,0.6421052631578947,0.2977038555985924,0.3653388304478049
50,0.05907290583808391,0.009291793660821394,1.4909038177635492,59.0197058069499,1.3917941167823427,0.009034687678596123,2.2502138697604965,92.93118665581055,2.4579072620352598,1.0763275564857882,0.00890131613616865,2.342959129984979,91.30851846905475,2.540040659565329,1.136464238359859,-0.15141112726437667,0.631578947368421,0.2977038555985924,0.3653388304478049
100,0.019597992813698034,0.008547534021824914,1.373880995621459,51.61709620317779,1.2147193682719577,0.008121340602476611,2.0086407697127395,83.80813210903344,2.200599913321843,0.9683941133359126,0.0080452381933698,2.1043309465238225,82.75423432610584,2.286959467511766,1.027975931617686,-0.15726097780179804,0.6210526315789474,0.2977038555985924,0.3653388304478049
