{"LS":{"mean_monthly":0.0099480348,"tstat_monthly":2.4950303521,"hit_rate":0.6421052632,"max_drawdown":-0.1659873709,"capm_alpha":0.0102054241,"capm_alpha_t":2.7187810474,"capm_beta":-0.0619629,"capm_ir_ann":1.1846742035,"capm_te_ann":0.1033744882},"LS_vt":{"mean_monthly":0.0099480348,"tstat_monthly":2.4950303521,"hit_rate":0.6421052632,"max_drawdown":-0.1659873709,"capm_alpha":0.0102054241,"capm_alpha_t":2.7187810474,"capm_beta":-0.0619629,"capm_ir_ann":1.1846742035,"capm_te_ann":0.1033744882},"LS_pre_vt":{"mean_monthly":0.0112168948,"tstat_monthly":2.2881522357,"hit_rate":0.6421052632,"max_drawdown":-0.2531748288,"capm_alpha":0.0115759049,"capm_alpha_t":2.5425190467,"capm_beta":-0.0864266702,"capm_ir_ann":1.0306741474,"capm_te_ann":0.1347766988},"D10":{"mean_monthly":0.0100360533,"tstat_monthly":1.607453918,"mean_monthly_excess":0.001857723,"tstat_monthly_excess":0.2999156901,"ann_sharpe_excess":0.0985041114,"hit_rate":0.6105263158,"max_drawdown":-0.3420574382},"LS_alpha_vs_BOVA11":{"alpha_bps_per_month":102.0542412026,"alpha_tstat":2.7187810474,"beta":-0.0619629,"ir_ann":1.1846742035},"LS_vt_alpha_vs_BOVA11":{"alpha_bps_per_month":102.0542412026,"alpha_tstat":2.7187810474,"beta":-0.0619629,"ir_ann":1.1846742035},"LS_pre_vt_alpha_vs_BOVA11":{"alpha_bps_per_month":115.7590492528,"alpha_tstat":2.5425190467,"beta":-0.0864266702,"ir_ann":1.0306741474}}