{"LS":{"mean_monthly":0.0121644456,"tstat_monthly":3.4003439741,"hit_rate":0.6631578947,"max_drawdown":-0.1231624394,"capm_alpha":0.01257955,"capm_alpha_t":3.7826807959,"capm_beta":-0.0999305956,"capm_ir_ann":1.5147047084,"capm_te_ann":0.0996594252},"LS_vt":{"mean_monthly":0.0121644456,"tstat_monthly":3.4003439741,"hit_rate":0.6631578947,"max_drawdown":-0.1231624394,"capm_alpha":0.01257955,"capm_alpha_t":3.7826807959,"capm_beta":-0.0999305956,"capm_ir_ann":1.5147047084,"capm_te_ann":0.0996594252},"LS_pre_vt":{"mean_monthly":0.0128300874,"tstat_monthly":3.2680164961,"hit_rate":0.6631578947,"max_drawdown":-0.1675367983,"capm_alpha":0.0132950178,"capm_alpha_t":3.6555568239,"capm_beta":-0.1119255238,"capm_ir_ann":1.4076104251,"capm_te_ann":0.1133411709},"D10":{"mean_monthly":0.009921128,"tstat_monthly":1.6267874775,"mean_monthly_excess":0.0017427977,"tstat_monthly_excess":0.2887420016,"ann_sharpe_excess":0.0950858006,"hit_rate":0.6,"max_drawdown":-0.3442827583},"LS_alpha_vs_BOVA11":{"alpha_bps_per_month":125.7955004717,"alpha_tstat":3.7826807959,"beta":-0.0999305956,"ir_ann":1.5147047084},"LS_vt_alpha_vs_BOVA11":{"alpha_bps_per_month":125.7955004717,"alpha_tstat":3.7826807959,"beta":-0.0999305956,"ir_ann":1.5147047084},"LS_pre_vt_alpha_vs_BOVA11":{"alpha_bps_per_month":132.9501781423,"alpha_tstat":3.6555568239,"beta":-0.1119255238,"ir_ann":1.4076104251}}