bps,D10_sharpe,D10_mean,D10_t,D10_alpha_bps,D10_alpha_t,LS_mean,LS_t,LS_alpha_bps,LS_alpha_t,LS_ir,LS_mean_vt,LS_t_vt,LS_alpha_bps_vt,LS_alpha_t_vt,LS_ir_vt,LS_maxDD_vt,LS_hit_vt,avg_turnover_D10,avg_turnover_LS
20,0.07974983824755605,0.009639743477845625,1.581470628436387,61.50560990114783,1.5748256317668896,0.011807605589769714,3.2934698886661504,122.23111015338493,3.667460306705172,1.4709710087870231,0.011796082241809386,3.350752325229276,121.76347651759846,3.6937268081633015,1.5270094476769427,-0.10767401158067125,0.6526315789473685,0.2813845373752494,0.3568400547556243
50,0.056734014457455725,0.009217666671782752,1.5133910463831022,57.30269924922421,1.4648377748299308,0.011272345507636276,3.1339710346324874,116.88452467592515,3.495506605785046,1.4054348689219192,0.011283708337781586,3.1972471273497254,116.64494295779006,3.5291295440609045,1.4618381190365466,-0.11098098032144788,0.6421052631578947,0.2813845373752494,0.3568400547556243
100,0.01834334739409506,0.00851420532834463,1.3996524477433994,50.29784816268481,1.2822386091331253,0.010380245370747217,2.8703062225029385,107.97354888015882,3.21126022844276,1.2963903108940313,0.01042975183106859,2.9429733052110194,108.1140536914427,3.256575640057757,1.353345349142436,-0.1164693469210929,0.631578947368421,0.2813845373752494,0.3568400547556243
