{"LS":{"mean_monthly":0.0085601808,"tstat_monthly":2.3512576885,"hit_rate":0.6666666667,"max_drawdown":-0.1317594403,"capm_alpha":0.0091948265,"capm_alpha_t":2.4276625087,"capm_beta":-0.0999004785,"capm_ir_ann":1.1484427546,"capm_te_ann":0.0960761144},"LS_vt":{"mean_monthly":0.0085601808,"tstat_monthly":2.3512576885,"hit_rate":0.6666666667,"max_drawdown":-0.1317594403,"capm_alpha":0.0091948265,"capm_alpha_t":2.4276625087,"capm_beta":-0.0999004785,"capm_ir_ann":1.1484427546,"capm_te_ann":0.0960761144},"LS_pre_vt":{"mean_monthly":0.0068322536,"tstat_monthly":2.3013879277,"hit_rate":0.6666666667,"max_drawdown":-0.1225957626,"capm_alpha":0.0073624477,"capm_alpha_t":2.4252655144,"capm_beta":-0.0834586158,"capm_ir_ann":1.1134529677,"capm_te_ann":0.0793471978},"D10":{"mean_monthly":0.0052396,"tstat_monthly":0.5948466346,"mean_monthly_excess":-0.0021693374,"tstat_monthly_excess":-0.2365816627,"ann_sharpe_excess":-0.0849706436,"hit_rate":0.4927536232,"max_drawdown":-0.4050598997},"LS_alpha_vs_BOVA11":{"alpha_bps_per_month":91.9482645331,"alpha_tstat":2.4276625087,"beta":-0.0999004785,"ir_ann":1.1484427546},"LS_vt_alpha_vs_BOVA11":{"alpha_bps_per_month":91.9482645331,"alpha_tstat":2.4276625087,"beta":-0.0999004785,"ir_ann":1.1484427546},"LS_pre_vt_alpha_vs_BOVA11":{"alpha_bps_per_month":73.6244773464,"alpha_tstat":2.4252655144,"beta":-0.0834586158,"ir_ann":1.1134529677}}