{"LS":{"mean_monthly":0.0045907485,"tstat_monthly":2.2101870964,"hit_rate":0.5760869565,"max_drawdown":-0.1755848245,"capm_alpha":0.0054213728,"capm_alpha_t":2.6360110813,"capm_beta":-0.1242436662,"capm_ir_ann":0.6679824261,"capm_te_ann":0.0973924932},"LS_vt":{"mean_monthly":0.0045907485,"tstat_monthly":2.2101870964,"hit_rate":0.5760869565,"max_drawdown":-0.1755848245,"capm_alpha":0.0054213728,"capm_alpha_t":2.6360110813,"capm_beta":-0.1242436662,"capm_ir_ann":0.6679824261,"capm_te_ann":0.0973924932},"LS_pre_vt":{"mean_monthly":0.0026483798,"tstat_monthly":2.1398217306,"hit_rate":0.5760869565,"max_drawdown":-0.1098634664,"capm_alpha":0.0031317275,"capm_alpha_t":2.5794545316,"capm_beta":-0.0722985032,"capm_ir_ann":0.6515156095,"capm_te_ann":0.0576820108},"LS_net":{"mean_monthly":0.0056537584,"tstat_monthly":2.5394403754,"hit_rate":0.5760869565,"max_drawdown":-0.2063810894,"capm_alpha":0.0064891763,"capm_alpha_t":2.9757133031,"capm_beta":-0.1249606904,"capm_ir_ann":0.7918249389,"capm_te_ann":0.0983425906},"D10":{"mean_monthly":0.0104410488,"tstat_monthly":2.4816052814,"mean_monthly_excess":0.0027763597,"tstat_monthly_excess":0.6503586972,"ann_sharpe_excess":0.1443365878,"hit_rate":0.5326086957,"max_drawdown":-0.4096209511},"dispersion_gate":{"mode":"quantile80","blocked_months":132,"total_months":184},"delisting_risk":{"avg_ls_weighted_multiplier":0.9989850968,"avg_ls_weighted_score":0.0040596127,"avg_ls_flagged":0.3641304348,"avg_ls_high":0.0,"avg_universe_flagged":0.7336956522,"avg_universe_high":0.0,"avg_universe_multiplier":0.9984226814},"LS_alpha_vs_BOVA11":{"alpha_bps_per_month":54.2137282201,"alpha_tstat":2.6360110813,"beta":-0.1242436662,"ir_ann":0.6679824261},"LS_vt_alpha_vs_BOVA11":{"alpha_bps_per_month":54.2137282201,"alpha_tstat":2.6360110813,"beta":-0.1242436662,"ir_ann":0.6679824261},"LS_pre_vt_alpha_vs_BOVA11":{"alpha_bps_per_month":31.3172753766,"alpha_tstat":2.5794545316,"beta":-0.0722985032,"ir_ann":0.6515156095},"LS_net_alpha_vs_BOVA11":{"alpha_bps_per_month":64.8917631352,"alpha_tstat":2.9757133031,"beta":-0.1249606904,"ir_ann":0.7918249389},"LS_financing_assumptions":{"avg_short_gross":0.5,"avg_long_gross":0.4999540795,"avg_carry":0.0067178437,"avg_borrow_cost":0.0056548338,"carry_multiplier":1.0,"borrow_cost_annual":0.08}}