bps,D10_sharpe,D10_mean,D10_t,D10_alpha_bps,D10_alpha_t,LS_mean,LS_t,LS_alpha_bps,LS_alpha_t,LS_ir,LS_mean_vt,LS_t_vt,LS_alpha_bps_vt,LS_alpha_t_vt,LS_ir_vt,LS_maxDD_vt,LS_hit_vt,avg_turnover_D10,avg_turnover_LS
20,0.1411724632892391,0.010380911315176319,2.464677690054382,40.79407324255354,1.9966994197322188,0.005564261718066151,2.5009334853314935,63.977914246429144,2.935460631705632,0.7808051984666503,0.005353119577017751,2.3855092788432954,60.97330573810825,2.735309774677224,0.7211420437990428,-0.20364924298080445,0.5706521739130435,0.060137451184559675,0.08949666492081206
50,0.13642874101679703,0.01029070513839948,2.439322698210135,39.874752935524334,1.944716426187198,0.005430016720684933,2.4427931926751945,62.60714091322013,2.8746371013399226,0.7642186075630562,0.005215121850255667,2.3237504070210186,59.55904974501892,2.6700105946638555,0.7044371663675436,-0.20364924298080467,0.5652173913043478,0.060137451184559675,0.08949666492081206
100,0.12852931995590594,0.010140361510438078,2.3971642298032294,38.34255242380897,1.8586288190540692,0.0052062750583829025,2.344934337543892,60.322518691205104,2.7721421351877575,0.7364318483890568,0.004985125638985525,2.2200947611055457,57.20195642320341,2.5604738438668715,0.6764602327760199,-0.20364924298080445,0.5652173913043478,0.060137451184559675,0.08949666492081206
