bps,D10_sharpe,D10_mean,D10_t,D10_alpha_bps,D10_alpha_t,LS_mean,LS_t,LS_alpha_bps,LS_alpha_t,LS_ir,LS_mean_vt,LS_t_vt,LS_alpha_bps_vt,LS_alpha_t_vt,LS_ir_vt,LS_maxDD_vt,LS_hit_vt,avg_turnover_D10,avg_turnover_LS
20,0.22229499547275125,0.01212895978826073,2.653405490159437,60.97888136650393,2.366348984679166,0.012175471918912339,4.6623651524114855,127.81252887484366,5.070903011580506,1.5522881762243166,0.013006113997249312,4.838997728160286,136.45606524824655,5.250244317547844,1.6247247267986982,-0.15395263544826854,0.6666666666666666,0.13282474769347233,0.19388549719945414
50,0.21236940345631483,0.01192972266672052,2.605074620641356,58.96453187351582,2.2831785464168157,0.011884643673113158,4.565406535899328,124.86794474857834,4.970852307094731,1.5185161810767824,0.012703757197393927,4.747770483822213,133.3969841656802,5.155652583872569,1.5909471695443174,-0.15695040982960373,0.6666666666666666,0.13282474769347233,0.19388549719945414
100,0.19583646389801235,0.011597660797486838,2.524706786218649,55.60728271853562,2.144785078192283,0.011399929930114523,4.400384770739956,119.9603045381361,4.800117990270457,1.461250716482668,0.012199829197634952,4.591436747876774,128.29851569473638,4.993176708809043,1.5335325615042064,-0.16192711509426871,0.6666666666666666,0.13282474769347233,0.19388549719945414
