{
  "max_drawdown_full": -0.20020326064413663,
  "max_drawdown_12m": -0.06860941400512477,
  "max_drawdown_24m": -0.06860941400512466,
  "worst_month": -0.09155579116873774,
  "avg_ls_multiplier": 0.9968469979227907,
  "avg_ls_score": 0.0126120083088365,
  "last_ls_multiplier": 1.0,
  "last_ls_flagged": 0.0,
  "last_ls_high": 0.0
}