{
  "max_drawdown_full": -0.1969203509109011,
  "max_drawdown_12m": -0.06794654471348993,
  "max_drawdown_24m": -0.06794654471349015,
  "worst_month": -0.09955416897537779,
  "avg_ls_multiplier": 0.9970549403994237,
  "avg_ls_score": 0.011780238402304842,
  "last_ls_multiplier": 1.0,
  "last_ls_flagged": 0.0,
  "last_ls_high": 0.0
}