bps,D10_sharpe,D10_mean,D10_t,D10_alpha_bps,D10_alpha_t,LS_mean,LS_t,LS_alpha_bps,LS_alpha_t,LS_ir,LS_mean_vt,LS_t_vt,LS_alpha_bps_vt,LS_alpha_t_vt,LS_ir_vt,LS_maxDD_vt,LS_hit_vt,avg_turnover_D10,avg_turnover_LS
20,0.029753508134021712,0.008785260591087248,1.2170880200579348,45.39154475917892,1.0349053831244508,0.007412132689930703,2.936582899343072,72.2529531514785,2.960203778644713,0.8670673730283229,0.007402295541588947,2.89473881226728,72.6333627034093,2.9085099788726176,0.8685868135704581,-0.12587895728522647,0.6274509803921569,0.21311746532334763,0.3110115012075797
50,0.013376022576329742,0.008465584393102224,1.1747824011761498,42.1906452076551,0.9651645512778763,0.006945615438119334,2.7607534069810002,67.57134649097583,2.776428725125579,0.8107255784972441,0.006931407945492475,2.7200269111267334,67.90210598785397,2.7281156406934084,0.8118989934771882,-0.12752785429559454,0.6274509803921569,0.21311746532334763,0.3110115012075797
100,-0.013935086250295438,0.007932790729793856,1.103938689245234,36.85581262178205,0.8478540058030616,0.006168086685100384,2.464883942240039,59.7686687234714,2.467463198984338,0.7168094683185546,0.0061465952853316875,2.4258260714088533,60.016678128595096,2.424450713331999,0.717389809000958,-0.13309505338817118,0.6176470588235294,0.21311746532334763,0.3110115012075797
