{"LS":{"mean_monthly":0.0077231442,"tstat_monthly":3.0530911475,"hit_rate":0.6470588235,"max_drawdown":-0.1220259694,"capm_alpha":0.0075374024,"capm_alpha_t":3.0820412693,"capm_beta":0.0375233742,"capm_ir_ann":0.9046211673,"capm_te_ann":0.0999853114},"LS_vt":{"mean_monthly":0.0077231442,"tstat_monthly":3.0530911475,"hit_rate":0.6470588235,"max_drawdown":-0.1220259694,"capm_alpha":0.0075374024,"capm_alpha_t":3.0820412693,"capm_beta":0.0375233742,"capm_ir_ann":0.9046211673,"capm_te_ann":0.0999853114},"LS_pre_vt":{"mean_monthly":0.0073896851,"tstat_monthly":2.954394298,"hit_rate":0.6470588235,"max_drawdown":-0.1234614376,"capm_alpha":0.007180656,"capm_alpha_t":2.9980194674,"capm_beta":0.0422278605,"capm_ir_ann":0.8910199322,"capm_te_ann":0.0967070083},"D10":{"mean_monthly":0.0089983781,"tstat_monthly":1.2452081718,"mean_monthly_excess":0.0007937831,"tstat_monthly_excess":0.1098888372,"ann_sharpe_excess":0.040667888,"hit_rate":0.568627451,"max_drawdown":-0.4660932583},"LS_alpha_vs_BOVA11":{"alpha_bps_per_month":75.3740242585,"alpha_tstat":3.0820412693,"beta":0.0375233742,"ir_ann":0.9046211673},"LS_vt_alpha_vs_BOVA11":{"alpha_bps_per_month":75.3740242585,"alpha_tstat":3.0820412693,"beta":0.0375233742,"ir_ann":0.9046211673},"LS_pre_vt_alpha_vs_BOVA11":{"alpha_bps_per_month":71.8065599715,"alpha_tstat":2.9980194674,"beta":0.0422278605,"ir_ann":0.8910199322}}