{"LS":{"mean_monthly":0.0070589461,"tstat_monthly":2.945134242,"hit_rate":0.6274509804,"max_drawdown":-0.1277322095,"capm_alpha":0.0077481837,"capm_alpha_t":3.3871477944,"capm_beta":-0.1392391247,"capm_ir_ann":0.9926477104,"capm_te_ann":0.0936668701},"LS_vt":{"mean_monthly":0.0070589461,"tstat_monthly":2.945134242,"hit_rate":0.6274509804,"max_drawdown":-0.1277322095,"capm_alpha":0.0077481837,"capm_alpha_t":3.3871477944,"capm_beta":-0.1392391247,"capm_ir_ann":0.9926477104,"capm_te_ann":0.0936668701},"LS_pre_vt":{"mean_monthly":0.0052838558,"tstat_monthly":2.9773728094,"hit_rate":0.6274509804,"max_drawdown":-0.0928471534,"capm_alpha":0.005765721,"capm_alpha_t":3.3867939241,"capm_beta":-0.0973459353,"capm_ir_ann":0.9703720934,"capm_te_ann":0.0713011556},"D10":{"mean_monthly":0.0096080065,"tstat_monthly":1.4751181002,"mean_monthly_excess":0.0014034116,"tstat_monthly_excess":0.2145701322,"ann_sharpe_excess":0.0773962307,"hit_rate":0.568627451,"max_drawdown":-0.4255061125},"LS_alpha_vs_BOVA11":{"alpha_bps_per_month":77.4818368076,"alpha_tstat":3.3871477944,"beta":-0.1392391247,"ir_ann":0.9926477104},"LS_vt_alpha_vs_BOVA11":{"alpha_bps_per_month":77.4818368076,"alpha_tstat":3.3871477944,"beta":-0.1392391247,"ir_ann":0.9926477104},"LS_pre_vt_alpha_vs_BOVA11":{"alpha_bps_per_month":57.6572096477,"alpha_tstat":3.3867939241,"beta":-0.0973459353,"ir_ann":0.9703720934}}