bps,D10_sharpe,D10_mean,D10_t,D10_alpha_bps,D10_alpha_t,LS_mean,LS_t,LS_alpha_bps,LS_alpha_t,LS_ir,LS_mean_vt,LS_t_vt,LS_alpha_bps_vt,LS_alpha_t_vt,LS_ir_vt,LS_maxDD_vt,LS_hit_vt,avg_turnover_D10,avg_turnover_LS
20,0.0664139698435999,0.00940864175674953,1.446282840058937,52.9000746284304,1.4391380183890277,0.006771706577598093,2.8303761243659435,74.60092730353092,3.2665918578886926,0.9556215839466735,0.007006760935779307,2.7031524905707207,77.44065985632768,3.141858699951171,0.9530467952008841,-0.1359768248864921,0.6176470588235294,0.19936474201180077,0.2872394903088101
50,0.04993268944327952,0.009109594643731829,1.4028900143973508,49.90867717848784,1.3635328706662342,0.00634084734213488,2.657351179771633,70.2795630474718,3.084864467944605,0.9000713857102274,0.006557734490385105,2.538074295796353,72.93201217165611,2.967030873603944,0.8974854730971272,-0.13745187551245364,0.6078431372549019,0.19936474201180077,0.2872394903088101
100,0.02244334879297415,0.008611182788702328,1.3301949941065823,44.923014761916995,1.2360519617930084,0.0056227486163628534,2.3666503050254812,63.0772892873732,2.7796571857152883,0.8074738546748685,0.005809357081394769,2.2603051814677957,65.41759936387021,2.673160770745805,0.8048386808353186,-0.1399056599001326,0.5980392156862745,0.19936474201180077,0.2872394903088101
