{"LS":{"mean_monthly":0.0122938395,"tstat_monthly":3.4225020335,"hit_rate":0.6736842105,"max_drawdown":-0.1252420485,"capm_alpha":0.012700456,"capm_alpha_t":3.8054986883,"capm_beta":-0.0978872594,"capm_ir_ann":1.5289945009,"capm_te_ann":0.0996769262},"LS_vt":{"mean_monthly":0.0122938395,"tstat_monthly":3.4225020335,"hit_rate":0.6736842105,"max_drawdown":-0.1252420485,"capm_alpha":0.012700456,"capm_alpha_t":3.8054986883,"capm_beta":-0.0978872594,"capm_ir_ann":1.5289945009,"capm_te_ann":0.0996769262},"LS_pre_vt":{"mean_monthly":0.0129258397,"tstat_monthly":3.2797290407,"hit_rate":0.6736842105,"max_drawdown":-0.1693984801,"capm_alpha":0.0133814145,"capm_alpha_t":3.6663709251,"capm_beta":-0.1096732816,"capm_ir_ann":1.4213866967,"capm_te_ann":0.1129720539},"D10":{"mean_monthly":0.0102627045,"tstat_monthly":1.6912466001,"mean_monthly_excess":0.0020843742,"tstat_monthly_excess":0.3473171553,"ann_sharpe_excess":0.1137927382,"hit_rate":0.6,"max_drawdown":-0.3330880019},"LS_alpha_vs_BOVA11":{"alpha_bps_per_month":127.0045600245,"alpha_tstat":3.8054986883,"beta":-0.0978872594,"ir_ann":1.5289945009},"LS_vt_alpha_vs_BOVA11":{"alpha_bps_per_month":127.0045600245,"alpha_tstat":3.8054986883,"beta":-0.0978872594,"ir_ann":1.5289945009},"LS_pre_vt_alpha_vs_BOVA11":{"alpha_bps_per_month":133.8141454535,"alpha_tstat":3.6663709251,"beta":-0.1096732816,"ir_ann":1.4213866967}}