bps,D10_sharpe,D10_mean,D10_t,D10_alpha_bps,D10_alpha_t,LS_mean,LS_t,LS_alpha_bps,LS_alpha_t,LS_ir,LS_mean_vt,LS_t_vt,LS_alpha_bps_vt,LS_alpha_t_vt,LS_ir_vt,LS_maxDD_vt,LS_hit_vt,avg_turnover_D10,avg_turnover_LS
20,0.09839259059382806,0.00998009933264143,1.645890408589418,64.83979725191446,1.6753610165620398,0.01193579515238737,3.3153238960381075,123.42715866708934,3.6896900535389667,1.4849352392199477,0.011936231284294704,3.3823761910152768,123.06412196227888,3.7261226563542835,1.540886127313918,-0.10921160848429823,0.6736842105263158,0.28260517432344046,0.3580443169587393
50,0.07527552157241621,0.009556191571156268,1.5777108599624645,60.62307015386908,1.5640244477244698,0.011398728676949263,3.155413520651886,118.06105663101165,3.5169245465145313,1.41893062810928,0.011420883481414198,3.2278880230855753,117.9143519062483,3.560096840943598,1.4752530566205193,-0.11243322854471494,0.6631578947368421,0.28260517432344046,0.3580443169587393
100,0.0367028835520419,0.008849678635347667,1.4636967885497303,53.595191657126826,1.3791156345046494,0.010503617884552412,2.891177931836274,109.11755323754872,3.2315073364642206,1.3091578028588002,0.010561970476613357,2.9720685896836345,109.33140181286396,3.2853164326926776,1.3660236162943558,-0.11778052425104735,0.6421052631578947,0.28260517432344046,0.3580443169587393
