{"LS":{"mean_monthly":0.0088396766,"tstat_monthly":2.4169476039,"hit_rate":0.6956521739,"max_drawdown":-0.1325082063,"capm_alpha":0.0095573537,"capm_alpha_t":2.5675629392,"capm_beta":-0.1129705869,"capm_ir_ann":1.1981221838,"capm_te_ann":0.0957233298},"LS_vt":{"mean_monthly":0.0088396766,"tstat_monthly":2.4169476039,"hit_rate":0.6956521739,"max_drawdown":-0.1325082063,"capm_alpha":0.0095573537,"capm_alpha_t":2.5675629392,"capm_beta":-0.1129705869,"capm_ir_ann":1.1981221838,"capm_te_ann":0.0957233298},"LS_pre_vt":{"mean_monthly":0.0075043215,"tstat_monthly":2.3385128579,"hit_rate":0.6956521739,"max_drawdown":-0.1316397609,"capm_alpha":0.0081435744,"capm_alpha_t":2.5293505441,"capm_beta":-0.1006257076,"capm_ir_ann":1.1353587663,"capm_te_ann":0.0860722582},"D10":{"mean_monthly":0.0051298894,"tstat_monthly":0.577384622,"mean_monthly_excess":-0.002279048,"tstat_monthly_excess":-0.2451545908,"ann_sharpe_excess":-0.0881840767,"hit_rate":0.4782608696,"max_drawdown":-0.4033825961},"LS_alpha_vs_BOVA11":{"alpha_bps_per_month":95.5735374158,"alpha_tstat":2.5675629392,"beta":-0.1129705869,"ir_ann":1.1981221838},"LS_vt_alpha_vs_BOVA11":{"alpha_bps_per_month":95.5735374158,"alpha_tstat":2.5675629392,"beta":-0.1129705869,"ir_ann":1.1981221838},"LS_pre_vt_alpha_vs_BOVA11":{"alpha_bps_per_month":81.4357440561,"alpha_tstat":2.5293505441,"beta":-0.1006257076,"ir_ann":1.1353587663}}