{"LS":{"mean_monthly":0.0095113642,"tstat_monthly":4.843800281,"hit_rate":0.6195652174,"max_drawdown":-0.1427277045,"capm_alpha":0.0098311346,"capm_alpha_t":5.1522648185,"capm_beta":-0.0478308312,"capm_ir_ann":1.1725662689,"capm_te_ann":0.1006114692},"LS_vt":{"mean_monthly":0.0095113642,"tstat_monthly":4.843800281,"hit_rate":0.6195652174,"max_drawdown":-0.1427277045,"capm_alpha":0.0098311346,"capm_alpha_t":5.1522648185,"capm_beta":-0.0478308312,"capm_ir_ann":1.1725662689,"capm_te_ann":0.1006114692},"LS_pre_vt":{"mean_monthly":0.0079535185,"tstat_monthly":4.9190317003,"hit_rate":0.6195652174,"max_drawdown":-0.1047059359,"capm_alpha":0.0081509965,"capm_alpha_t":5.2029364037,"capm_beta":-0.0295384909,"capm_ir_ann":1.1760749756,"capm_te_ann":0.0831681316},"LS_net":{"mean_monthly":0.0101593366,"tstat_monthly":4.957922317,"hit_rate":0.6467391304,"max_drawdown":-0.1927456494,"capm_alpha":0.0104843989,"capm_alpha_t":5.2860010022,"capm_beta":-0.0486223738,"capm_ir_ann":1.2436792937,"capm_te_ann":0.1011617601},"D10":{"mean_monthly":0.0108087422,"tstat_monthly":2.2532932924,"mean_monthly_excess":0.0031440532,"tstat_monthly_excess":0.6409123942,"ann_sharpe_excess":0.1463619553,"hit_rate":0.5489130435,"max_drawdown":-0.487709738},"dispersion_gate":{"mode":"none","blocked_months":0,"total_months":184},"delisting_risk":{"avg_ls_weighted_multiplier":0.9985344405,"avg_ls_weighted_score":0.0058622382,"avg_ls_flagged":0.277173913,"avg_ls_high":0.0,"avg_universe_flagged":0.7336956522,"avg_universe_high":0.0,"avg_universe_multiplier":0.9984233837},"LS_alpha_vs_BOVA11":{"alpha_bps_per_month":98.3113459001,"alpha_tstat":5.1522648185,"beta":-0.0478308312,"ir_ann":1.1725662689},"LS_vt_alpha_vs_BOVA11":{"alpha_bps_per_month":98.3113459001,"alpha_tstat":5.1522648185,"beta":-0.0478308312,"ir_ann":1.1725662689},"LS_pre_vt_alpha_vs_BOVA11":{"alpha_bps_per_month":81.5099652874,"alpha_tstat":5.2029364037,"beta":-0.0295384909,"ir_ann":1.1760749756},"LS_net_alpha_vs_BOVA11":{"alpha_bps_per_month":104.8439886495,"alpha_tstat":5.2860010022,"beta":-0.0486223738,"ir_ann":1.2436792937},"LS_financing_assumptions":{"avg_short_gross":0.5,"avg_long_gross":0.5,"avg_carry":0.0046340984,"avg_borrow_cost":0.0039861259,"carry_multiplier":1.0,"borrow_cost_annual":0.08}}