{"LS":{"mean_monthly":0.0113254071,"tstat_monthly":3.1962949204,"hit_rate":0.6526315789,"max_drawdown":-0.1260960974,"capm_alpha":0.0117693357,"capm_alpha_t":3.5919623453,"capm_beta":-0.1068696222,"capm_ir_ann":1.4375455316,"capm_te_ann":0.0982452558},"LS_vt":{"mean_monthly":0.0113254071,"tstat_monthly":3.1962949204,"hit_rate":0.6526315789,"max_drawdown":-0.1260960974,"capm_alpha":0.0117693357,"capm_alpha_t":3.5919623453,"capm_beta":-0.1068696222,"capm_ir_ann":1.4375455316,"capm_te_ann":0.0982452558},"LS_pre_vt":{"mean_monthly":0.0119880906,"tstat_monthly":3.0618997167,"hit_rate":0.6526315789,"max_drawdown":-0.1690006988,"capm_alpha":0.0124845174,"capm_alpha_t":3.4627061909,"capm_beta":-0.1195078377,"capm_ir_ann":1.3336044993,"capm_te_ann":0.1123378099},"D10":{"mean_monthly":0.0099516224,"tstat_monthly":1.6339854804,"mean_monthly_excess":0.0017732921,"tstat_monthly_excess":0.2943891478,"ann_sharpe_excess":0.0971092556,"hit_rate":0.6,"max_drawdown":-0.3397036121},"LS_alpha_vs_BOVA11":{"alpha_bps_per_month":117.6933570781,"alpha_tstat":3.5919623453,"beta":-0.1068696222,"ir_ann":1.4375455316},"LS_vt_alpha_vs_BOVA11":{"alpha_bps_per_month":117.6933570781,"alpha_tstat":3.5919623453,"beta":-0.1068696222,"ir_ann":1.4375455316},"LS_pre_vt_alpha_vs_BOVA11":{"alpha_bps_per_month":124.8451739107,"alpha_tstat":3.4627061909,"beta":-0.1195078377,"ir_ann":1.3336044993}}