bps,D10_sharpe,D10_mean,D10_t,D10_alpha_bps,D10_alpha_t,LS_mean,LS_t,LS_alpha_bps,LS_alpha_t,LS_ir,LS_mean_vt,LS_t_vt,LS_alpha_bps_vt,LS_alpha_t_vt,LS_ir_vt,LS_maxDD_vt,LS_hit_vt,avg_turnover_D10,avg_turnover_LS
20,0.08207529453246423,0.009676752336788361,1.5897976055320013,62.036050528664035,1.5701290309074099,0.010964625939243904,3.08676460549515,114.08643047175516,3.472827279586749,1.3925504828141926,0.010968391730165599,3.164834109999596,113.84789051963755,3.530036234734628,1.4484422114055826,-0.11245036831736466,0.6526315789473685,0.2748700783220906,0.3607811558790726
50,0.05951142532493965,0.009264447219305225,1.5234016026319777,57.93096376821025,1.463948442680153,0.010423454205425293,2.923439405381657,108.67604056220715,3.295215626093347,1.3251481885826357,0.010446166299702232,3.004338619130804,108.62571624323505,3.3562025192334652,1.3807766903065293,-0.11583347312121839,0.6421052631578947,0.2748700783220906,0.3607811558790726
100,0.021871158322132312,0.008577272023499997,1.4124421649855567,51.08915250078727,1.2876394034299739,0.009521501315727612,2.653811745756557,99.65872404629377,3.0021011862205906,1.2130616494785877,0.009575790582263289,2.7390256718415604,99.92209244923087,3.0690336980689943,1.2682054823185331,-0.12144751339905846,0.631578947368421,0.2748700783220906,0.3607811558790726
