{"LS":{"mean_monthly":0.006818028,"tstat_monthly":3.0410687802,"hit_rate":0.6141304348,"max_drawdown":-0.2496634308,"capm_alpha":0.0070293943,"capm_alpha_t":3.1940258482,"capm_beta":-0.0316158869,"capm_ir_ann":0.8019265368,"capm_te_ann":0.1051876047},"LS_vt":{"mean_monthly":0.006818028,"tstat_monthly":3.0410687802,"hit_rate":0.6141304348,"max_drawdown":-0.2496634308,"capm_alpha":0.0070293943,"capm_alpha_t":3.1940258482,"capm_beta":-0.0316158869,"capm_ir_ann":0.8019265368,"capm_te_ann":0.1051876047},"LS_pre_vt":{"mean_monthly":0.0060709534,"tstat_monthly":3.1546396647,"hit_rate":0.6141304348,"max_drawdown":-0.1885966573,"capm_alpha":0.0062024943,"capm_alpha_t":3.2787544363,"capm_beta":-0.0196757072,"capm_ir_ann":0.8027191784,"capm_te_ann":0.0927222542},"LS_net":{"mean_monthly":0.0074769634,"tstat_monthly":3.1229927126,"hit_rate":0.6195652174,"max_drawdown":-0.2931360987,"capm_alpha":0.0076923581,"capm_alpha_t":3.2945455744,"capm_beta":-0.032218454,"capm_ir_ann":0.8697904115,"capm_te_ann":0.1061270581},"D10":{"mean_monthly":0.0114109565,"tstat_monthly":2.1882568125,"mean_monthly_excess":0.0037462675,"tstat_monthly_excess":0.7160989287,"ann_sharpe_excess":0.1691281355,"hit_rate":0.5543478261,"max_drawdown":-0.4847315871},"dispersion_gate":{"mode":"quantile60","blocked_months":98,"total_months":184},"delisting_risk":{"avg_ls_weighted_multiplier":0.9987631828,"avg_ls_weighted_score":0.0049472689,"avg_ls_flagged":0.2065217391,"avg_ls_high":0.0,"avg_universe_flagged":0.7336956522,"avg_universe_high":0.0,"avg_universe_multiplier":0.9984226814},"LS_alpha_vs_BOVA11":{"alpha_bps_per_month":70.2939429695,"alpha_tstat":3.1940258482,"beta":-0.0316158869,"ir_ann":0.8019265368},"LS_vt_alpha_vs_BOVA11":{"alpha_bps_per_month":70.2939429695,"alpha_tstat":3.1940258482,"beta":-0.0316158869,"ir_ann":0.8019265368},"LS_pre_vt_alpha_vs_BOVA11":{"alpha_bps_per_month":62.0249430837,"alpha_tstat":3.2787544363,"beta":-0.0196757072,"ir_ann":0.8027191784},"LS_net_alpha_vs_BOVA11":{"alpha_bps_per_month":76.9235813102,"alpha_tstat":3.2945455744,"beta":-0.032218454,"ir_ann":0.8697904115},"LS_financing_assumptions":{"avg_short_gross":0.5,"avg_long_gross":0.4992169494,"avg_carry":0.0047824555,"avg_borrow_cost":0.0041235201,"carry_multiplier":1.0,"borrow_cost_annual":0.08}}