{"LS":{"mean_monthly":0.0081473371,"tstat_monthly":3.2188423722,"hit_rate":0.6176470588,"max_drawdown":-0.0886833221,"capm_alpha":0.0083413518,"capm_alpha_t":3.3587304558,"capm_beta":-0.0391946562,"capm_ir_ann":1.0365118541,"capm_te_ann":0.0965702623},"LS_vt":{"mean_monthly":0.0081473371,"tstat_monthly":3.2188423722,"hit_rate":0.6176470588,"max_drawdown":-0.0886833221,"capm_alpha":0.0083413518,"capm_alpha_t":3.3587304558,"capm_beta":-0.0391946562,"capm_ir_ann":1.0365118541,"capm_te_ann":0.0965702623},"LS_pre_vt":{"mean_monthly":0.0074993093,"tstat_monthly":3.2813964856,"hit_rate":0.6176470588,"max_drawdown":-0.0759146982,"capm_alpha":0.0075895378,"capm_alpha_t":3.405927622,"capm_beta":-0.0182278722,"capm_ir_ann":1.0443233607,"capm_te_ann":0.0872090552},"D10":{"mean_monthly":0.008758627,"tstat_monthly":1.2225015104,"mean_monthly_excess":0.0005540321,"tstat_monthly_excess":0.0773446289,"ann_sharpe_excess":0.0292193423,"hit_rate":0.5588235294,"max_drawdown":-0.4657755787},"LS_alpha_vs_BOVA11":{"alpha_bps_per_month":83.4135179918,"alpha_tstat":3.3587304558,"beta":-0.0391946562,"ir_ann":1.0365118541},"LS_vt_alpha_vs_BOVA11":{"alpha_bps_per_month":83.4135179918,"alpha_tstat":3.3587304558,"beta":-0.0391946562,"ir_ann":1.0365118541},"LS_pre_vt_alpha_vs_BOVA11":{"alpha_bps_per_month":75.8953779934,"alpha_tstat":3.405927622,"beta":-0.0182278722,"ir_ann":1.0443233607}}