bps,D10_sharpe,D10_mean,D10_t,D10_alpha_bps,D10_alpha_t,LS_mean,LS_t,LS_alpha_bps,LS_alpha_t,LS_ir,LS_mean_vt,LS_t_vt,LS_alpha_bps_vt,LS_alpha_t_vt,LS_ir_vt,LS_maxDD_vt,LS_hit_vt,avg_turnover_D10,avg_turnover_LS
20,0.018814860906559063,0.008561296233865773,1.1963445171756004,43.35491393930242,1.0107441854728203,0.00785931865448847,3.110334867462195,80.52156804197952,3.2473170084501275,1.0003151246772903,0.007594179247678399,2.9253463530057244,78.58244449398619,3.0750024192662675,0.9722695687065591,-0.10270166716843532,0.6078431372549019,0.1973307951393303,0.2880184857721973
50,0.003202662955541264,0.008265300041156779,1.1569894977250874,40.385246494082374,0.9451889202750798,0.007427290925830174,2.9467852048046947,76.18364311724805,3.0794376546346456,0.94602588383755,0.007158303781188735,2.7630387887899532,74.20180011903308,2.9092102432706817,0.9176527886776317,-0.10499288214713764,0.6078431372549019,0.1973307951393303,0.2880184857721973
100,-0.022831781142028724,0.007771973053308449,1.091078813436546,35.43580075204891,0.8347647103435971,0.006707244711399681,2.672127197570093,68.95376824269565,2.7976498060546526,0.8555745477633303,0.006431844670372628,2.490847965937757,66.90072616077782,2.6312295060208784,0.8266704078480346,-0.10880023800828209,0.6078431372549019,0.1973307951393303,0.2880184857721973
