bps,D10_sharpe,D10_mean,D10_t,D10_alpha_bps,D10_alpha_t,LS_mean,LS_t,LS_alpha_bps,LS_alpha_t,LS_ir,LS_mean_vt,LS_t_vt,LS_alpha_bps_vt,LS_alpha_t_vt,LS_ir_vt,LS_maxDD_vt,LS_hit_vt,avg_turnover_D10,avg_turnover_LS
20,0.21917859209363,0.012153366646183175,2.6745985070001628,60.321397421368566,2.352874564860319,0.010916960278052907,4.149817796375444,118.46010236375746,4.953098039347529,1.4573978152828664,0.01200228637252844,4.404895503755338,130.1331667203252,5.248009391101907,1.5846017421586285,-0.15395263544826876,0.6836158192090396,0.14476905463737416,0.2120351766233495
50,0.20856994915351973,0.011936213064227113,2.6233836019529337,58.127965613280736,2.2643045948496967,0.010598907513117883,4.03692561434064,115.24827868424495,4.825481630125167,1.419125771754383,0.011672523926241572,4.298889652228679,126.8005594475883,5.127525084928936,1.5466845530103226,-0.15695040982960373,0.6836158192090396,0.14476905463737416,0.2120351766233495
100,0.19090157292510349,0.01157429042763368,2.538125403341091,54.47224593313444,2.116677410943222,0.01006881957155951,3.8460733057640084,109.89523921839074,4.609486680104056,1.35441551553701,0.011122919849096793,4.11867812144912,121.24621399302673,4.922476885675726,1.4822998032553325,-0.16192711509426883,0.6836158192090396,0.14476905463737416,0.2120351766233495
