{"LS":{"mean_monthly":0.0104451252,"tstat_monthly":4.0209868573,"hit_rate":0.6836158192,"max_drawdown":-0.2002032606,"capm_alpha":0.0113728918,"capm_alpha_t":4.8310972827,"capm_beta":-0.1466409255,"capm_ir_ann":1.4030821093,"capm_te_ann":0.0972677943},"LS_vt":{"mean_monthly":0.0104451252,"tstat_monthly":4.0209868573,"hit_rate":0.6836158192,"max_drawdown":-0.2002032606,"capm_alpha":0.0113728918,"capm_alpha_t":4.8310972827,"capm_beta":-0.1466409255,"capm_ir_ann":1.4030821093,"capm_te_ann":0.0972677943},"LS_pre_vt":{"mean_monthly":0.010122065,"tstat_monthly":3.8128400787,"hit_rate":0.6836158192,"max_drawdown":-0.2329139138,"capm_alpha":0.0110814064,"capm_alpha_t":4.6127077317,"capm_beta":-0.151631554,"capm_ir_ann":1.2664536211,"capm_te_ann":0.1049994049},"LS_net":{"mean_monthly":0.0111289955,"tstat_monthly":4.2243705403,"hit_rate":0.6892655367,"max_drawdown":-0.1795358758,"capm_alpha":0.0120601318,"capm_alpha_t":5.0372991815,"capm_beta":-0.1471735334,"capm_ir_ann":1.4826646017,"capm_te_ann":0.0976091165},"D10":{"mean_monthly":0.0122981357,"tstat_monthly":2.7087633368,"mean_monthly_excess":0.0046688957,"tstat_monthly_excess":0.9903285726,"ann_sharpe_excess":0.2262538603,"hit_rate":0.5875706215,"max_drawdown":-0.471583886},"dispersion_gate":{"mode":"quantile70","blocked_months":109,"total_months":177},"delisting_risk":{"avg_ls_weighted_multiplier":0.9971449132,"avg_ls_weighted_score":0.0114203472,"avg_ls_flagged":0.4971751412,"avg_ls_high":0.0,"avg_universe_flagged":1.1355932203,"avg_universe_high":0.0,"avg_universe_multiplier":0.9978720306},"LS_alpha_vs_BOVA11":{"alpha_bps_per_month":113.7289183482,"alpha_tstat":4.8310972827,"beta":-0.1466409255,"ir_ann":1.4030821093},"LS_vt_alpha_vs_BOVA11":{"alpha_bps_per_month":113.7289183482,"alpha_tstat":4.8310972827,"beta":-0.1466409255,"ir_ann":1.4030821093},"LS_pre_vt_alpha_vs_BOVA11":{"alpha_bps_per_month":110.8140638039,"alpha_tstat":4.6127077317,"beta":-0.151631554,"ir_ann":1.2664536211},"LS_net_alpha_vs_BOVA11":{"alpha_bps_per_month":120.6013181501,"alpha_tstat":5.0372991815,"beta":-0.1471735334,"ir_ann":1.4826646017},"LS_financing_assumptions":{"avg_short_gross":0.5,"avg_long_gross":0.494650509,"avg_carry":0.0037692387,"avg_borrow_cost":0.0030853684,"carry_multiplier":1.0,"borrow_cost_annual":0.08}}