{
  "correlations": {
    "quality_vs_momentum": 0.2755113347492294,
    "quality_vs_value": 0.10468682857860209,
    "quality_vs_mv_equal": 0.28157627418567777
  },
  "regime_stats": {
    "high_dispersion": {
      "mv_equal": {
        "mean": 0.012212750425584206,
        "cagr": 0.15423688689479786,
        "vol": 0.0676247999384456,
        "sharpe": 0.7239455170543366,
        "hit": 0.7415730337078652,
        "max_dd": -0.04713434959441287,
        "months": 89
      },
      "mvq_equal": {
        "mean": 0.009837398890688267,
        "cagr": 0.12260513520854399,
        "vol": 0.060902619285347,
        "sharpe": 0.3271482459484438,
        "hit": 0.6853932584269663,
        "max_dd": -0.05436170007098862,
        "months": 89
      },
      "mvq_40_40_20": {
        "mean": 0.010787539504646643,
        "cagr": 0.1353815095212656,
        "vol": 0.06048524264957769,
        "sharpe": 0.5238395838213524,
        "hit": 0.6741573033707865,
        "max_dd": -0.038843090943319614,
        "months": 89
      },
      "quality_only": {
        "mean": 0.005086695820896394,
        "cagr": 0.056521896917283376,
        "vol": 0.10903034769708679,
        "sharpe": -0.35004340844138876,
        "hit": 0.5393258426966292,
        "max_dd": -0.34286642174354565,
        "months": 89
      }
    },
    "low_dispersion": {
      "mv_equal": {
        "mean": 0.009354169788023265,
        "cagr": 0.11562580575406556,
        "vol": 0.06857966329683506,
        "sharpe": 0.4116147072108245,
        "hit": 0.6818181818181818,
        "max_dd": -0.049608231307987416,
        "months": 88
      },
      "mvq_equal": {
        "mean": 0.008056399917877662,
        "cagr": 0.09867407546648432,
        "vol": 0.06650147854690254,
        "sharpe": 0.18982625025248193,
        "hit": 0.6704545454545454,
        "max_dd": -0.09410017287208616,
        "months": 88
      },
      "mvq_40_40_20": {
        "mean": 0.008575507865935904,
        "cagr": 0.10552888871724186,
        "vol": 0.06593142029923099,
        "sharpe": 0.28670832978341776,
        "hit": 0.6590909090909091,
        "max_dd": -0.06867972694532487,
        "months": 88
      },
      "quality_only": {
        "mean": 0.005460860177586456,
        "cagr": 0.06298449950043383,
        "vol": 0.09249646943017037,
        "sharpe": -0.20564199738974,
        "hit": 0.5909090909090909,
        "max_dd": -0.2143261683098182,
        "months": 88
      }
    },
    "value_drawdown": {
      "mv_equal": {
        "mean": 0.0006068852154960135,
        "cagr": 0.0055195802874268285,
        "vol": 0.059670040267454705,
        "sharpe": -0.27251262922244746,
        "hit": 0.5454545454545454,
        "max_dd": -0.033544636469317934,
        "months": 11
      },
      "mvq_equal": {
        "mean": -0.0036021945475324464,
        "cagr": -0.044165477973340916,
        "vol": 0.06111369399974832,
        "sharpe": -1.081363356163888,
        "hit": 0.45454545454545453,
        "max_dd": -0.060696929010052525,
        "months": 11
      },
      "mvq_40_40_20": {
        "mean": -0.0019185626423210617,
        "cagr": -0.024487013552070835,
        "vol": 0.0591620222588945,
        "sharpe": -0.7794838500021661,
        "hit": 0.5454545454545454,
        "max_dd": -0.04771135227627388,
        "months": 11
      },
      "quality_only": {
        "mean": -0.012020354073589362,
        "cagr": -0.13868739581030987,
        "vol": 0.0906001787935151,
        "sharpe": -1.8431229115701409,
        "hit": 0.2727272727272727,
        "max_dd": -0.14140393340067592,
        "months": 11
      }
    },
    "momentum_drawdown": {
      "mv_equal": {
        "mean": -7.838621882735042e-05,
        "cagr": -0.00506812651833799,
        "vol": 0.09004045938905338,
        "sharpe": -1.3310362289443256,
        "hit": 0.8,
        "max_dd": -0.049608231307987416,
        "months": 5
      },
      "mvq_equal": {
        "mean": -0.00525016345261528,
        "cagr": -0.06458088147283048,
        "vol": 0.0836468271086296,
        "sharpe": -2.1462914391512444,
        "hit": 0.6,
        "max_dd": -0.049218524875461855,
        "months": 5
      },
      "mvq_40_40_20": {
        "mean": -0.00318145255910011,
        "cagr": -0.04108529611537992,
        "vol": 0.08512584859064763,
        "sharpe": -1.8315468725294575,
        "hit": 0.6,
        "max_dd": -0.0493744074484721,
        "months": 5
      },
      "quality_only": {
        "mean": -0.015593717920191142,
        "cagr": -0.17600735939484735,
        "vol": 0.0981848893421233,
        "sharpe": -3.02521855238426,
        "hit": 0.4,
        "max_dd": -0.048439112010410845,
        "months": 5
      }
    },
    "value_recovery": {
      "mv_equal": {
        "mean": 0.011466421637666176,
        "cagr": 0.1440137596631803,
        "vol": 0.0681714740341651,
        "sharpe": 0.6169646601552407,
        "hit": 0.7228915662650602,
        "max_dd": -0.049608231307987416,
        "months": 166
      },
      "mvq_equal": {
        "mean": 0.00978383032570691,
        "cagr": 0.12174544936905485,
        "vol": 0.06294507779098578,
        "sharpe": 0.3448071700485274,
        "hit": 0.6927710843373494,
        "max_dd": -0.062079526056182166,
        "months": 166
      },
      "mvq_40_40_20": {
        "mean": 0.010456866850490618,
        "cagr": 0.13077151217892036,
        "vol": 0.06273255934472216,
        "sharpe": 0.47650916286784795,
        "hit": 0.6746987951807228,
        "max_dd": -0.0493744074484721,
        "months": 166
      },
      "quality_only": {
        "mean": 0.006418647701788374,
        "cagr": 0.07438855353610907,
        "vol": 0.10055814066244514,
        "sharpe": -0.1905149000262709,
        "hit": 0.5843373493975904,
        "max_dd": -0.29668617987655754,
        "months": 166
      }
    },
    "momentum_recovery": {
      "mv_equal": {
        "mean": 0.011107521280913829,
        "cagr": 0.13922623704429937,
        "vol": 0.0672289211351712,
        "sharpe": 0.6459778096190074,
        "hit": 0.7093023255813954,
        "max_dd": -0.04713434959441276,
        "months": 172
      },
      "mvq_equal": {
        "mean": 0.00936478204248585,
        "cagr": 0.11620011976560196,
        "vol": 0.06257712993023026,
        "sharpe": 0.35604085565571314,
        "hit": 0.6802325581395349,
        "max_dd": -0.12881977913065457,
        "months": 172
      },
      "mvq_40_40_20": {
        "mean": 0.010061877737857043,
        "cagr": 0.12552206417436218,
        "vol": 0.06214552267060327,
        "sharpe": 0.49626368921400626,
        "hit": 0.6686046511627907,
        "max_dd": -0.0856497926066686,
        "months": 172
      },
      "quality_only": {
        "mean": 0.0058793035656299,
        "cagr": 0.06750948972195547,
        "vol": 0.10046055156836205,
        "sharpe": -0.20449501274341414,
        "hit": 0.5697674418604651,
        "max_dd": -0.36443342791248534,
        "months": 172
      }
    },
    "pre_2018": {
      "mv_equal": {
        "mean": 0.014339470222588125,
        "cagr": 0.18368037986402963,
        "vol": 0.06760219142699743,
        "sharpe": 1.0165034768601546,
        "hit": 0.75,
        "max_dd": -0.030375988034117007,
        "months": 84
      },
      "mvq_equal": {
        "mean": 0.011836632631560595,
        "cagr": 0.14939609387527208,
        "vol": 0.06336179425293506,
        "sharpe": 0.6087790775292837,
        "hit": 0.75,
        "max_dd": -0.05436170007098873,
        "months": 84
      },
      "mvq_40_40_20": {
        "mean": 0.012837767667971607,
        "cagr": 0.16319387697803744,
        "vol": 0.06241234676312445,
        "sharpe": 0.8099353024896968,
        "hit": 0.7023809523809523,
        "max_dd": -0.04208031140117241,
        "months": 84
      },
      "quality_only": {
        "mean": 0.0068309574495055495,
        "cagr": 0.07895034785361776,
        "vol": 0.106971164577048,
        "sharpe": -0.19470777757215013,