bps,D10_sharpe,D10_mean,D10_t,D10_alpha_bps,D10_alpha_t,LS_mean,LS_t,LS_alpha_bps,LS_alpha_t,LS_ir,LS_mean_vt,LS_t_vt,LS_alpha_bps_vt,LS_alpha_t_vt,LS_ir_vt,LS_maxDD_vt,LS_hit_vt,avg_turnover_D10,avg_turnover_LS
20,0.09073100394761092,0.009868168418918796,1.6096910282087462,63.65123325472264,1.610199339945254,0.011381299483493215,3.1612456175156125,117.4625378738662,3.513704824756648,1.413749051947006,0.011404282170806548,3.2419177066003786,117.39056770637127,3.573279077505753,1.4808836597788615,-0.1185241059523805,0.6631578947368421,0.30831034806266994,0.38094441697306125
50,0.06592422381137152,0.00940570289682479,1.5360605029898824,59.04846545764444,1.4910794821481814,0.010809882858033625,2.9920392894381638,111.74980861776194,3.330897427784717,1.3435028336947106,0.010856132994741603,3.0778213799454575,111.9071127457124,3.3964971147121856,1.4104664350439213,-0.12208082484501859,0.6631578947368421,0.30831034806266994,0.38094441697306125
100,0.02453916250673439,0.008634927026668113,1.412905594250859,51.37718579584755,1.2933979955827646,0.00985752181560097,2.7124883394629413,102.22859319092156,3.028894967387493,1.2266941511651441,0.00994255103463336,2.8061398226572405,102.76802114461418,3.103957999687178,1.2932992506353862,-0.12798150781266993,0.6526315789473685,0.30831034806266994,0.38094441697306125
