{"LS":{"mean_monthly":0.0078773543,"tstat_monthly":3.1111072092,"hit_rate":0.6274509804,"max_drawdown":-0.1276985081,"capm_alpha":0.0082073104,"capm_alpha_t":3.3351644876,"capm_beta":-0.0666574081,"capm_ir_ann":1.0036468484,"capm_te_ann":0.0981298601},"LS_vt":{"mean_monthly":0.0078773543,"tstat_monthly":3.1111072092,"hit_rate":0.6274509804,"max_drawdown":-0.1276985081,"capm_alpha":0.0082073104,"capm_alpha_t":3.3351644876,"capm_beta":-0.0666574081,"capm_ir_ann":1.0036468484,"capm_te_ann":0.0981298601},"LS_pre_vt":{"mean_monthly":0.0062338907,"tstat_monthly":3.0674764931,"hit_rate":0.6274509804,"max_drawdown":-0.10623254,"capm_alpha":0.0064318342,"capm_alpha_t":3.2655136882,"capm_beta":-0.0399883588,"capm_ir_ann":0.9792590928,"capm_te_ann":0.0788167408},"D10":{"mean_monthly":0.0093622281,"tstat_monthly":1.4315760376,"mean_monthly_excess":0.0011576332,"tstat_monthly_excess":0.1765673134,"ann_sharpe_excess":0.0638443068,"hit_rate":0.5588235294,"max_drawdown":-0.4180895081},"LS_alpha_vs_BOVA11":{"alpha_bps_per_month":82.0731040394,"alpha_tstat":3.3351644876,"beta":-0.0666574081,"ir_ann":1.0036468484},"LS_vt_alpha_vs_BOVA11":{"alpha_bps_per_month":82.0731040394,"alpha_tstat":3.3351644876,"beta":-0.0666574081,"ir_ann":1.0036468484},"LS_pre_vt_alpha_vs_BOVA11":{"alpha_bps_per_month":64.3183417308,"alpha_tstat":3.2655136882,"beta":-0.0399883588,"ir_ann":0.9792590928}}