bps,D10_sharpe,D10_mean,D10_t,D10_alpha_bps,D10_alpha_t,LS_mean,LS_t,LS_alpha_bps,LS_alpha_t,LS_ir,LS_mean_vt,LS_t_vt,LS_alpha_bps_vt,LS_alpha_t_vt,LS_ir_vt,LS_maxDD_vt,LS_hit_vt,avg_turnover_D10,avg_turnover_LS
20,0.052544853974381245,0.009157180670355643,1.4017786987868825,50.552574889174245,1.3735008706305643,0.0075841171202040945,2.999841890738399,79.13007430374357,3.2198583187590613,0.967517529428261,0.007594035604750835,2.869932890715478,79.97167174230789,3.0980803293560086,0.9615222293407956,-0.13257473524783292,0.6274509803921569,0.2050474729252122,0.2932372249767179
50,0.035588238476075736,0.008849609460967828,1.356951691417428,47.47309720796279,1.2951291432876135,0.007144261282739019,2.8322173430038786,74.71552970018593,3.046213047464533,0.9133170749387718,0.007142708140026926,2.705886139850531,75.43612464433355,2.9286180808906925,0.9068588862052754,-0.13418799202824006,0.6274509803921569,0.2050474729252122,0.2932372249767179
100,0.00730789281804961,0.008336990778654796,1.2818905873190893,42.340634405943625,1.163040848717923,0.006411168220297223,2.550937915461619,67.35795536092323,2.7550162586676015,0.8229795232449179,0.006390495698820411,2.4304437944925175,67.87687948104293,2.644271403946337,0.8157275745176804,-0.13687122635659543,0.6078431372549019,0.2050474729252122,0.2932372249767179
