{"LS":{"mean_monthly":0.0104526835,"tstat_monthly":4.2485001684,"hit_rate":0.6723163842,"max_drawdown":-0.1403292977,"capm_alpha":0.010689526,"capm_alpha_t":4.330537359,"capm_beta":-0.0374348445,"capm_ir_ann":1.2803467776,"capm_te_ann":0.1001871634},"LS_vt":{"mean_monthly":0.0104526835,"tstat_monthly":4.2485001684,"hit_rate":0.6723163842,"max_drawdown":-0.1403292977,"capm_alpha":0.010689526,"capm_alpha_t":4.330537359,"capm_beta":-0.0374348445,"capm_ir_ann":1.2803467776,"capm_te_ann":0.1001871634},"LS_pre_vt":{"mean_monthly":0.0101872759,"tstat_monthly":3.9941382741,"hit_rate":0.6723163842,"max_drawdown":-0.1724767841,"capm_alpha":0.0104649485,"capm_alpha_t":4.1319605933,"capm_beta":-0.0438883791,"capm_ir_ann":1.2142367472,"capm_te_ann":0.1034224853},"LS_net":{"mean_monthly":0.0109870665,"tstat_monthly":4.338416187,"hit_rate":0.6779661017,"max_drawdown":-0.1364451792,"capm_alpha":0.0112268621,"capm_alpha_t":4.3808715326,"capm_beta":-0.0379016097,"capm_ir_ann":1.3362031446,"capm_te_ann":0.1008247476},"D10":{"mean_monthly":0.010451957,"tstat_monthly":2.1510805145,"mean_monthly_excess":0.002822717,"tstat_monthly_excess":0.5646627624,"ann_sharpe_excess":0.1314151938,"hit_rate":0.5762711864,"max_drawdown":-0.470160446},"dispersion_gate":{"mode":"none","blocked_months":0,"total_months":177},"regime_scaler":{"mode":"hedge","avg_scale":0.9995682342,"min_scale":0.9444081216,"max_scale":1.0728561946,"weights":{"dispersion":0.4,"vol":0.4,"macro":0.2}},"delisting_risk":{"avg_ls_weighted_multiplier":0.9968238446,"avg_ls_weighted_score":0.0127046214,"avg_ls_flagged":0.6610169492,"avg_ls_high":0.0,"avg_universe_flagged":1.1355932203,"avg_universe_high":0.0,"avg_universe_multiplier":0.9978720306},"LS_alpha_vs_BOVA11":{"alpha_bps_per_month":106.8952598627,"alpha_tstat":4.330537359,"beta":-0.0374348445,"ir_ann":1.2803467776},"LS_vt_alpha_vs_BOVA11":{"alpha_bps_per_month":106.8952598627,"alpha_tstat":4.330537359,"beta":-0.0374348445,"ir_ann":1.2803467776},"LS_pre_vt_alpha_vs_BOVA11":{"alpha_bps_per_month":104.6494850996,"alpha_tstat":4.1319605933,"beta":-0.0438883791,"ir_ann":1.2142367472},"LS_net_alpha_vs_BOVA11":{"alpha_bps_per_month":112.2686206047,"alpha_tstat":4.3808715326,"beta":-0.0379016097,"ir_ann":1.3362031446},"LS_financing_assumptions":{"avg_short_gross":0.5,"avg_long_gross":0.5,"avg_carry":0.0037822697,"avg_borrow_cost":0.0032478867,"carry_multiplier":1.0,"borrow_cost_annual":0.08}}