bps,D10_sharpe,D10_mean,D10_t,D10_alpha_bps,D10_alpha_t,LS_mean,LS_t,LS_alpha_bps,LS_alpha_t,LS_ir,LS_mean_vt,LS_t_vt,LS_alpha_bps_vt,LS_alpha_t_vt,LS_ir_vt,LS_maxDD_vt,LS_hit_vt,avg_turnover_D10,avg_turnover_LS
20,0.1180222930880666,0.010164157082214718,2.0919654420411105,39.44190158007091,1.285297414834165,0.010626079232900447,4.19026344552568,108.66021497223991,4.234721048685562,1.292932177394552,0.010860698724510122,4.368494462439867,110.01752344248489,4.345760687153272,1.3017695447929731,-0.12052638318780573,0.6666666666666666,0.28779992244154856,0.3609872194486736
50,0.09793016975454823,0.009732457198552397,2.003263909385767,35.1410774842298,1.143045040697581,0.010084598403727434,3.9687012240207036,103.24760652359939,4.016114341750357,1.2280483668045448,0.010312594584513989,4.139609171879945,104.53611433302721,4.119549019686312,1.2365493013468893,-0.12269421083100363,0.6666666666666666,0.28779992244154856,0.3609872194486736
100,0.06443630798954116,0.009012957392448524,1.8553574085424978,27.973037324494634,0.9070734658933434,0.00918213035510575,3.6012353316050754,94.22659244253177,3.653445198252716,1.1199774975680465,0.009399087684520432,3.7598819921684683,95.4004324839311,3.7445937434920338,1.1278821790972757,-0.12629846140284506,0.6497175141242938,0.28779992244154856,0.3609872194486736
