{
  "max_drawdown_full": -0.14032929774568093,
  "max_drawdown_12m": -0.05054470563215008,
  "max_drawdown_24m": -0.14032929774568093,
  "worst_month": -0.07499877358116153,
  "avg_ls_multiplier": 0.9968238446485416,
  "avg_ls_score": 0.012704621405834305,
  "last_ls_multiplier": 0.9944096803028524,
  "last_ls_flagged": 1.0,
  "last_ls_high": 0.0
}