{"LS":{"mean_monthly":0.0074191291,"tstat_monthly":2.9583119223,"hit_rate":0.6078431373,"max_drawdown":-0.1126266102,"capm_alpha":0.0072627348,"capm_alpha_t":2.9696694031,"capm_beta":0.0315946347,"capm_ir_ann":0.875521139,"capm_te_ann":0.0995439332},"LS_vt":{"mean_monthly":0.0074191291,"tstat_monthly":2.9583119223,"hit_rate":0.6078431373,"max_drawdown":-0.1126266102,"capm_alpha":0.0072627348,"capm_alpha_t":2.9696694031,"capm_beta":0.0315946347,"capm_ir_ann":0.875521139,"capm_te_ann":0.0995439332},"LS_pre_vt":{"mean_monthly":0.0072432615,"tstat_monthly":2.8902565061,"hit_rate":0.6078431373,"max_drawdown":-0.1124621635,"capm_alpha":0.0070735413,"capm_alpha_t":2.9141250001,"capm_beta":0.034286721,"capm_ir_ann":0.8765264907,"capm_te_ann":0.0968396239},"D10":{"mean_monthly":0.0089033333,"tstat_monthly":1.243421315,"mean_monthly_excess":0.0006987384,"tstat_monthly_excess":0.0974897967,"ann_sharpe_excess":0.0361982148,"hit_rate":0.5784313725,"max_drawdown":-0.4730052376},"LS_alpha_vs_BOVA11":{"alpha_bps_per_month":72.6273481173,"alpha_tstat":2.9696694031,"beta":0.0315946347,"ir_ann":0.875521139},"LS_vt_alpha_vs_BOVA11":{"alpha_bps_per_month":72.6273481173,"alpha_tstat":2.9696694031,"beta":0.0315946347,"ir_ann":0.875521139},"LS_pre_vt_alpha_vs_BOVA11":{"alpha_bps_per_month":70.7354130549,"alpha_tstat":2.9141250001,"beta":0.034286721,"ir_ann":0.8765264907}}