bps,D10_sharpe,D10_mean,D10_t,D10_alpha_bps,D10_alpha_t,LS_mean,LS_t,LS_alpha_bps,LS_alpha_t,LS_ir,LS_mean_vt,LS_t_vt,LS_alpha_bps_vt,LS_alpha_t_vt,LS_ir_vt,LS_maxDD_vt,LS_hit_vt,avg_turnover_D10,avg_turnover_LS
20,0.02621051341592641,0.008710452759807485,1.2178792109001293,44.93205291387224,1.0280766856069525,0.007137421017933073,2.8513232688268335,69.80250367447526,2.8588153484248875,0.841366448211691,0.007039458295012232,2.812347055920427,69.16698443951384,2.8087268560634135,0.8308548963641145,-0.11700522050378359,0.5980392156862745,0.192880567145273,0.281708130759708
50,0.011222496941403464,0.008421131909089573,1.1794503552328095,42.03461715514839,0.9651054743480547,0.006714858821793512,2.690000930482979,65.56523701025523,2.691757391277912,0.7901250990614669,0.0066125997852674746,2.6488094835305036,64.88251103271094,2.641050072506501,0.779218021953333,-0.12088858451367968,0.5980392156862745,0.192880567145273,0.281708130759708
100,-0.013774349193837401,0.007938930491226391,1.1150935214340478,37.20555755727528,0.8591567543436156,0.006010588494894241,2.4189146251207307,58.50312590322182,2.41129146147368,0.7047123228012845,0.005901168935692881,2.37405701496383,57.74172202137275,2.359524652426881,0.6931480394547472,-0.13104238921647504,0.5980392156862745,0.192880567145273,0.281708130759708
