bps,D10_sharpe,D10_mean,D10_t,D10_alpha_bps,D10_alpha_t,LS_mean,LS_t,LS_alpha_bps,LS_alpha_t,LS_ir,LS_mean_vt,LS_t_vt,LS_alpha_bps_vt,LS_alpha_t_vt,LS_ir_vt,LS_maxDD_vt,LS_hit_vt,avg_turnover_D10,avg_turnover_LS
20,0.07095484654274857,0.009462615694589704,1.5615469294477844,61.43023961398226,1.5091473516406915,0.0081978778338057,2.2879054825033505,85.67908133565525,2.5857031697015844,1.0332643151037986,0.008182057873417274,2.39264834703461,85.2093074822352,2.6795070995794825,1.0936689277830203,-0.14964119085453764,0.631578947368421,0.2766280697859645,0.3504216626937512
50,0.048039880154015786,0.009047673589910758,1.4941903033029644,57.29715827687781,1.4066760146689996,0.007672245339765075,2.1340377585233905,80.42336099290833,2.4181733492317785,0.9688146596945267,0.007682667470632146,2.24034381934249,80.21309328472636,2.5144338520712437,1.02867968310383,-0.15279174130641715,0.6105263157894737,0.2766280697859645,0.3504216626937512
100,0.009827050748940322,0.008356103415445846,1.381678251082826,50.40868938170378,1.2361427273320644,0.006796191183030696,1.8797721059497345,71.66382708833015,2.1415460749323096,0.8616675622352029,0.0068503501326569296,1.9882242828232357,71.88606962221164,2.241407509282729,0.9205492205022405,-0.15802052126584976,0.5894736842105263,0.2766280697859645,0.3504216626937512
