{"LS":{"mean_monthly":0.0085482995,"tstat_monthly":2.3910281916,"hit_rate":0.6421052632,"max_drawdown":-0.1660785263,"capm_alpha":0.0089182895,"capm_alpha_t":2.6980359029,"capm_beta":-0.0890699307,"capm_ir_ann":1.0762953438,"capm_te_ann":0.0994331849},"LS_vt":{"mean_monthly":0.0085482995,"tstat_monthly":2.3910281916,"hit_rate":0.6421052632,"max_drawdown":-0.1660785263,"capm_alpha":0.0089182895,"capm_alpha_t":2.6980359029,"capm_beta":-0.0890699307,"capm_ir_ann":1.0762953438,"capm_te_ann":0.0994331849},"LS_pre_vt":{"mean_monthly":0.0095823208,"tstat_monthly":2.1674969447,"hit_rate":0.6421052632,"max_drawdown":-0.2428457334,"capm_alpha":0.0100576096,"capm_alpha_t":2.4880870721,"capm_beta":-0.114419154,"capm_ir_ann":0.9471391781,"capm_te_ann":0.1274272234},"D10":{"mean_monthly":0.0097392438,"tstat_monthly":1.6063876949,"mean_monthly_excess":0.0015609135,"tstat_monthly_excess":0.2589732982,"ann_sharpe_excess":0.0862260287,"hit_rate":0.5894736842,"max_drawdown":-0.3404258489},"LS_alpha_vs_BOVA11":{"alpha_bps_per_month":89.1828948975,"alpha_tstat":2.6980359029,"beta":-0.0890699307,"ir_ann":1.0762953438},"LS_vt_alpha_vs_BOVA11":{"alpha_bps_per_month":89.1828948975,"alpha_tstat":2.6980359029,"beta":-0.0890699307,"ir_ann":1.0762953438},"LS_pre_vt_alpha_vs_BOVA11":{"alpha_bps_per_month":100.5760963884,"alpha_tstat":2.4880870721,"beta":-0.114419154,"ir_ann":0.9471391781}}