{"LS":{"mean_monthly":0.0083194382,"tstat_monthly":3.21568812,"hit_rate":0.637254902,"max_drawdown":-0.1094904589,"capm_alpha":0.0081264388,"capm_alpha_t":3.2328287389,"capm_beta":0.0389895553,"capm_ir_ann":0.9760757879,"capm_te_ann":0.0999074733},"LS_vt":{"mean_monthly":0.0083194382,"tstat_monthly":3.21568812,"hit_rate":0.637254902,"max_drawdown":-0.1094904589,"capm_alpha":0.0081264388,"capm_alpha_t":3.2328287389,"capm_beta":0.0389895553,"capm_ir_ann":0.9760757879,"capm_te_ann":0.0999074733},"LS_pre_vt":{"mean_monthly":0.0080030658,"tstat_monthly":3.1064569709,"hit_rate":0.637254902,"max_drawdown":-0.1099736683,"capm_alpha":0.0077834751,"capm_alpha_t":3.1489595457,"capm_beta":0.0443614992,"capm_ir_ann":0.968485661,"capm_te_ann":0.0964409747},"D10":{"mean_monthly":0.0091149704,"tstat_monthly":1.2566823896,"mean_monthly_excess":0.0009103754,"tstat_monthly_excess":0.125482283,"ann_sharpe_excess":0.046601889,"hit_rate":0.5784313725,"max_drawdown":-0.4657274767},"LS_alpha_vs_BOVA11":{"alpha_bps_per_month":81.2643881105,"alpha_tstat":3.2328287389,"beta":0.0389895553,"ir_ann":0.9760757879},"LS_vt_alpha_vs_BOVA11":{"alpha_bps_per_month":81.2643881105,"alpha_tstat":3.2328287389,"beta":0.0389895553,"ir_ann":0.9760757879},"LS_pre_vt_alpha_vs_BOVA11":{"alpha_bps_per_month":77.8347509568,"alpha_tstat":3.1489595457,"beta":0.0443614992,"ir_ann":0.968485661}}