bps,D10_sharpe,D10_mean,D10_t,D10_alpha_bps,D10_alpha_t,LS_mean,LS_t,LS_alpha_bps,LS_alpha_t,LS_ir,LS_mean_vt,LS_t_vt,LS_alpha_bps_vt,LS_alpha_t_vt,LS_ir_vt,LS_maxDD_vt,LS_hit_vt,avg_turnover_D10,avg_turnover_LS
20,0.03593465337467655,0.008906494331147161,1.2292627589839937,46.55913293771054,1.050709197092259,0.008021972103415757,3.1061538006176233,78.27759597845731,3.1188839415894125,0.9401755565068577,0.007951140119167862,3.059552784154936,78.07675265403292,3.0516916679123285,0.9358829095849036,-0.11562723046475465,0.6274509803921569,0.20847602832896944,0.2974661109784725
50,0.019928615366149354,0.008593780288653707,1.188016854638421,43.42462089819667,0.9831442185631162,0.0075757729369480475,2.941035679406667,73.79740778041648,2.9471871325948342,0.8863013574454834,0.00750169616253258,2.8946844222010175,73.55840513012346,2.8827728161963533,0.8817185331429448,-0.12205176423669817,0.6274509803921569,0.20847602832896944,0.2974661109784725
100,-0.006761502426634533,0.008072590217831282,1.1189630785331124,38.20043416567355,0.8695355461967483,0.006832107659501867,2.66368711180401,66.33042745034848,2.658985564,0.7964623168767733,0.006752622901473776,2.617544218884804,66.02782592360775,2.598911818806935,0.7913796940253169,-0.13266330769156076,0.6176470588235294,0.20847602832896944,0.2974661109784725
