{"LS":{"mean_monthly":0.0066666472,"tstat_monthly":2.7896037045,"hit_rate":0.6078431373,"max_drawdown":-0.1471404637,"capm_alpha":0.006667134,"capm_alpha_t":2.7804294723,"capm_beta":-0.0000983555,"capm_ir_ann":0.7944296553,"capm_te_ann":0.1007082349},"LS_vt":{"mean_monthly":0.0066666472,"tstat_monthly":2.7896037045,"hit_rate":0.6078431373,"max_drawdown":-0.1471404637,"capm_alpha":0.006667134,"capm_alpha_t":2.7804294723,"capm_beta":-0.0000983555,"capm_ir_ann":0.7944296553,"capm_te_ann":0.1007082349},"LS_pre_vt":{"mean_monthly":0.0077431177,"tstat_monthly":3.2620973559,"hit_rate":0.6078431373,"max_drawdown":-0.1038521903,"capm_alpha":0.0076743897,"capm_alpha_t":3.2957331436,"capm_beta":0.0138843548,"capm_ir_ann":0.8131734063,"capm_te_ann":0.1132509696},"D10":{"mean_monthly":0.0130311061,"tstat_monthly":1.5122919508,"mean_monthly_excess":0.0048265112,"tstat_monthly_excess":0.5605701593,"ann_sharpe_excess":0.2314896377,"hit_rate":0.5784313725,"max_drawdown":-0.5131969931},"LS_alpha_vs_BOVA11":{"alpha_bps_per_month":66.671340275,"alpha_tstat":2.7804294723,"beta":-0.0000983555,"ir_ann":0.7944296553},"LS_vt_alpha_vs_BOVA11":{"alpha_bps_per_month":66.671340275,"alpha_tstat":2.7804294723,"beta":-0.0000983555,"ir_ann":0.7944296553},"LS_pre_vt_alpha_vs_BOVA11":{"alpha_bps_per_month":76.7438972443,"alpha_tstat":3.2957331436,"beta":0.0138843548,"ir_ann":0.8131734063}}