{"LS":{"mean_monthly":0.0066232799,"tstat_monthly":3.3740772102,"hit_rate":0.5923913043,"max_drawdown":-0.1614340334,"capm_alpha":0.006511561,"capm_alpha_t":3.2174660603,"capm_beta":0.016710759,"capm_ir_ann":0.7530569484,"capm_te_ann":0.1037620495},"LS_vt":{"mean_monthly":0.0066232799,"tstat_monthly":3.3740772102,"hit_rate":0.5923913043,"max_drawdown":-0.1614340334,"capm_alpha":0.006511561,"capm_alpha_t":3.2174660603,"capm_beta":0.016710759,"capm_ir_ann":0.7530569484,"capm_te_ann":0.1037620495},"LS_pre_vt":{"mean_monthly":0.0052790069,"tstat_monthly":3.1104947402,"hit_rate":0.5923913043,"max_drawdown":-0.1259381039,"capm_alpha":0.0052049358,"capm_alpha_t":3.0011459979,"capm_beta":0.0110794562,"capm_ir_ann":0.7017242384,"capm_te_ann":0.0890082257},"LS_net":{"mean_monthly":0.0073771528,"tstat_monthly":3.5800617941,"hit_rate":0.6086956522,"max_drawdown":-0.1477164476,"capm_alpha":0.0072691062,"capm_alpha_t":3.4165537421,"capm_beta":0.0161614617,"capm_ir_ann":0.8369091365,"capm_te_ann":0.1042278919},"D10":{"mean_monthly":0.0129782848,"tstat_monthly":2.5236373286,"mean_monthly_excess":0.0053135958,"tstat_monthly_excess":1.0278049564,"ann_sharpe_excess":0.2431712926,"hit_rate":0.5597826087,"max_drawdown":-0.4870498709},"dispersion_gate":{"mode":"quantile80","blocked_months":132,"total_months":184},"delisting_risk":{"avg_ls_weighted_multiplier":0.9989518688,"avg_ls_weighted_score":0.004192525,"avg_ls_flagged":0.1739130435,"avg_ls_high":0.0,"avg_universe_flagged":0.7336956522,"avg_universe_high":0.0,"avg_universe_multiplier":0.9984226814},"LS_alpha_vs_BOVA11":{"alpha_bps_per_month":65.1156102699,"alpha_tstat":3.2174660603,"beta":0.016710759,"ir_ann":0.7530569484},"LS_vt_alpha_vs_BOVA11":{"alpha_bps_per_month":65.1156102699,"alpha_tstat":3.2174660603,"beta":0.016710759,"ir_ann":0.7530569484},"LS_pre_vt_alpha_vs_BOVA11":{"alpha_bps_per_month":52.0493578563,"alpha_tstat":3.0011459979,"beta":0.0110794562,"ir_ann":0.7017242384},"LS_net_alpha_vs_BOVA11":{"alpha_bps_per_month":72.6910624848,"alpha_tstat":3.4165537421,"beta":0.0161614617,"ir_ann":0.8369091365},"LS_financing_assumptions":{"avg_short_gross":0.5,"avg_long_gross":0.5,"avg_carry":0.0051851894,"avg_borrow_cost":0.0044313165,"carry_multiplier":1.0,"borrow_cost_annual":0.08}}