bps,D10_sharpe,D10_mean,D10_t,D10_alpha_bps,D10_alpha_t,LS_mean,LS_t,LS_alpha_bps,LS_alpha_t,LS_ir,LS_mean_vt,LS_t_vt,LS_alpha_bps_vt,LS_alpha_t_vt,LS_ir_vt,LS_maxDD_vt,LS_hit_vt,avg_turnover_D10,avg_turnover_LS
20,0.06501595537554825,0.009669638103267071,1.121987154621896,49.895382968816705,0.8599379283754803,0.0049447939334582155,2.1640035848874666,47.50014868644396,2.010584953356585,0.5710442556953372,0.004657669327698535,2.0285414869075544,44.71498401692356,1.8711595033831783,0.5490396104670247,-0.12365990880130495,0.5980392156862745,0.21730234181214572,0.29650472983806325
50,0.05056752629227397,0.00934368459054885,1.0858388623467312,46.6348965838803,0.8058778477087584,0.0045000368387011205,1.9724805894646928,43.026898181258204,1.8228225275099463,0.5169020137754751,0.004223543542625583,1.8418185897041666,40.34578198881083,1.6891298966602468,0.4951044628389818,-0.12611292123558915,0.5882352941176471,0.21730234181214572,0.29650472983806325
100,0.026465255122302623,0.008800428736018488,1.0253296048067118,41.20075260898627,0.7151182692881881,0.0037587750141059623,1.6516063388453883,35.57148067261529,1.5088643217938331,0.42678204964531447,0.0035000005675039987,1.5291118099552767,33.06377860862299,1.384973177218601,0.4052970792700307,-0.13664169028961304,0.5784313725490197,0.21730234181214572,0.29650472983806325
