{"LS":{"mean_monthly":0.0052412987,"tstat_monthly":2.2912403749,"hit_rate":0.5980392157,"max_drawdown":-0.125513823,"capm_alpha":0.0050482316,"capm_alpha_t":2.1354751607,"capm_beta":0.0390032301,"capm_ir_ann":0.6071628214,"capm_te_ann":0.0997735314},"LS_vt":{"mean_monthly":0.0052412987,"tstat_monthly":2.2912403749,"hit_rate":0.5980392157,"max_drawdown":-0.125513823,"capm_alpha":0.0050482316,"capm_alpha_t":2.1354751607,"capm_beta":0.0390032301,"capm_ir_ann":0.6071628214,"capm_te_ann":0.0997735314},"LS_pre_vt":{"mean_monthly":0.0066024857,"tstat_monthly":2.4885381128,"hit_rate":0.5980392157,"max_drawdown":-0.1406754653,"capm_alpha":0.00636223,"capm_alpha_t":2.3741051331,"capm_beta":0.0485362189,"capm_ir_ann":0.6501938525,"capm_te_ann":0.1174215345},"D10":{"mean_monthly":0.0098869404,"tstat_monthly":1.1460204479,"mean_monthly_excess":0.0016823455,"tstat_monthly_excess":0.1949020246,"ann_sharpe_excess":0.0746427639,"hit_rate":0.5784313725,"max_drawdown":-0.5899157686},"LS_alpha_vs_BOVA11":{"alpha_bps_per_month":50.4823156899,"alpha_tstat":2.1354751607,"beta":0.0390032301,"ir_ann":0.6071628214},"LS_vt_alpha_vs_BOVA11":{"alpha_bps_per_month":50.4823156899,"alpha_tstat":2.1354751607,"beta":0.0390032301,"ir_ann":0.6071628214},"LS_pre_vt_alpha_vs_BOVA11":{"alpha_bps_per_month":63.6222999103,"alpha_tstat":2.3741051331,"beta":0.0485362189,"ir_ann":0.6501938525}}