{"LS":{"mean_monthly":0.0050845863,"tstat_monthly":2.4782154744,"hit_rate":0.5706521739,"max_drawdown":-0.2131282743,"capm_alpha":0.0044455278,"capm_alpha_t":2.1570502419,"capm_beta":0.0955895167,"capm_ir_ann":0.5481753418,"capm_te_ann":0.0973161859},"LS_vt":{"mean_monthly":0.0050845863,"tstat_monthly":2.4782154744,"hit_rate":0.5706521739,"max_drawdown":-0.2131282743,"capm_alpha":0.0044455278,"capm_alpha_t":2.1570502419,"capm_beta":0.0955895167,"capm_ir_ann":0.5481753418,"capm_te_ann":0.0973161859},"LS_pre_vt":{"mean_monthly":0.0020920135,"tstat_monthly":2.2712055768,"hit_rate":0.5706521739,"max_drawdown":-0.1161873289,"capm_alpha":0.0018003405,"capm_alpha_t":1.9318834839,"capm_beta":0.043628055,"capm_ir_ann":0.4840173729,"capm_te_ann":0.0446349403},"LS_net":{"mean_monthly":0.0062388853,"tstat_monthly":3.1036240231,"hit_rate":0.5815217391,"max_drawdown":-0.1306895814,"capm_alpha":0.0056088894,"capm_alpha_t":2.7770179899,"capm_beta":0.094233928,"capm_ir_ann":0.6927801077,"capm_te_ann":0.0971544543},"D10":{"mean_monthly":0.0089562477,"tstat_monthly":2.1747357381,"mean_monthly_excess":0.0012915587,"tstat_monthly_excess":0.3031934505,"ann_sharpe_excess":0.0661659999,"hit_rate":0.5434782609,"max_drawdown":-0.4399871388},"dispersion_gate":{"mode":"none","blocked_months":0,"total_months":184},"delisting_risk":{"avg_ls_weighted_multiplier":0.9988731987,"avg_ls_weighted_score":0.0045072052,"avg_ls_flagged":0.7336956522,"avg_ls_high":0.0,"avg_universe_flagged":0.7336956522,"avg_universe_high":0.0,"avg_universe_multiplier":0.9984226814},"LS_alpha_vs_BOVA11":{"alpha_bps_per_month":44.4552778962,"alpha_tstat":2.1570502419,"beta":0.0955895167,"ir_ann":0.5481753418},"LS_vt_alpha_vs_BOVA11":{"alpha_bps_per_month":44.4552778962,"alpha_tstat":2.1570502419,"beta":0.0955895167,"ir_ann":0.5481753418},"LS_pre_vt_alpha_vs_BOVA11":{"alpha_bps_per_month":18.00340544,"alpha_tstat":1.9318834839,"beta":0.043628055,"ir_ann":0.4840173729},"LS_net_alpha_vs_BOVA11":{"alpha_bps_per_month":56.0888944124,"alpha_tstat":2.7770179899,"beta":0.094233928,"ir_ann":0.6927801077},"LS_financing_assumptions":{"avg_short_gross":0.5,"avg_long_gross":0.5,"avg_carry":0.0082563821,"avg_borrow_cost":0.0071020831,"carry_multiplier":1.0,"borrow_cost_annual":0.08}}