{"LS":{"mean_monthly":0.0097611732,"tstat_monthly":3.9928898651,"hit_rate":0.6779661017,"max_drawdown":-0.1415053502,"capm_alpha":0.0100610564,"capm_alpha_t":4.1635922576,"capm_beta":-0.0473989316,"capm_ir_ann":1.2142584788,"capm_te_ann":0.0994291403},"LS_vt":{"mean_monthly":0.0097611732,"tstat_monthly":3.9928898651,"hit_rate":0.6779661017,"max_drawdown":-0.1415053502,"capm_alpha":0.0100610564,"capm_alpha_t":4.1635922576,"capm_beta":-0.0473989316,"capm_ir_ann":1.2142584788,"capm_te_ann":0.0994291403},"LS_pre_vt":{"mean_monthly":0.0095282026,"tstat_monthly":3.7522789332,"hit_rate":0.6779661017,"max_drawdown":-0.1779218434,"capm_alpha":0.0098764319,"capm_alpha_t":3.9834126141,"capm_beta":-0.0550404156,"capm_ir_ann":1.1437930912,"capm_te_ann":0.1036176766},"LS_net":{"mean_monthly":0.0103204794,"tstat_monthly":4.1092393896,"hit_rate":0.6723163842,"max_drawdown":-0.1376139804,"capm_alpha":0.0106229739,"capm_alpha_t":4.2412403381,"capm_beta":-0.0478116698,"capm_ir_ann":1.2746349875,"capm_te_ann":0.1000095624},"D10":{"mean_monthly":0.010451957,"tstat_monthly":2.1510805145,"mean_monthly_excess":0.002822717,"tstat_monthly_excess":0.5646627624,"ann_sharpe_excess":0.1314151938,"hit_rate":0.5762711864,"max_drawdown":-0.470160446},"dispersion_gate":{"mode":"none","blocked_months":0,"total_months":177},"delisting_risk":{"avg_ls_weighted_multiplier":0.9968521132,"avg_ls_weighted_score":0.0125915473,"avg_ls_flagged":0.6666666667,"avg_ls_high":0.0,"avg_universe_flagged":1.1355932203,"avg_universe_high":0.0,"avg_universe_multiplier":0.9978720306},"LS_alpha_vs_BOVA11":{"alpha_bps_per_month":100.6105638702,"alpha_tstat":4.1635922576,"beta":-0.0473989316,"ir_ann":1.2142584788},"LS_vt_alpha_vs_BOVA11":{"alpha_bps_per_month":100.6105638702,"alpha_tstat":4.1635922576,"beta":-0.0473989316,"ir_ann":1.2142584788},"LS_pre_vt_alpha_vs_BOVA11":{"alpha_bps_per_month":98.7643188582,"alpha_tstat":3.9834126141,"beta":-0.0550404156,"ir_ann":1.1437930912},"LS_net_alpha_vs_BOVA11":{"alpha_bps_per_month":106.2297394086,"alpha_tstat":4.2412403381,"beta":-0.0478116698,"ir_ann":1.2746349875},"LS_financing_assumptions":{"avg_short_gross":0.5,"avg_long_gross":0.5,"avg_carry":0.0037576582,"avg_borrow_cost":0.0031983519,"carry_multiplier":1.0,"borrow_cost_annual":0.08}}