{"LS":{"mean_monthly":0.0095592121,"tstat_monthly":3.9340271527,"hit_rate":0.6723163842,"max_drawdown":-0.1380727472,"capm_alpha":0.0098592827,"capm_alpha_t":4.0963437129,"capm_beta":-0.0474285458,"capm_ir_ann":1.1894160933,"capm_te_ann":0.0994701458},"LS_vt":{"mean_monthly":0.0095592121,"tstat_monthly":3.9340271527,"hit_rate":0.6723163842,"max_drawdown":-0.1380727472,"capm_alpha":0.0098592827,"capm_alpha_t":4.0963437129,"capm_beta":-0.0474285458,"capm_ir_ann":1.1894160933,"capm_te_ann":0.0994701458},"LS_pre_vt":{"mean_monthly":0.0093571515,"tstat_monthly":3.6873452,"hit_rate":0.6723163842,"max_drawdown":-0.1800758205,"capm_alpha":0.0097112919,"capm_alpha_t":3.9134767371,"capm_beta":-0.0559747157,"capm_ir_ann":1.1193241783,"capm_te_ann":0.1041123784},"LS_net":{"mean_monthly":0.0101113815,"tstat_monthly":4.0469015727,"hit_rate":0.6610169492,"max_drawdown":-0.1341643585,"capm_alpha":0.0104140637,"capm_alpha_t":4.1715103128,"capm_beta":-0.0478413331,"capm_ir_ann":1.2488854065,"capm_te_ann":0.1000642364},"D10":{"mean_monthly":0.0103818773,"tstat_monthly":2.1345477369,"mean_monthly_excess":0.0027526373,"tstat_monthly_excess":0.5500916938,"ann_sharpe_excess":0.1279318872,"hit_rate":0.5762711864,"max_drawdown":-0.470160446},"LS_alpha_vs_BOVA11":{"alpha_bps_per_month":98.5928268419,"alpha_tstat":4.0963437129,"beta":-0.0474285458,"ir_ann":1.1894160933},"LS_vt_alpha_vs_BOVA11":{"alpha_bps_per_month":98.5928268419,"alpha_tstat":4.0963437129,"beta":-0.0474285458,"ir_ann":1.1894160933},"LS_pre_vt_alpha_vs_BOVA11":{"alpha_bps_per_month":97.1129186591,"alpha_tstat":3.9134767371,"beta":-0.0559747157,"ir_ann":1.1193241783},"LS_net_alpha_vs_BOVA11":{"alpha_bps_per_month":104.1406371752,"alpha_tstat":4.1715103128,"beta":-0.0478413331,"ir_ann":1.2488854065},"LS_financing_assumptions":{"avg_short_gross":0.5,"avg_long_gross":0.5,"avg_carry":0.0037405371,"avg_borrow_cost":0.0031883677,"carry_multiplier":1.0,"borrow_cost_annual":0.08}}