{"LS":{"mean_monthly":0.0095246851,"tstat_monthly":2.4741791345,"hit_rate":0.6421052632,"max_drawdown":-0.1615859991,"capm_alpha":0.0098199183,"capm_alpha_t":2.7191947466,"capm_beta":-0.0710732742,"capm_ir_ann":1.1651876308,"capm_te_ann":0.1011330847},"LS_vt":{"mean_monthly":0.0095246851,"tstat_monthly":2.4741791345,"hit_rate":0.6421052632,"max_drawdown":-0.1615859991,"capm_alpha":0.0098199183,"capm_alpha_t":2.7191947466,"capm_beta":-0.0710732742,"capm_ir_ann":1.1651876308,"capm_te_ann":0.1011330847},"LS_pre_vt":{"mean_monthly":0.0104027747,"tstat_monthly":2.2848777279,"hit_rate":0.6421052632,"max_drawdown":-0.2323249461,"capm_alpha":0.0107846542,"capm_alpha_t":2.5525066646,"capm_beta":-0.0919321566,"capm_ir_ann":1.0288960192,"capm_te_ann":0.1257812726},"D10":{"mean_monthly":0.0098395689,"tstat_monthly":1.6382641522,"mean_monthly_excess":0.0016612386,"tstat_monthly_excess":0.2788738048,"ann_sharpe_excess":0.0926088293,"hit_rate":0.6,"max_drawdown":-0.3290928001},"LS_alpha_vs_BOVA11":{"alpha_bps_per_month":98.1991827646,"alpha_tstat":2.7191947466,"beta":-0.0710732742,"ir_ann":1.1651876308},"LS_vt_alpha_vs_BOVA11":{"alpha_bps_per_month":98.1991827646,"alpha_tstat":2.7191947466,"beta":-0.0710732742,"ir_ann":1.1651876308},"LS_pre_vt_alpha_vs_BOVA11":{"alpha_bps_per_month":107.846542187,"alpha_tstat":2.5525066646,"beta":-0.0919321566,"ir_ann":1.0288960192}}