bps,D10_sharpe,D10_mean,D10_t,D10_alpha_bps,D10_alpha_t,LS_mean,LS_t,LS_alpha_bps,LS_alpha_t,LS_ir,LS_mean_vt,LS_t_vt,LS_alpha_bps_vt,LS_alpha_t_vt,LS_ir_vt,LS_maxDD_vt,LS_hit_vt,avg_turnover_D10,avg_turnover_LS
20,0.07765761816607894,0.009571282073621151,1.5940079711171784,62.705403043326456,1.5644537629020279,0.009180004229982691,2.379702713542241,94.75123336541427,2.6176963288875736,1.1234702135114947,0.009162518651135808,2.4784440784359445,94.31488656676234,2.706246721164796,1.1870894636349867,-0.1448479100725959,0.6210526315789474,0.26828682039208346,0.3446808513957653
50,0.055227067293477684,0.009168851843033024,1.5275703097151379,58.69292971250513,1.462912028379801,0.008662982952889038,2.238687920786264,89.57930926658479,2.4662792063343133,1.0609867220667377,0.008670479150609993,2.339201229980612,89.39031468984392,2.557289193143891,1.1241544443691909,-0.14776821332522805,0.6105263157894737,0.26828682039208346,0.3446808513957653
100,0.017833469159671485,0.008498134792052817,1.4167023009203301,52.005474161136284,1.2940683460304598,0.007801280824399626,2.0055287337382417,80.9594357685356,2.216129538339265,0.9571039639588047,0.0078504133164003,2.108620903863634,81.1826948949799,2.310840313416733,1.0194414454401979,-0.15261648126080285,0.6,0.26828682039208346,0.3446808513957653
