{"LS":{"mean_monthly":0.0070695235,"tstat_monthly":3.0088934454,"hit_rate":0.637254902,"max_drawdown":-0.1095213937,"capm_alpha":0.00689171,"capm_alpha_t":2.9847750108,"capm_beta":0.0359217169,"capm_ir_ann":0.8469479525,"capm_te_ann":0.0976453391},"LS_vt":{"mean_monthly":0.0070695235,"tstat_monthly":3.0088934454,"hit_rate":0.637254902,"max_drawdown":-0.1095213937,"capm_alpha":0.00689171,"capm_alpha_t":2.9847750108,"capm_beta":0.0359217169,"capm_ir_ann":0.8469479525,"capm_te_ann":0.0976453391},"LS_pre_vt":{"mean_monthly":0.0065310515,"tstat_monthly":2.9695919088,"hit_rate":0.637254902,"max_drawdown":-0.1018467182,"capm_alpha":0.0063327937,"capm_alpha_t":2.9493453273,"capm_beta":0.0400518511,"capm_ir_ann":0.8274765099,"capm_te_ann":0.0918376814},"D10":{"mean_monthly":0.0086280599,"tstat_monthly":1.2044041454,"mean_monthly_excess":0.0004234649,"tstat_monthly_excess":0.0591601856,"ann_sharpe_excess":0.0216162038,"hit_rate":0.568627451,"max_drawdown":-0.457733639},"LS_alpha_vs_BOVA11":{"alpha_bps_per_month":68.9171000458,"alpha_tstat":2.9847750108,"beta":0.0359217169,"ir_ann":0.8469479525},"LS_vt_alpha_vs_BOVA11":{"alpha_bps_per_month":68.9171000458,"alpha_tstat":2.9847750108,"beta":0.0359217169,"ir_ann":0.8469479525},"LS_pre_vt_alpha_vs_BOVA11":{"alpha_bps_per_month":63.3279367259,"alpha_tstat":2.9493453273,"beta":0.0400518511,"ir_ann":0.8274765099}}