bps,D10_sharpe,D10_mean,D10_t,D10_alpha_bps,D10_alpha_t,LS_mean,LS_t,LS_alpha_bps,LS_alpha_t,LS_ir,LS_mean_vt,LS_t_vt,LS_alpha_bps_vt,LS_alpha_t_vt,LS_ir_vt,LS_maxDD_vt,LS_hit_vt,avg_turnover_D10,avg_turnover_LS
20,0.01046627402864089,0.008409608622786112,1.1751829776611504,41.23513986432045,0.9592343133409191,0.006749592598133316,2.8785590488708954,65.70377722356743,2.850372703595629,0.8073352003674809,0.00686752627362162,2.7846327717881003,67.36865979516472,2.7618734533408626,0.8166631865817036,-0.1194550460490631,0.6372549019607843,0.21845124737281596,0.31993092317047994
50,-0.006263151653454668,0.008081931751726886,1.1312260837189496,37.95082359161807,0.8859347526380128,0.006269696213377595,2.6819394537682077,60.88379299020241,2.6477892997251895,0.7479118035870929,0.006378638401246696,2.5956656601694945,62.453148851550594,2.568896601455183,0.7569796722826015,-0.12153831715522967,0.6176470588235294,0.21845124737281596,0.31993092317047994
100,-0.03415712529769022,0.007535803633294846,1.0576311171757287,32.47696313711405,0.7625941876724401,0.005469868905451395,2.351306397327834,52.850485934594055,2.307604555290964,0.648880479020413,0.005563825280621826,2.277390762185116,54.26063061219372,2.2440850726969765,0.6574787740884426,-0.12531650378010695,0.5980392156862745,0.21845124737281596,0.31993092317047994
