{"LS":{"mean_monthly":0.0105624707,"tstat_monthly":5.044973192,"hit_rate":0.6497175141,"max_drawdown":-0.1642399879,"capm_alpha":0.0105384515,"capm_alpha_t":5.0977067939,"capm_beta":0.0037964217,"capm_ir_ann":1.2587056417,"capm_te_ann":0.1004694142},"LS_vt":{"mean_monthly":0.0105624707,"tstat_monthly":5.044973192,"hit_rate":0.6497175141,"max_drawdown":-0.1642399879,"capm_alpha":0.0105384515,"capm_alpha_t":5.0977067939,"capm_beta":0.0037964217,"capm_ir_ann":1.2587056417,"capm_te_ann":0.1004694142},"LS_pre_vt":{"mean_monthly":0.0083717381,"tstat_monthly":4.874408927,"hit_rate":0.6497175141,"max_drawdown":-0.151351138,"capm_alpha":0.0083652753,"capm_alpha_t":4.9642792607,"capm_beta":0.0010215101,"capm_ir_ann":1.2477143036,"capm_te_ann":0.0804537568},"LS_net":{"mean_monthly":0.0112676384,"tstat_monthly":5.2380155219,"hit_rate":0.6553672316,"max_drawdown":-0.1481147148,"capm_alpha":0.0112466742,"capm_alpha_t":5.1941481133,"capm_beta":0.0033135717,"capm_ir_ann":1.3381964079,"capm_te_ann":0.1008522286},"D10":{"mean_monthly":0.0124348125,"tstat_monthly":2.7612651659,"mean_monthly_excess":0.0048055725,"tstat_monthly_excess":1.0342194161,"ann_sharpe_excess":0.2435272958,"hit_rate":0.6271186441,"max_drawdown":-0.4356816032},"LS_alpha_vs_BOVA11":{"alpha_bps_per_month":105.3845153862,"alpha_tstat":5.0977067939,"beta":0.0037964217,"ir_ann":1.2587056417},"LS_vt_alpha_vs_BOVA11":{"alpha_bps_per_month":105.3845153862,"alpha_tstat":5.0977067939,"beta":0.0037964217,"ir_ann":1.2587056417},"LS_pre_vt_alpha_vs_BOVA11":{"alpha_bps_per_month":83.6527526174,"alpha_tstat":4.9642792607,"beta":0.0010215101,"ir_ann":1.2477143036},"LS_net_alpha_vs_BOVA11":{"alpha_bps_per_month":112.466741693,"alpha_tstat":5.1941481133,"beta":0.0033135717,"ir_ann":1.3381964079},"LS_financing_assumptions":{"avg_short_gross":0.5,"avg_long_gross":0.4999901915,"avg_carry":0.0048569258,"avg_borrow_cost":0.004151758,"carry_multiplier":1.0,"borrow_cost_annual":0.08}}