{"LS":{"mean_monthly":0.0122682134,"tstat_monthly":3.3874782657,"hit_rate":0.6736842105,"max_drawdown":-0.1339961899,"capm_alpha":0.0125640662,"capm_alpha_t":3.6438628521,"capm_beta":-0.0712224318,"capm_ir_ann":1.491832318,"capm_te_ann":0.1010628286},"LS_vt":{"mean_monthly":0.0122682134,"tstat_monthly":3.3874782657,"hit_rate":0.6736842105,"max_drawdown":-0.1339961899,"capm_alpha":0.0125640662,"capm_alpha_t":3.6438628521,"capm_beta":-0.0712224318,"capm_ir_ann":1.491832318,"capm_te_ann":0.1010628286},"LS_pre_vt":{"mean_monthly":0.0131102011,"tstat_monthly":3.2556016268,"hit_rate":0.6736842105,"max_drawdown":-0.1833070189,"capm_alpha":0.0134319291,"capm_alpha_t":3.5089503759,"capm_beta":-0.0774515248,"capm_ir_ann":1.3783084688,"capm_te_ann":0.1169427257},"D10":{"mean_monthly":0.0100057242,"tstat_monthly":1.6305088001,"mean_monthly_excess":0.0018273939,"tstat_monthly_excess":0.3014349134,"ann_sharpe_excess":0.0984646689,"hit_rate":0.6105263158,"max_drawdown":-0.33717796},"LS_alpha_vs_BOVA11":{"alpha_bps_per_month":125.6406616001,"alpha_tstat":3.6438628521,"beta":-0.0712224318,"ir_ann":1.491832318},"LS_vt_alpha_vs_BOVA11":{"alpha_bps_per_month":125.6406616001,"alpha_tstat":3.6438628521,"beta":-0.0712224318,"ir_ann":1.491832318},"LS_pre_vt_alpha_vs_BOVA11":{"alpha_bps_per_month":134.3192909405,"alpha_tstat":3.5089503759,"beta":-0.0774515248,"ir_ann":1.3783084688}}