{"LS":{"mean_monthly":0.0093126204,"tstat_monthly":3.5955072868,"hit_rate":0.6779661017,"max_drawdown":-0.1501295512,"capm_alpha":0.0103649467,"capm_alpha_t":4.4249660993,"capm_beta":-0.1663285752,"capm_ir_ann":1.247012744,"capm_te_ann":0.099741852},"LS_vt":{"mean_monthly":0.0093126204,"tstat_monthly":3.5955072868,"hit_rate":0.6779661017,"max_drawdown":-0.1501295512,"capm_alpha":0.0103649467,"capm_alpha_t":4.4249660993,"capm_beta":-0.1663285752,"capm_ir_ann":1.247012744,"capm_te_ann":0.099741852},"LS_pre_vt":{"mean_monthly":0.0093946544,"tstat_monthly":3.3107192327,"hit_rate":0.6779661017,"max_drawdown":-0.1965623421,"capm_alpha":0.0105447505,"capm_alpha_t":4.1225443207,"capm_beta":-0.1817818654,"capm_ir_ann":1.0697517048,"capm_te_ann":0.1182863323},"LS_net":{"mean_monthly":0.0098514434,"tstat_monthly":3.772805591,"hit_rate":0.6836158192,"max_drawdown":-0.138566682,"capm_alpha":0.0109067176,"capm_alpha_t":4.6155896074,"capm_beta":-0.1667945069,"capm_ir_ann":1.3103156698,"capm_te_ann":0.0998847946},"D10":{"mean_monthly":0.012287279,"tstat_monthly":2.5895646819,"mean_monthly_excess":0.004658039,"tstat_monthly_excess":0.9487413767,"ann_sharpe_excess":0.2139678644,"hit_rate":0.5875706215,"max_drawdown":-0.4726954716},"dispersion_gate":{"mode":"quantile60","blocked_months":90,"total_months":177},"delisting_risk":{"avg_ls_weighted_multiplier":0.9970545311,"avg_ls_weighted_score":0.0117818757,"avg_ls_flagged":0.5536723164,"avg_ls_high":0.0,"avg_universe_flagged":1.1355932203,"avg_universe_high":0.0,"avg_universe_multiplier":0.9978720306},"LS_alpha_vs_BOVA11":{"alpha_bps_per_month":103.6494671554,"alpha_tstat":4.4249660993,"beta":-0.1663285752,"ir_ann":1.247012744},"LS_vt_alpha_vs_BOVA11":{"alpha_bps_per_month":103.6494671554,"alpha_tstat":4.4249660993,"beta":-0.1663285752,"ir_ann":1.247012744},"LS_pre_vt_alpha_vs_BOVA11":{"alpha_bps_per_month":105.4475047073,"alpha_tstat":4.1225443207,"beta":-0.1817818654,"ir_ann":1.0697517048},"LS_net_alpha_vs_BOVA11":{"alpha_bps_per_month":109.0671762621,"alpha_tstat":4.6155896074,"beta":-0.1667945069,"ir_ann":1.3103156698},"LS_financing_assumptions":{"avg_short_gross":0.5,"avg_long_gross":0.4998362401,"avg_carry":0.0033961091,"avg_borrow_cost":0.002857286,"carry_multiplier":1.0,"borrow_cost_annual":0.08}}