{"LS":{"mean_monthly":0.0063609033,"tstat_monthly":2.6608023018,"hit_rate":0.6078431373,"max_drawdown":-0.1458551562,"capm_alpha":0.0060715238,"capm_alpha_t":2.4824959918,"capm_beta":0.05846017,"capm_ir_ann":0.7429539043,"capm_te_ann":0.0980656884},"LS_vt":{"mean_monthly":0.0063609033,"tstat_monthly":2.6608023018,"hit_rate":0.6078431373,"max_drawdown":-0.1458551562,"capm_alpha":0.0060715238,"capm_alpha_t":2.4824959918,"capm_beta":0.05846017,"capm_ir_ann":0.7429539043,"capm_te_ann":0.0980656884},"LS_pre_vt":{"mean_monthly":0.0075255222,"tstat_monthly":2.80479129,"hit_rate":0.6078431373,"max_drawdown":-0.1597639175,"capm_alpha":0.0071857689,"capm_alpha_t":2.6547187012,"capm_beta":0.0686366412,"capm_ir_ann":0.7777365832,"capm_te_ann":0.1108720211},"D10":{"mean_monthly":0.0075839099,"tstat_monthly":1.0011127725,"mean_monthly_excess":-0.000620685,"tstat_monthly_excess":-0.0818528957,"ann_sharpe_excess":-0.0293795369,"hit_rate":0.5392156863,"max_drawdown":-0.5577536879},"LS_alpha_vs_BOVA11":{"alpha_bps_per_month":60.715238417,"alpha_tstat":2.4824959918,"beta":0.05846017,"ir_ann":0.7429539043},"LS_vt_alpha_vs_BOVA11":{"alpha_bps_per_month":60.715238417,"alpha_tstat":2.4824959918,"beta":0.05846017,"ir_ann":0.7429539043},"LS_pre_vt_alpha_vs_BOVA11":{"alpha_bps_per_month":71.8576890572,"alpha_tstat":2.6547187012,"beta":0.0686366412,"ir_ann":0.7777365832}}