{"LS":{"mean_monthly":0.0076702166,"tstat_monthly":2.0699845479,"hit_rate":0.6666666667,"max_drawdown":-0.1405900626,"capm_alpha":0.0082635601,"capm_alpha_t":2.2118424539,"capm_beta":-0.0933990535,"capm_ir_ann":1.0442101183,"capm_te_ann":0.0949643371},"LS_vt":{"mean_monthly":0.0076702166,"tstat_monthly":2.0699845479,"hit_rate":0.6666666667,"max_drawdown":-0.1405900626,"capm_alpha":0.0082635601,"capm_alpha_t":2.2118424539,"capm_beta":-0.0933990535,"capm_ir_ann":1.0442101183,"capm_te_ann":0.0949643371},"LS_pre_vt":{"mean_monthly":0.006425187,"tstat_monthly":1.9976516181,"hit_rate":0.6666666667,"max_drawdown":-0.133331535,"capm_alpha":0.0069514974,"capm_alpha_t":2.1705689841,"capm_beta":-0.0828472605,"capm_ir_ann":0.9894119757,"capm_te_ann":0.0843106515},"D10":{"mean_monthly":0.0048813972,"tstat_monthly":0.5606182714,"mean_monthly_excess":-0.0025275401,"tstat_monthly_excess":-0.2775196725,"ann_sharpe_excess":-0.0983066607,"hit_rate":0.4927536232,"max_drawdown":-0.4055808224},"LS_alpha_vs_BOVA11":{"alpha_bps_per_month":82.6356013576,"alpha_tstat":2.2118424539,"beta":-0.0933990535,"ir_ann":1.0442101183},"LS_vt_alpha_vs_BOVA11":{"alpha_bps_per_month":82.6356013576,"alpha_tstat":2.2118424539,"beta":-0.0933990535,"ir_ann":1.0442101183},"LS_pre_vt_alpha_vs_BOVA11":{"alpha_bps_per_month":69.5149735402,"alpha_tstat":2.1705689841,"beta":-0.0828472605,"ir_ann":0.9894119757}}