bps,D10_sharpe,D10_mean,D10_t,D10_alpha_bps,D10_alpha_t,LS_mean,LS_t,LS_alpha_bps,LS_alpha_t,LS_ir,LS_mean_vt,LS_t_vt,LS_alpha_bps_vt,LS_alpha_t_vt,LS_ir_vt,LS_maxDD_vt,LS_hit_vt,avg_turnover_D10,avg_turnover_LS
20,-0.10885582708493441,0.004610197385993484,0.5292805126006723,-25.840425285522695,-0.5587950497418778,0.007337246067037919,1.978417049144785,79.30777484121968,2.120867979319212,1.0019487963545999,0.007993366578895924,2.0834565028303285,86.0135573946965,2.209899330302521,1.070359422129578,-0.12991661739435612,0.6666666666666666,0.27119983670621395,0.33297053731982235
50,-0.12467980490420993,0.00420339763093416,0.482314388380341,-29.904555761200044,-0.6457759254466473,0.006837790261058187,1.8413082693903815,74.31603506666269,1.984654317562177,0.938574350874595,0.007482394775754705,1.9504540601491,80.903519016329,2.0784795567465704,1.0068797622910237,-0.1324675933582249,0.6666666666666666,0.27119983670621395,0.33297053731982235
100,-0.15105353091908644,0.0035253980391686283,0.40414697211959977,-36.67810655399569,-0.7901755468316225,0.006005363917758631,1.6134730820755503,65.99646877573431,1.7583253179247678,0.8330064079229311,0.006630775103852675,1.7284905184574155,72.38678838571651,1.8592301089253367,0.9009975557048625,-0.1375038988716888,0.6376811594202898,0.27119983670621395,0.33297053731982235
