{"LS":{"mean_monthly":0.0064743895,"tstat_monthly":3.1845267599,"hit_rate":0.5815217391,"max_drawdown":-0.2178339189,"capm_alpha":0.0065804059,"capm_alpha_t":3.1805291074,"capm_beta":-0.0158577865,"capm_ir_ann":0.7710043,"capm_te_ann":0.1024181976},"LS_vt":{"mean_monthly":0.0064743895,"tstat_monthly":3.1845267599,"hit_rate":0.5815217391,"max_drawdown":-0.2178339189,"capm_alpha":0.0065804059,"capm_alpha_t":3.1805291074,"capm_beta":-0.0158577865,"capm_ir_ann":0.7710043,"capm_te_ann":0.1024181976},"LS_pre_vt":{"mean_monthly":0.0050159723,"tstat_monthly":3.1420470968,"hit_rate":0.5815217391,"max_drawdown":-0.1725995418,"capm_alpha":0.0051193978,"capm_alpha_t":3.1193043927,"capm_beta":-0.0154702427,"capm_ir_ann":0.7756836741,"capm_te_ann":0.0791982296},"LS_net":{"mean_monthly":0.0071903696,"tstat_monthly":3.3523046161,"hit_rate":0.6086956522,"max_drawdown":-0.2043074773,"capm_alpha":0.0072986751,"capm_alpha_t":3.3656914523,"capm_beta":-0.0162002024,"capm_ir_ann":0.8500017575,"capm_te_ann":0.1030399065},"D10":{"mean_monthly":0.0130418445,"tstat_monthly":2.8558746492,"mean_monthly_excess":0.0053771555,"tstat_monthly_excess":1.1609105983,"ann_sharpe_excess":0.2794129462,"hit_rate":0.597826087,"max_drawdown":-0.4655768007},"dispersion_gate":{"mode":"quantile90","blocked_months":154,"total_months":184},"delisting_risk":{"avg_ls_weighted_multiplier":0.9987775266,"avg_ls_weighted_score":0.0048898935,"avg_ls_flagged":0.1304347826,"avg_ls_high":0.0,"avg_universe_flagged":0.7336956522,"avg_universe_high":0.0,"avg_universe_multiplier":0.9984233837},"LS_alpha_vs_BOVA11":{"alpha_bps_per_month":65.8040589639,"alpha_tstat":3.1805291074,"beta":-0.0158577865,"ir_ann":0.7710043},"LS_vt_alpha_vs_BOVA11":{"alpha_bps_per_month":65.8040589639,"alpha_tstat":3.1805291074,"beta":-0.0158577865,"ir_ann":0.7710043},"LS_pre_vt_alpha_vs_BOVA11":{"alpha_bps_per_month":51.1939780919,"alpha_tstat":3.1193043927,"beta":-0.0154702427,"ir_ann":0.7756836741},"LS_net_alpha_vs_BOVA11":{"alpha_bps_per_month":72.986751328,"alpha_tstat":3.3656914523,"beta":-0.0162002024,"ir_ann":0.8500017575},"LS_financing_assumptions":{"avg_short_gross":0.5,"avg_long_gross":0.5,"avg_carry":0.005104512,"avg_borrow_cost":0.004388532,"carry_multiplier":1.0,"borrow_cost_annual":0.08}}