bps,D10_sharpe,D10_mean,D10_t,D10_alpha_bps,D10_alpha_t,LS_mean,LS_t,LS_alpha_bps,LS_alpha_t,LS_ir,LS_mean_vt,LS_t_vt,LS_alpha_bps_vt,LS_alpha_t_vt,LS_ir_vt,LS_maxDD_vt,LS_hit_vt,avg_turnover_D10,avg_turnover_LS
20,0.2767006338022624,0.012991453237869943,2.841507196934158,70.60704220000143,2.5032642971031756,0.007115983642743276,3.319991704204816,72.21502349744335,3.332529456877713,0.8414543358251149,0.006772683915416995,3.162530567613334,68.65225101029093,3.1765609090019162,0.7944633821220275,-0.2302568489527631,0.6032608695652174,0.05039130614524049,0.07438591368585133
50,0.27263369191952963,0.012915866278652082,2.8199679591378395,69.8191687641888,2.4661899688758897,0.007004404772214498,3.270802026528281,71.0574317515346,3.282026822120277,0.828555876732884,0.006658787496444397,3.114709985723887,67.47334180539279,3.127220260892702,0.7815461598160696,-0.23025684895276288,0.6032608695652174,0.05039130614524049,0.07438591368585133
100,0.26585978246173286,0.01278988801328898,2.784105131375165,68.50604637116773,2.404701835914018,0.00681843998799987,3.1869738025412313,69.12811217501995,3.195911630805171,0.8068598032543489,0.006468960131490067,3.0330273117843944,65.50849313056256,3.0429067139030432,0.7598053955964728,-0.230256848952763,0.5978260869565217,0.05039130614524049,0.07438591368585133
