{"LS":{"mean_monthly":0.0089238798,"tstat_monthly":5.1921260227,"hit_rate":0.6304347826,"max_drawdown":-0.1316246031,"capm_alpha":0.0083251787,"capm_alpha_t":4.4486021113,"capm_beta":0.0895529056,"capm_ir_ann":1.0309203192,"capm_te_ann":0.0969057869},"LS_vt":{"mean_monthly":0.0089238798,"tstat_monthly":5.1921260227,"hit_rate":0.6304347826,"max_drawdown":-0.1316246031,"capm_alpha":0.0083251787,"capm_alpha_t":4.4486021113,"capm_beta":0.0895529056,"capm_ir_ann":1.0309203192,"capm_te_ann":0.0969057869},"LS_pre_vt":{"mean_monthly":0.0065427645,"tstat_monthly":5.1760194586,"hit_rate":0.6304347826,"max_drawdown":-0.0917265251,"capm_alpha":0.0060896714,"capm_alpha_t":4.4701516532,"capm_beta":0.0677730592,"capm_ir_ann":1.0530653993,"capm_te_ann":0.0693936546},"LS_net":{"mean_monthly":0.0097615049,"tstat_monthly":5.4376479845,"hit_rate":0.6195652174,"max_drawdown":-0.1381648332,"capm_alpha":0.009167967,"capm_alpha_t":4.632993934,"capm_beta":0.0887805884,"capm_ir_ann":1.1283275883,"capm_te_ann":0.0975032479},"D10":{"mean_monthly":0.0106599272,"tstat_monthly":2.5026247182,"mean_monthly_excess":0.0029952381,"tstat_monthly_excess":0.6815990768,"ann_sharpe_excess":0.1496860568,"hit_rate":0.5597826087,"max_drawdown":-0.4581043628},"dispersion_gate":{"mode":"none","blocked_months":0,"total_months":184},"delisting_risk":{"avg_ls_weighted_multiplier":0.9987767161,"avg_ls_weighted_score":0.0048931358,"avg_ls_flagged":0.402173913,"avg_ls_high":0.0,"avg_universe_flagged":0.7336956522,"avg_universe_high":0.0,"avg_universe_multiplier":0.9984233837},"LS_alpha_vs_BOVA11":{"alpha_bps_per_month":83.251787312,"alpha_tstat":4.4486021113,"beta":0.0895529056,"ir_ann":1.0309203192},"LS_vt_alpha_vs_BOVA11":{"alpha_bps_per_month":83.251787312,"alpha_tstat":4.4486021113,"beta":0.0895529056,"ir_ann":1.0309203192},"LS_pre_vt_alpha_vs_BOVA11":{"alpha_bps_per_month":60.8967138339,"alpha_tstat":4.4701516532,"beta":0.0677730592,"ir_ann":1.0530653993},"LS_net_alpha_vs_BOVA11":{"alpha_bps_per_month":91.6796704765,"alpha_tstat":4.632993934,"beta":0.0887805884,"ir_ann":1.1283275883},"LS_financing_assumptions":{"avg_short_gross":0.5,"avg_long_gross":0.49999353,"avg_carry":0.0053616712,"avg_borrow_cost":0.0045240462,"carry_multiplier":1.0,"borrow_cost_annual":0.08}}