bps,D10_sharpe,D10_mean,D10_t,D10_alpha_bps,D10_alpha_t,LS_mean,LS_t,LS_alpha_bps,LS_alpha_t,LS_ir,LS_mean_vt,LS_t_vt,LS_alpha_bps_vt,LS_alpha_t_vt,LS_ir_vt,LS_maxDD_vt,LS_hit_vt,avg_turnover_D10,avg_turnover_LS
20,0.13834328794615686,0.010634257835239174,2.219960179428911,38.64424550152519,1.4730468195380715,0.009075013440389012,4.17696300680526,96.48267621453381,4.6680390376591925,1.1580845392854713,0.008618037848667541,3.9212788050799676,92.52364810613174,4.445507323512857,1.1146265389514238,-0.29823695426464747,0.6304347826086957,0.19364008861368645,0.29258563390032355
50,0.12483379933874818,0.010343797702318643,2.1616526105494893,35.74163188005136,1.3663185769500652,0.008636134989538524,3.981598619067039,92.08797961584236,4.462472615605205,1.1049981748244035,0.008173719371701315,3.721000364877758,88.07310140633233,4.233524856488157,1.0604580761308093,-0.3075319057886421,0.6195652173913043,0.19364008861368645,0.29258563390032355
100,0.1023067032950863,0.009859697480784428,2.0641558553871087,30.903942510928296,1.1870078338004662,0.007904670904787718,3.654164032450827,84.76348528468988,4.117929596720606,1.0165138839280825,0.007433188576757609,3.3863076052909062,80.65552357333323,3.8792357162094415,0.9702251220582228,-0.32276043561681045,0.6032608695652174,0.19364008861368645,0.29258563390032355
