{"LS":{"mean_monthly":0.0087374335,"tstat_monthly":4.1895241553,"hit_rate":0.6413043478,"max_drawdown":-0.2224083216,"capm_alpha":0.0093059916,"capm_alpha_t":4.6718460272,"capm_beta":-0.0850441584,"capm_ir_ann":1.124080095,"capm_te_ann":0.0993451443},"LS_vt":{"mean_monthly":0.0087374335,"tstat_monthly":4.1895241553,"hit_rate":0.6413043478,"max_drawdown":-0.2224083216,"capm_alpha":0.0093059916,"capm_alpha_t":4.6718460272,"capm_beta":-0.0850441584,"capm_ir_ann":1.124080095,"capm_te_ann":0.0993451443},"LS_pre_vt":{"mean_monthly":0.0074306828,"tstat_monthly":4.2741619503,"hit_rate":0.6413043478,"max_drawdown":-0.1784652071,"capm_alpha":0.007842904,"capm_alpha_t":4.7264599958,"capm_beta":-0.0616594979,"capm_ir_ann":1.1132278716,"capm_te_ann":0.0845423034},"LS_net":{"mean_monthly":0.0093675991,"tstat_monthly":4.3067356867,"hit_rate":0.6413043478,"max_drawdown":-0.2657490755,"capm_alpha":0.0099412474,"capm_alpha_t":4.8045835645,"capm_beta":-0.0858055442,"capm_ir_ann":1.1934702338,"capm_te_ann":0.0999563838},"D10":{"mean_monthly":0.0108278979,"tstat_monthly":2.2587519612,"mean_monthly_excess":0.0031632089,"tstat_monthly_excess":0.6453237029,"ann_sharpe_excess":0.1473467279,"hit_rate":0.5489130435,"max_drawdown":-0.487709738},"LS_alpha_vs_BOVA11":{"alpha_bps_per_month":93.0599160523,"alpha_tstat":4.6718460272,"beta":-0.0850441584,"ir_ann":1.124080095},"LS_vt_alpha_vs_BOVA11":{"alpha_bps_per_month":93.0599160523,"alpha_tstat":4.6718460272,"beta":-0.0850441584,"ir_ann":1.124080095},"LS_pre_vt_alpha_vs_BOVA11":{"alpha_bps_per_month":78.4290403648,"alpha_tstat":4.7264599958,"beta":-0.0616594979,"ir_ann":1.1132278716},"LS_net_alpha_vs_BOVA11":{"alpha_bps_per_month":99.412473947,"alpha_tstat":4.8045835645,"beta":-0.0858055442,"ir_ann":1.1934702338},"LS_financing_assumptions":{"avg_short_gross":0.5,"avg_long_gross":0.5,"avg_carry":0.0045181244,"avg_borrow_cost":0.0038879589,"carry_multiplier":1.0,"borrow_cost_annual":0.08}}