{
  "max_drawdown_full": -0.18556642216197106,
  "max_drawdown_12m": -0.016706723469922746,
  "max_drawdown_24m": -0.03316915366123141,
  "worst_month": -0.055648850704172886,
  "avg_ls_multiplier": 0.9989487174628877,
  "avg_ls_score": 0.004205130148449405,
  "last_ls_multiplier": 1.0,
  "last_ls_flagged": 0.0,
  "last_ls_high": 0.0
}