{"LS":{"mean_monthly":0.0068962613,"tstat_monthly":3.4053629305,"hit_rate":0.6032608696,"max_drawdown":-0.1855664222,"capm_alpha":0.0072959348,"capm_alpha_t":3.5926659895,"capm_beta":-0.0597826261,"capm_ir_ann":0.8576682855,"capm_te_ann":0.1020805116},"LS_vt":{"mean_monthly":0.0068962613,"tstat_monthly":3.4053629305,"hit_rate":0.6032608696,"max_drawdown":-0.1855664222,"capm_alpha":0.0072959348,"capm_alpha_t":3.5926659895,"capm_beta":-0.0597826261,"capm_ir_ann":0.8576682855,"capm_te_ann":0.1020805116},"LS_pre_vt":{"mean_monthly":0.0048055296,"tstat_monthly":3.3490862412,"hit_rate":0.6032608696,"max_drawdown":-0.1327320549,"capm_alpha":0.0050612188,"capm_alpha_t":3.5738839772,"capm_beta":-0.0382456511,"capm_ir_ann":0.8622136085,"capm_te_ann":0.0704403474},"LS_net":{"mean_monthly":0.0078428796,"tstat_monthly":3.5976182782,"hit_rate":0.6141304348,"max_drawdown":-0.212071483,"capm_alpha":0.0082478087,"capm_alpha_t":3.8229651279,"capm_beta":-0.0605687591,"capm_ir_ann":0.9611883385,"capm_te_ann":0.1029701473},"D10":{"mean_monthly":0.0110844801,"tstat_monthly":2.6233511594,"mean_monthly_excess":0.003419791,"tstat_monthly_excess":0.8005382143,"ann_sharpe_excess":0.1766392421,"hit_rate":0.5597826087,"max_drawdown":-0.4048596554},"dispersion_gate":{"mode":"quantile80","blocked_months":132,"total_months":184},"delisting_risk":{"avg_ls_weighted_multiplier":0.9989487175,"avg_ls_weighted_score":0.0042051301,"avg_ls_flagged":0.2826086957,"avg_ls_high":0.0,"avg_universe_flagged":0.7336956522,"avg_universe_high":0.0,"avg_universe_multiplier":0.9984226814},"LS_alpha_vs_BOVA11":{"alpha_bps_per_month":72.9593477704,"alpha_tstat":3.5926659895,"beta":-0.0597826261,"ir_ann":0.8576682855},"LS_vt_alpha_vs_BOVA11":{"alpha_bps_per_month":72.9593477704,"alpha_tstat":3.5926659895,"beta":-0.0597826261,"ir_ann":0.8576682855},"LS_pre_vt_alpha_vs_BOVA11":{"alpha_bps_per_month":50.612188395,"alpha_tstat":3.5738839772,"beta":-0.0382456511,"ir_ann":0.8622136085},"LS_net_alpha_vs_BOVA11":{"alpha_bps_per_month":82.4780873611,"alpha_tstat":3.8229651279,"beta":-0.0605687591,"ir_ann":0.9611883385},"LS_financing_assumptions":{"avg_short_gross":0.5,"avg_long_gross":0.5,"avg_carry":0.0059568575,"avg_borrow_cost":0.0050102392,"carry_multiplier":1.0,"borrow_cost_annual":0.08}}