bps,D10_sharpe,D10_mean,D10_t,D10_alpha_bps,D10_alpha_t,LS_mean,LS_t,LS_alpha_bps,LS_alpha_t,LS_ir,LS_mean_vt,LS_t_vt,LS_alpha_bps_vt,LS_alpha_t_vt,LS_ir_vt,LS_maxDD_vt,LS_hit_vt,avg_turnover_D10,avg_turnover_LS
20,0.08521006935724196,0.009783145940482702,1.4859662402923843,55.59669527051783,1.5671794592578099,0.008164534107893221,3.548817444805746,82.7371019083718,3.694997794233281,1.029860848884077,0.008055866785090855,3.378692684047971,82.63643860603261,3.520892196660934,1.0109446229116612,-0.09815330415840007,0.5882352941176471,0.20611671371475285,0.29403442884532044
50,0.0685303939762292,0.009473970869910574,1.4413276772237749,52.501634232347804,1.4859805697434585,0.007723482464625241,3.3644923240344804,78.30959056678259,3.5040098627440988,0.974094365771701,0.007602581539470821,3.194344449680287,78.08063060468038,3.3329031356268386,0.954644107421008,-0.10025487705223235,0.5882352941176471,0.20611671371475285,0.29403442884532044
100,0.04072022397373961,0.008958679085623691,1.3665917201756568,47.343199168731104,1.349126595293787,0.00698839639251194,3.055153045078007,70.93040499746726,3.183685048962003,0.8812497806494205,0.006847106130104099,2.885241819893676,70.48761726909335,3.017658447288653,0.8608944114599761,-0.10374822733538303,0.5686274509803921,0.20611671371475285,0.29403442884532044
