{"LS":{"mean_monthly":0.0084585685,"tstat_monthly":3.6711566323,"hit_rate":0.5882352941,"max_drawdown":-0.0872660372,"capm_alpha":0.0085688776,"capm_alpha_t":3.8218056941,"capm_beta":-0.0222845344,"capm_ir_ann":1.0670598657,"capm_te_ann":0.0963643509},"LS_vt":{"mean_monthly":0.0084585685,"tstat_monthly":3.6711566323,"hit_rate":0.5882352941,"max_drawdown":-0.0872660372,"capm_alpha":0.0085688776,"capm_alpha_t":3.8218056941,"capm_beta":-0.0222845344,"capm_ir_ann":1.0670598657,"capm_te_ann":0.0963643509},"LS_pre_vt":{"mean_monthly":0.0073911231,"tstat_monthly":3.7077330769,"hit_rate":0.5882352941,"max_drawdown":-0.0716142915,"capm_alpha":0.0073933849,"capm_alpha_t":3.8514239774,"capm_beta":-0.0004569096,"capm_ir_ann":1.0754437136,"capm_te_ann":0.0824967566},"D10":{"mean_monthly":0.0099892627,"tstat_monthly":1.5156407037,"mean_monthly_excess":0.0017846677,"tstat_monthly_excess":0.2701822026,"ann_sharpe_excess":0.0963270564,"hit_rate":0.5490196078,"max_drawdown":-0.4197352469},"LS_alpha_vs_BOVA11":{"alpha_bps_per_month":85.6887761361,"alpha_tstat":3.8218056941,"beta":-0.0222845344,"ir_ann":1.0670598657},"LS_vt_alpha_vs_BOVA11":{"alpha_bps_per_month":85.6887761361,"alpha_tstat":3.8218056941,"beta":-0.0222845344,"ir_ann":1.0670598657},"LS_pre_vt_alpha_vs_BOVA11":{"alpha_bps_per_month":73.9338486045,"alpha_tstat":3.8514239774,"beta":-0.0004569096,"ir_ann":1.0754437136}}