{"LS":{"mean_monthly":0.0073310004,"tstat_monthly":3.143746849,"hit_rate":0.6078431373,"max_drawdown":-0.1080401307,"capm_alpha":0.0071517483,"capm_alpha_t":3.1395065944,"capm_beta":0.0362123409,"capm_ir_ann":0.8698444863,"capm_te_ann":0.0986624404},"LS_vt":{"mean_monthly":0.0073310004,"tstat_monthly":3.143746849,"hit_rate":0.6078431373,"max_drawdown":-0.1080401307,"capm_alpha":0.0071517483,"capm_alpha_t":3.1395065944,"capm_beta":0.0362123409,"capm_ir_ann":0.8698444863,"capm_te_ann":0.0986624404},"LS_pre_vt":{"mean_monthly":0.0077082551,"tstat_monthly":3.1654744892,"hit_rate":0.6078431373,"max_drawdown":-0.1076508274,"capm_alpha":0.0074692413,"capm_alpha_t":3.2048246393,"capm_beta":0.0482853289,"capm_ir_ann":0.8773947555,"capm_te_ann":0.1021557235},"D10":{"mean_monthly":0.0079290278,"tstat_monthly":1.0824204855,"mean_monthly_excess":-0.0002755672,"tstat_monthly_excess":-0.0375806315,"ann_sharpe_excess":-0.0138506008,"hit_rate":0.5490196078,"max_drawdown":-0.5173840396},"LS_alpha_vs_BOVA11":{"alpha_bps_per_month":71.5174831344,"alpha_tstat":3.1395065944,"beta":0.0362123409,"ir_ann":0.8698444863},"LS_vt_alpha_vs_BOVA11":{"alpha_bps_per_month":71.5174831344,"alpha_tstat":3.1395065944,"beta":0.0362123409,"ir_ann":0.8698444863},"LS_pre_vt_alpha_vs_BOVA11":{"alpha_bps_per_month":74.6924133681,"alpha_tstat":3.2048246393,"beta":0.0482853289,"ir_ann":0.8773947555}}