bps,D10_sharpe,D10_mean,D10_t,D10_alpha_bps,D10_alpha_t,LS_mean,LS_t,LS_alpha_bps,LS_alpha_t,LS_ir,LS_mean_vt,LS_t_vt,LS_alpha_bps_vt,LS_alpha_t_vt,LS_ir_vt,LS_maxDD_vt,LS_hit_vt,avg_turnover_D10,avg_turnover_LS
20,-0.024469813161329394,0.007717810091415348,1.0546872910422629,34.15282219662333,0.7525070383803354,0.007031741216914836,3.021094193849729,68.50759810540971,3.0119954161975464,0.8331072478335974,0.0068555079239025225,2.897932645509934,67.29162367703547,2.8823095102720013,0.8262880630956196,-0.11252303347144565,0.5980392156862745,0.21121768572748964,0.2992592102886221
50,-0.040403301961818044,0.007400983562824114,1.012972773893054,30.98225365220265,0.6847708056842954,0.006582852401481903,2.8361061928711186,63.99277056198412,2.8198323244968186,0.7779943019743277,0.00640773662882526,2.716550574708012,62.78382638338743,2.696084462878607,0.7708131989832603,-0.1186221556100937,0.5980392156862745,0.21121768572748964,0.2992592102886221
100,-0.06697108626681834,0.006872939348505389,0.9431431317096338,25.69797274483484,0.5709171189559177,0.005834704375760348,2.5251560116557044,56.46805798960816,2.4972472168918696,0.6861384469053491,0.005661451137029823,2.4115031471357824,55.27083089397403,2.3831883454040277,0.6783282386701132,-0.12870153422367225,0.5882352941176471,0.21121768572748964,0.2992592102886221
