{
  "max_drawdown_full": -0.1528650008013146,
  "max_drawdown_12m": -0.026714423924204866,
  "max_drawdown_24m": -0.034705454769542676,
  "worst_month": -0.055452457696605444,
  "avg_ls_multiplier": 0.9989772764569959,
  "avg_ls_score": 0.004090894172016491,
  "last_ls_multiplier": 1.0,
  "last_ls_flagged": 0.0,
  "last_ls_high": 0.0
}