{"LS":{"mean_monthly":0.0079747864,"tstat_monthly":4.005856916,"hit_rate":0.6141304348,"max_drawdown":-0.1528650008,"capm_alpha":0.0075608565,"capm_alpha_t":3.7727726845,"capm_beta":0.0619150857,"capm_ir_ann":0.8810473668,"capm_te_ann":0.1029800226},"LS_vt":{"mean_monthly":0.0079747864,"tstat_monthly":4.005856916,"hit_rate":0.6141304348,"max_drawdown":-0.1528650008,"capm_alpha":0.0075608565,"capm_alpha_t":3.7727726845,"capm_beta":0.0619150857,"capm_ir_ann":0.8810473668,"capm_te_ann":0.1029800226},"LS_pre_vt":{"mean_monthly":0.0064803608,"tstat_monthly":3.69064689,"hit_rate":0.6141304348,"max_drawdown":-0.1148922242,"capm_alpha":0.0061486236,"capm_alpha_t":3.5157862548,"capm_beta":0.0496208092,"capm_ir_ann":0.8169596407,"capm_te_ann":0.0903147218},"LS_net":{"mean_monthly":0.008728897,"tstat_monthly":4.1685426863,"hit_rate":0.625,"max_drawdown":-0.1391304337,"capm_alpha":0.0083192486,"capm_alpha_t":3.944424417,"capm_beta":0.0612746542,"capm_ir_ann":0.9643902892,"capm_te_ann":0.1035172011},"D10":{"mean_monthly":0.0129782848,"tstat_monthly":2.5236373286,"mean_monthly_excess":0.0053135958,"tstat_monthly_excess":1.0278049564,"ann_sharpe_excess":0.2431712926,"hit_rate":0.5597826087,"max_drawdown":-0.4870498709},"dispersion_gate":{"mode":"quantile80","blocked_months":132,"total_months":184},"delisting_risk":{"avg_ls_weighted_multiplier":0.9989772765,"avg_ls_weighted_score":0.0040908942,"avg_ls_flagged":0.1630434783,"avg_ls_high":0.0,"avg_universe_flagged":0.7336956522,"avg_universe_high":0.0,"avg_universe_multiplier":0.9984226814},"LS_alpha_vs_BOVA11":{"alpha_bps_per_month":75.608564795,"alpha_tstat":3.7727726845,"beta":0.0619150857,"ir_ann":0.8810473668},"LS_vt_alpha_vs_BOVA11":{"alpha_bps_per_month":75.608564795,"alpha_tstat":3.7727726845,"beta":0.0619150857,"ir_ann":0.8810473668},"LS_pre_vt_alpha_vs_BOVA11":{"alpha_bps_per_month":61.4862355624,"alpha_tstat":3.5157862548,"beta":0.0496208092,"ir_ann":0.8169596407},"LS_net_alpha_vs_BOVA11":{"alpha_bps_per_month":83.1924862357,"alpha_tstat":3.944424417,"beta":0.0612746542,"ir_ann":0.9643902892},"LS_financing_assumptions":{"avg_short_gross":0.5,"avg_long_gross":0.5,"avg_carry":0.0051016707,"avg_borrow_cost":0.0043475601,"carry_multiplier":1.0,"borrow_cost_annual":0.08}}