{"LS":{"mean_monthly":0.011684697,"tstat_monthly":4.5262449843,"hit_rate":0.6836158192,"max_drawdown":-0.2002032606,"capm_alpha":0.0122898788,"capm_alpha_t":4.9646300068,"capm_beta":-0.0956538202,"capm_ir_ann":1.4966005977,"capm_te_ann":0.0985423542},"LS_vt":{"mean_monthly":0.011684697,"tstat_monthly":4.5262449843,"hit_rate":0.6836158192,"max_drawdown":-0.2002032606,"capm_alpha":0.0122898788,"capm_alpha_t":4.9646300068,"capm_beta":-0.0956538202,"capm_ir_ann":1.4966005977,"capm_te_ann":0.0985423542},"LS_pre_vt":{"mean_monthly":0.0111991487,"tstat_monthly":4.3885591308,"hit_rate":0.6836158192,"max_drawdown":-0.2329139138,"capm_alpha":0.0117409167,"capm_alpha_t":4.819826231,"capm_beta":-0.0856307659,"capm_ir_ann":1.378545757,"capm_te_ann":0.1022026292},"LS_net":{"mean_monthly":0.0123693574,"tstat_monthly":4.7261252428,"hit_rate":0.6723163842,"max_drawdown":-0.1795358758,"capm_alpha":0.0129775585,"capm_alpha_t":5.1365832957,"capm_beta":-0.0961310348,"capm_ir_ann":1.574544999,"capm_te_ann":0.0989052088},"D10":{"mean_monthly":0.0122617845,"tstat_monthly":2.6856686177,"mean_monthly_excess":0.0046325445,"tstat_monthly_excess":0.9773460399,"ann_sharpe_excess":0.228914169,"hit_rate":0.604519774,"max_drawdown":-0.4525952151},"dispersion_gate":{"mode":"quantile70","blocked_months":115,"total_months":177},"delisting_risk":{"avg_ls_weighted_multiplier":0.9968469979,"avg_ls_weighted_score":0.0126120083,"avg_ls_flagged":0.4915254237,"avg_ls_high":0.0,"avg_universe_flagged":1.1355932203,"avg_universe_high":0.0,"avg_universe_multiplier":0.9978720306},"LS_alpha_vs_BOVA11":{"alpha_bps_per_month":122.8987884536,"alpha_tstat":4.9646300068,"beta":-0.0956538202,"ir_ann":1.4966005977},"LS_vt_alpha_vs_BOVA11":{"alpha_bps_per_month":122.8987884536,"alpha_tstat":4.9646300068,"beta":-0.0956538202,"ir_ann":1.4966005977},"LS_pre_vt_alpha_vs_BOVA11":{"alpha_bps_per_month":117.4091673941,"alpha_tstat":4.819826231,"beta":-0.0856307659,"ir_ann":1.378545757},"LS_net_alpha_vs_BOVA11":{"alpha_bps_per_month":129.775584959,"alpha_tstat":5.1365832957,"beta":-0.0961310348,"ir_ann":1.574544999},"LS_financing_assumptions":{"avg_short_gross":0.5,"avg_long_gross":0.4943366358,"avg_carry":0.0038984551,"avg_borrow_cost":0.0032137946,"carry_multiplier":1.0,"borrow_cost_annual":0.08}}