bps,D10_sharpe,D10_mean,D10_t,D10_alpha_bps,D10_alpha_t,LS_mean,LS_t,LS_alpha_bps,LS_alpha_t,LS_ir,LS_mean_vt,LS_t_vt,LS_alpha_bps_vt,LS_alpha_t_vt,LS_ir_vt,LS_maxDD_vt,LS_hit_vt,avg_turnover_D10,avg_turnover_LS
20,0.1510028140889651,0.01098162017420073,2.140372130435751,40.10737320907518,1.3636296342909529,0.008549049117065844,3.6306018074437287,85.01221377489385,3.6840417119524407,0.970016740114719,0.007785663850516729,3.3696204607133438,77.33264033470866,3.416372957156335,0.890355856444364,-0.23478360524435915,0.625,0.13667536255620327,0.1929727448938712
50,0.14167026050706874,0.010776607130366425,2.099510419297545,38.06186863222814,1.2944251357511491,0.008259589999725038,3.518594296673186,82.10696197604932,3.5695718098240614,0.9373417470058465,0.007499604335802947,3.251066432094702,74.46002220831357,3.29492442199851,0.8575278201059929,-0.23926127056037672,0.6195652173913043,0.13667536255620327,0.1929727448938712
100,0.12611327142134643,0.010434918723975915,2.0313881534297,34.652694337483105,1.178833361619852,0.0077771581374903595,3.329036016808934,77.2648756446418,3.3757652994413165,0.8826005638450022,0.007022838477946645,3.051389676906774,69.6723253309884,3.090318437470471,0.8025690944184996,-0.24667155648808603,0.6141304347826086,0.13667536255620327,0.1929727448938712
