{
  "max_drawdown_full": -0.17952987708696655,
  "max_drawdown_12m": -0.03736329431199792,
  "max_drawdown_24m": -0.037363294311997586,
  "worst_month": -0.06400445755998276,
  "avg_ls_multiplier": 0.9986370787878924,
  "avg_ls_score": 0.005451684848430224,
  "last_ls_multiplier": 1.0,
  "last_ls_flagged": 0.0,
  "last_ls_high": 0.0
}