{"LS":{"mean_monthly":0.0081082661,"tstat_monthly":3.6864340723,"hit_rate":0.6467391304,"max_drawdown":-0.1795298771,"capm_alpha":0.0080563948,"capm_alpha_t":3.7298070403,"capm_beta":0.0077588309,"capm_ir_ann":0.9281373015,"capm_te_ann":0.1041621083},"LS_vt":{"mean_monthly":0.0081082661,"tstat_monthly":3.6864340723,"hit_rate":0.6467391304,"max_drawdown":-0.1795298771,"capm_alpha":0.0080563948,"capm_alpha_t":3.7298070403,"capm_beta":0.0077588309,"capm_ir_ann":0.9281373015,"capm_te_ann":0.1041621083},"LS_pre_vt":{"mean_monthly":0.0067831791,"tstat_monthly":3.8112513631,"hit_rate":0.6467391304,"max_drawdown":-0.1182429859,"capm_alpha":0.0066859716,"capm_alpha_t":3.8456787294,"capm_beta":0.0145401609,"capm_ir_ann":0.9598355116,"capm_te_ann":0.0835889678},"LS_net":{"mean_monthly":0.0087420219,"tstat_monthly":3.7045279663,"hit_rate":0.6358695652,"max_drawdown":-0.2189000037,"capm_alpha":0.0086949048,"capm_alpha_t":3.759572375,"capm_beta":0.0070477022,"capm_ir_ann":0.9917231117,"capm_te_ann":0.1052096666},"D10":{"mean_monthly":0.0111182955,"tstat_monthly":2.1676067362,"mean_monthly_excess":0.0034536065,"tstat_monthly_excess":0.6700846374,"ann_sharpe_excess":0.1572236761,"hit_rate":0.5489130435,"max_drawdown":-0.4814665231},"dispersion_gate":{"mode":"quantile50","blocked_months":80,"total_months":184},"delisting_risk":{"avg_ls_weighted_multiplier":0.9986370788,"avg_ls_weighted_score":0.0054516848,"avg_ls_flagged":0.2445652174,"avg_ls_high":0.0,"avg_universe_flagged":0.7336956522,"avg_universe_high":0.0,"avg_universe_multiplier":0.9984233837},"LS_alpha_vs_BOVA11":{"alpha_bps_per_month":80.5639484127,"alpha_tstat":3.7298070403,"beta":0.0077588309,"ir_ann":0.9281373015},"LS_vt_alpha_vs_BOVA11":{"alpha_bps_per_month":80.5639484127,"alpha_tstat":3.7298070403,"beta":0.0077588309,"ir_ann":0.9281373015},"LS_pre_vt_alpha_vs_BOVA11":{"alpha_bps_per_month":66.859716426,"alpha_tstat":3.8456787294,"beta":0.0145401609,"ir_ann":0.9598355116},"LS_net_alpha_vs_BOVA11":{"alpha_bps_per_month":86.9490483075,"alpha_tstat":3.759572375,"beta":0.0070477022,"ir_ann":0.9917231117},"LS_financing_assumptions":{"avg_short_gross":0.5,"avg_long_gross":0.4997008607,"avg_carry":0.004873341,"avg_borrow_cost":0.0042395852,"carry_multiplier":1.0,"borrow_cost_annual":0.08}}