{"LS":{"mean_monthly":0.0102014316,"tstat_monthly":4.152593126,"hit_rate":0.6592178771,"max_drawdown":-0.1405412121,"capm_alpha":0.0104655087,"capm_alpha_t":4.2432141007,"capm_beta":-0.0389240211,"capm_ir_ann":1.2519219301,"capm_te_ann":0.1003146456},"LS_vt":{"mean_monthly":0.0102014316,"tstat_monthly":4.152593126,"hit_rate":0.6592178771,"max_drawdown":-0.1405412121,"capm_alpha":0.0104655087,"capm_alpha_t":4.2432141007,"capm_beta":-0.0389240211,"capm_ir_ann":1.2519219301,"capm_te_ann":0.1003146456},"LS_pre_vt":{"mean_monthly":0.0099619993,"tstat_monthly":3.9114288019,"hit_rate":0.6592178771,"max_drawdown":-0.1719141542,"capm_alpha":0.0102693419,"capm_alpha_t":4.0587339369,"capm_beta":-0.0453011901,"capm_ir_ann":1.1901803976,"capm_te_ann":0.1035406929},"LS_net":{"mean_monthly":0.0107808973,"tstat_monthly":4.2733311334,"hit_rate":0.6703910615,"max_drawdown":-0.1366543795,"capm_alpha":0.0110475485,"capm_alpha_t":4.3195949481,"capm_beta":-0.0393034407,"capm_ir_ann":1.3144282161,"capm_te_ann":0.1008579859},"D10":{"mean_monthly":0.0097368262,"tstat_monthly":1.9754542613,"mean_monthly_excess":0.0020258614,"tstat_monthly_excess":0.3983198294,"ann_sharpe_excess":0.0940186498,"hit_rate":0.5698324022,"max_drawdown":-0.470160446},"dispersion_gate":{"mode":"none","blocked_months":0,"total_months":179},"delisting_risk":{"avg_ls_weighted_multiplier":0.9967889726,"avg_ls_weighted_score":0.0128441095,"avg_ls_flagged":0.6759776536,"avg_ls_high":0.0223463687,"avg_universe_flagged":1.156424581,"avg_universe_high":0.0279329609,"avg_universe_multiplier":0.9977627927},"LS_alpha_vs_BOVA11":{"alpha_bps_per_month":104.6550873038,"alpha_tstat":4.2432141007,"beta":-0.0389240211,"ir_ann":1.2519219301},"LS_vt_alpha_vs_BOVA11":{"alpha_bps_per_month":104.6550873038,"alpha_tstat":4.2432141007,"beta":-0.0389240211,"ir_ann":1.2519219301},"LS_pre_vt_alpha_vs_BOVA11":{"alpha_bps_per_month":102.6934192042,"alpha_tstat":4.0587339369,"beta":-0.0453011901,"ir_ann":1.1901803976},"LS_net_alpha_vs_BOVA11":{"alpha_bps_per_month":110.4754854558,"alpha_tstat":4.3195949481,"beta":-0.0393034407,"ir_ann":1.3144282161},"LS_financing_assumptions":{"avg_short_gross":0.5,"avg_long_gross":0.5,"avg_carry":0.003802932,"avg_borrow_cost":0.0032456417,"carry_multiplier":1.0,"borrow_cost_annual":0.08}}