bps,D10_sharpe,D10_mean,D10_t,D10_alpha_bps,D10_alpha_t,LS_mean,LS_t,LS_alpha_bps,LS_alpha_t,LS_ir,LS_mean_vt,LS_t_vt,LS_alpha_bps_vt,LS_alpha_t_vt,LS_ir_vt,LS_maxDD_vt,LS_hit_vt,avg_turnover_D10,avg_turnover_LS
20,0.08064362977999104,0.009448562398415145,1.9170131711951544,28.557794270023845,0.846983031664097,0.01041989843319421,4.124777101332068,106.86701555166735,4.17330980197143,1.2711783777789194,0.010653142310727028,4.298172887039315,108.14518626155838,4.27582557030909,1.2789774162414436,-0.12124803118656113,0.659217877094972,0.28922499498794374,0.3617129874040841
50,0.060579048112204416,0.009016166696371388,1.8293319111038358,24.25210940147159,0.7181334375630584,0.009878400202991314,3.902607870133574,101.45431069542938,3.9544934864828845,1.206326378487651,0.010105243349606226,4.068994173348067,102.66550596103329,4.049682620236687,1.2138205719770814,-0.12342502642608111,0.659217877094972,0.28922499498794374,0.3617129874040841
100,0.027133008815445038,0.008295507192965151,1.6831503920226003,17.07596795388449,0.5042777844752395,0.00897590315265315,3.534117042828191,92.43313593503287,3.5914547754193666,1.0983087847156057,0.00919207841440489,3.6887545380135367,93.53270546015814,3.674845224153983,1.105259870078465,-0.12704447405519015,0.6424581005586593,0.28922499498794374,0.3617129874040841
