{"LS":{"mean_monthly":0.0098489294,"tstat_monthly":3.9890029364,"hit_rate":0.6779661017,"max_drawdown":-0.1422110738,"capm_alpha":0.0102000297,"capm_alpha_t":4.1722321331,"capm_beta":-0.055494195,"capm_ir_ann":1.228120564,"capm_te_ann":0.0996647719},"LS_vt":{"mean_monthly":0.0098489294,"tstat_monthly":3.9890029364,"hit_rate":0.6779661017,"max_drawdown":-0.1422110738,"capm_alpha":0.0102000297,"capm_alpha_t":4.1722321331,"capm_beta":-0.055494195,"capm_ir_ann":1.228120564,"capm_te_ann":0.0996647719},"LS_pre_vt":{"mean_monthly":0.0094192523,"tstat_monthly":3.7520723863,"hit_rate":0.6779661017,"max_drawdown":-0.1587568925,"capm_alpha":0.0097965947,"capm_alpha_t":3.9910888662,"capm_beta":-0.0596419652,"capm_ir_ann":1.1593845952,"capm_te_ann":0.1013978765},"D10":{"mean_monthly":0.0104986859,"tstat_monthly":2.1782843732,"mean_monthly_excess":0.0028694459,"tstat_monthly_excess":0.5795289604,"ann_sharpe_excess":0.1341906798,"hit_rate":0.5762711864,"max_drawdown":-0.468215275},"LS_alpha_vs_BOVA11":{"alpha_bps_per_month":102.0002965581,"alpha_tstat":4.1722321331,"beta":-0.055494195,"ir_ann":1.228120564},"LS_vt_alpha_vs_BOVA11":{"alpha_bps_per_month":102.0002965581,"alpha_tstat":4.1722321331,"beta":-0.055494195,"ir_ann":1.228120564},"LS_pre_vt_alpha_vs_BOVA11":{"alpha_bps_per_month":97.9659466246,"alpha_tstat":3.9910888662,"beta":-0.0596419652,"ir_ann":1.1593845952}}