bps,D10_sharpe,D10_mean,D10_t,D10_alpha_bps,D10_alpha_t,LS_mean,LS_t,LS_alpha_bps,LS_alpha_t,LS_ir,LS_mean_vt,LS_t_vt,LS_alpha_bps_vt,LS_alpha_t_vt,LS_ir_vt,LS_maxDD_vt,LS_hit_vt,avg_turnover_D10,avg_turnover_LS
20,0.12123292012375433,0.010221517181329827,2.1208791363539596,40.17561412855616,1.3198312009402322,0.009500101330224883,3.8424264647502353,98.50951535302154,4.023775673417535,1.1856373455263094,0.009956681791548965,4.020983162074894,102.33786903874262,4.146220180068038,1.2176441608265438,-0.12892661164810026,0.672316384180791,0.2771687452661697,0.3488280864944338
50,0.10179439738424255,0.009805764063430573,2.0347446943360596,36.03058543610431,1.18160772598378,0.008976859200483234,3.6232442182198463,93.27334354542324,3.8017980338619526,1.1219566547924318,0.009425131484785763,3.8009006765600306,97.01601249017641,3.9232659679704183,1.1538994814675159,-0.13142048004514328,0.6610169491525424,0.2771687452661697,0.3488280864944338
100,0.06939221836050291,0.00911284220026515,1.8911224720250983,29.1222042820179,0.9522556427121412,0.00810478898424715,3.2597876739890466,84.54639053275946,3.433747203767489,1.0159481143114601,0.008539214306847093,3.4352116784108992,88.14625157589947,3.5532411493210225,1.0477154830616473,-0.13872201997145084,0.6384180790960452,0.2771687452661697,0.3488280864944338
