{"LS":{"mean_monthly":0.010047132,"tstat_monthly":4.3002883647,"hit_rate":0.6761363636,"max_drawdown":-0.1657987748,"capm_alpha":0.0104139267,"capm_alpha_t":4.5915992509,"capm_beta":-0.0598684456,"capm_ir_ann":1.249456337,"capm_te_ann":0.1000171965},"D10":{"mean_monthly":0.0141628486,"tstat_monthly":3.0629914273,"mean_monthly_excess":0.0065595749,"tstat_monthly_excess":1.3840048655,"ann_sharpe_excess":0.3106914623,"hit_rate":0.6022727273,"max_drawdown":-0.468215275},"LS_alpha_vs_BOVA11":{"alpha_bps_per_month":104.1392666598,"alpha_tstat":4.5915992509,"beta":-0.0598684456,"ir_ann":1.249456337}}