{"LS":{"mean_monthly":0.0108897501,"tstat_monthly":4.6275326484,"hit_rate":0.6836158192,"max_drawdown":-0.1244683468,"capm_alpha":0.0112740913,"capm_alpha_t":4.8548379806,"capm_beta":-0.0607482042,"capm_ir_ann":1.3671789887,"capm_te_ann":0.0989549262},"LS_vt":{"mean_monthly":0.0108897501,"tstat_monthly":4.6275326484,"hit_rate":0.6836158192,"max_drawdown":-0.1244683468,"capm_alpha":0.0112740913,"capm_alpha_t":4.8548379806,"capm_beta":-0.0607482042,"capm_ir_ann":1.3671789887,"capm_te_ann":0.0989549262},"LS_pre_vt":{"mean_monthly":0.0100758783,"tstat_monthly":4.3337653458,"hit_rate":0.6836158192,"max_drawdown":-0.1657987748,"capm_alpha":0.0104566129,"capm_alpha_t":4.6273090858,"capm_beta":-0.0601781462,"capm_ir_ann":1.2590914849,"capm_te_ann":0.0996586478},"D10":{"mean_monthly":0.0140098128,"tstat_monthly":3.0447703042,"mean_monthly_excess":0.0063805728,"tstat_monthly_excess":1.3527027028,"ann_sharpe_excess":0.3029251586,"hit_rate":0.5988700565,"max_drawdown":-0.468215275},"LS_alpha_vs_BOVA11":{"alpha_bps_per_month":112.7409133257,"alpha_tstat":4.8548379806,"beta":-0.0607482042,"ir_ann":1.3671789887},"LS_vt_alpha_vs_BOVA11":{"alpha_bps_per_month":112.7409133257,"alpha_tstat":4.8548379806,"beta":-0.0607482042,"ir_ann":1.3671789887},"LS_pre_vt_alpha_vs_BOVA11":{"alpha_bps_per_month":104.5661290455,"alpha_tstat":4.6273090858,"beta":-0.0601781462,"ir_ann":1.2590914849}}