bps,D10_sharpe,D10_mean,D10_t,D10_alpha_bps,D10_alpha_t,LS_mean,LS_t,LS_alpha_bps,LS_alpha_t,LS_ir,LS_mean_vt,LS_t_vt,LS_alpha_bps_vt,LS_alpha_t_vt,LS_ir_vt,LS_maxDD_vt,LS_hit_vt,avg_turnover_D10,avg_turnover_LS
20,0.2976416586378965,0.013887225085605442,3.00359015013268,78.53527173723774,2.8585691912654996,0.009698881032500535,4.144335583735064,100.65324859559178,4.429983354548989,1.2071771145038057,0.010493049187470276,4.43728405020592,108.62181611197845,4.661640414802138,1.3120200290521793,-0.12631794240981498,0.6704545454545454,0.27562350567212124,0.348250959059163
50,0.2780655029592912,0.01347378982709726,2.9144476175284515,74.41099675328654,2.7029081823919303,0.00917650459391179,3.9112914001242283,95.42422149924869,4.188546688662951,1.1438006163210328,0.009953684416875774,4.206647942415994,103.21260212532098,4.425004544395311,1.2463325816395998,-0.12908609936834892,0.6647727272727273,0.27562350567212124,0.348250959059163
100,0.2454351039074379,0.012784731062916955,2.765775221757803,67.53720511336786,2.4447530359845855,0.008305877196263883,3.5252707875189344,86.70917633867691,3.7888093340378846,1.0382943672080298,0.009054743132551604,3.8223502925439092,94.19724548089188,4.031116715855091,1.1368719650835974,-0.13368310507425374,0.6420454545454546,0.27562350567212124,0.348250959059163
