{"CAGR":0.1326745532,"AnnVol":0.100194195,"Sharpe12":0.3912411628,"MaxDD":-0.1244683468,"Rolling3m_last":0.0307106775}