{"LS":{"mean_monthly":0.0043278609,"tstat_monthly":1.942277146,"hit_rate":0.5882352941,"max_drawdown":-0.1441889523,"capm_alpha":0.0041208131,"capm_alpha_t":1.799452661,"capm_beta":0.0418275938,"capm_ir_ann":0.4987349422,"capm_te_ann":0.0991503774},"LS_vt":{"mean_monthly":0.0043278609,"tstat_monthly":1.942277146,"hit_rate":0.5882352941,"max_drawdown":-0.1441889523,"capm_alpha":0.0041208131,"capm_alpha_t":1.799452661,"capm_beta":0.0418275938,"capm_ir_ann":0.4987349422,"capm_te_ann":0.0991503774},"LS_pre_vt":{"mean_monthly":0.005292251,"tstat_monthly":2.1112985194,"hit_rate":0.5882352941,"max_drawdown":-0.1591970106,"capm_alpha":0.0050509551,"capm_alpha_t":1.9997647895,"capm_beta":0.0487463618,"capm_ir_ann":0.5421597372,"capm_te_ann":0.1117963154},"D10":{"mean_monthly":0.008425143,"tstat_monthly":1.0042956917,"mean_monthly_excess":0.0002205481,"tstat_monthly_excess":0.0263019449,"ann_sharpe_excess":0.0099874745,"hit_rate":0.5588235294,"max_drawdown":-0.6093367301},"LS_alpha_vs_BOVA11":{"alpha_bps_per_month":41.2081314448,"alpha_tstat":1.799452661,"beta":0.0418275938,"ir_ann":0.4987349422},"LS_vt_alpha_vs_BOVA11":{"alpha_bps_per_month":41.2081314448,"alpha_tstat":1.799452661,"beta":0.0418275938,"ir_ann":0.4987349422},"LS_pre_vt_alpha_vs_BOVA11":{"alpha_bps_per_month":50.5095508325,"alpha_tstat":1.9997647895,"beta":0.0487463618,"ir_ann":0.5421597372}}