{"LS":{"mean_monthly":0.0096652315,"tstat_monthly":4.9201583787,"hit_rate":0.6129032258,"max_drawdown":-0.1427277045,"capm_alpha":0.0100076353,"capm_alpha_t":5.2355311952,"capm_beta":-0.0480645926,"capm_ir_ann":1.190557462,"capm_te_ann":0.1008700773},"LS_vt":{"mean_monthly":0.0096652315,"tstat_monthly":4.9201583787,"hit_rate":0.6129032258,"max_drawdown":-0.1427277045,"capm_alpha":0.0100076353,"capm_alpha_t":5.2355311952,"capm_beta":-0.0480645926,"capm_ir_ann":1.190557462,"capm_te_ann":0.1008700773},"LS_pre_vt":{"mean_monthly":0.0081096354,"tstat_monthly":4.9903638151,"hit_rate":0.6129032258,"max_drawdown":-0.1047059359,"capm_alpha":0.0083210256,"capm_alpha_t":5.2796468537,"capm_beta":-0.0296737048,"capm_ir_ann":1.1948638793,"capm_te_ann":0.0835679357},"LS_net":{"mean_monthly":0.0103544725,"tstat_monthly":5.0395772121,"hit_rate":0.6397849462,"max_drawdown":-0.1927456494,"capm_alpha":0.0107020528,"capm_alpha_t":5.37369767,"capm_beta":-0.0487912476,"capm_ir_ann":1.2658799502,"capm_te_ann":0.1014508794},"D10":{"mean_monthly":0.0108507954,"tstat_monthly":2.2743485507,"mean_monthly_excess":0.0031076655,"tstat_monthly_excess":0.6366813501,"ann_sharpe_excess":0.1450578533,"hit_rate":0.5537634409,"max_drawdown":-0.487709738},"dispersion_gate":{"mode":"none","blocked_months":0,"total_months":186},"delisting_risk":{"avg_ls_weighted_multiplier":0.9985419023,"avg_ls_weighted_score":0.0058323907,"avg_ls_flagged":0.2795698925,"avg_ls_high":0.0053763441,"avg_universe_flagged":0.7580645161,"avg_universe_high":0.0268817204,"avg_universe_multiplier":0.9982997785},"LS_alpha_vs_BOVA11":{"alpha_bps_per_month":100.0763526786,"alpha_tstat":5.2355311952,"beta":-0.0480645926,"ir_ann":1.190557462},"LS_vt_alpha_vs_BOVA11":{"alpha_bps_per_month":100.0763526786,"alpha_tstat":5.2355311952,"beta":-0.0480645926,"ir_ann":1.190557462},"LS_pre_vt_alpha_vs_BOVA11":{"alpha_bps_per_month":83.2102564885,"alpha_tstat":5.2796468537,"beta":-0.0296737048,"ir_ann":1.1948638793},"LS_net_alpha_vs_BOVA11":{"alpha_bps_per_month":107.0205284643,"alpha_tstat":5.37369767,"beta":-0.0487912476,"ir_ann":1.2658799502},"LS_financing_assumptions":{"avg_short_gross":0.5,"avg_long_gross":0.5,"avg_carry":0.004646988,"avg_borrow_cost":0.0039797107,"carry_multiplier":1.0,"borrow_cost_annual":0.08}}