{
  "max_drawdown_full": -0.21783391891955628,
  "max_drawdown_12m": -0.015464265383091425,
  "max_drawdown_24m": -0.0298094116989005,
  "worst_month": -0.059907961539670054,
  "avg_ls_multiplier": 0.9987776209418814,
  "avg_ls_score": 0.004889516232474131,
  "last_ls_multiplier": 1.0,
  "last_ls_flagged": 0.0,
  "last_ls_high": 0.0
}