{"LS":{"mean_monthly":0.0078337288,"tstat_monthly":2.1086542648,"hit_rate":0.6666666667,"max_drawdown":-0.1405184402,"capm_alpha":0.0084188818,"capm_alpha_t":2.2470801268,"capm_beta":-0.092109779,"capm_ir_ann":1.0585064072,"capm_te_ann":0.0954425793},"LS_vt":{"mean_monthly":0.0078337288,"tstat_monthly":2.1086542648,"hit_rate":0.6666666667,"max_drawdown":-0.1405184402,"capm_alpha":0.0084188818,"capm_alpha_t":2.2470801268,"capm_beta":-0.092109779,"capm_ir_ann":1.0585064072,"capm_te_ann":0.0954425793},"LS_pre_vt":{"mean_monthly":0.0065531863,"tstat_monthly":2.0279550118,"hit_rate":0.6666666667,"max_drawdown":-0.1338627234,"capm_alpha":0.0070712954,"capm_alpha_t":2.1975110199,"capm_beta":-0.0815563008,"capm_ir_ann":1.0010550036,"capm_te_ann":0.0847661164},"D10":{"mean_monthly":0.0050934522,"tstat_monthly":0.582753832,"mean_monthly_excess":-0.0023154851,"tstat_monthly_excess":-0.2532498626,"ann_sharpe_excess":-0.089837506,"hit_rate":0.4927536232,"max_drawdown":-0.4055808224},"LS_alpha_vs_BOVA11":{"alpha_bps_per_month":84.1888180665,"alpha_tstat":2.2470801268,"beta":-0.092109779,"ir_ann":1.0585064072},"LS_vt_alpha_vs_BOVA11":{"alpha_bps_per_month":84.1888180665,"alpha_tstat":2.2470801268,"beta":-0.092109779,"ir_ann":1.0585064072},"LS_pre_vt_alpha_vs_BOVA11":{"alpha_bps_per_month":70.7129540953,"alpha_tstat":2.1975110199,"beta":-0.0815563008,"ir_ann":1.0010550036}}