{"LS":{"mean_monthly":0.0083146525,"tstat_monthly":2.312733174,"hit_rate":0.6210526316,"max_drawdown":-0.1565343251,"capm_alpha":0.0087460658,"capm_alpha_t":2.6675192413,"capm_beta":-0.1038567184,"capm_ir_ann":1.0401689335,"capm_te_ann":0.1008997535},"LS_vt":{"mean_monthly":0.0083146525,"tstat_monthly":2.312733174,"hit_rate":0.6210526316,"max_drawdown":-0.1565343251,"capm_alpha":0.0087460658,"capm_alpha_t":2.6675192413,"capm_beta":-0.1038567184,"capm_ir_ann":1.0401689335,"capm_te_ann":0.1008997535},"LS_pre_vt":{"mean_monthly":0.0104857425,"tstat_monthly":2.038546315,"hit_rate":0.6210526316,"max_drawdown":-0.2612337437,"capm_alpha":0.0111429002,"capm_alpha_t":2.3980252458,"capm_beta":-0.1582015494,"capm_ir_ann":0.9200468055,"capm_te_ann":0.145334783},"D10":{"mean_monthly":0.0083902724,"tstat_monthly":1.4014332342,"mean_monthly_excess":0.0002119421,"tstat_monthly_excess":0.0356066766,"ann_sharpe_excess":0.0112608596,"hit_rate":0.5789473684,"max_drawdown":-0.357254972},"LS_alpha_vs_BOVA11":{"alpha_bps_per_month":87.4606575033,"alpha_tstat":2.6675192413,"beta":-0.1038567184,"ir_ann":1.0401689335},"LS_vt_alpha_vs_BOVA11":{"alpha_bps_per_month":87.4606575033,"alpha_tstat":2.6675192413,"beta":-0.1038567184,"ir_ann":1.0401689335},"LS_pre_vt_alpha_vs_BOVA11":{"alpha_bps_per_month":111.4290023758,"alpha_tstat":2.3980252458,"beta":-0.1582015494,"ir_ann":0.9200468055}}