bps,D10_sharpe,D10_mean,D10_t,D10_alpha_bps,D10_alpha_t,LS_mean,LS_t,LS_alpha_bps,LS_alpha_t,LS_ir,LS_mean_vt,LS_t_vt,LS_alpha_bps_vt,LS_alpha_t_vt,LS_ir_vt,LS_maxDD_vt,LS_hit_vt,avg_turnover_D10,avg_turnover_LS
20,-0.003937677866524978,0.008104232315921566,1.3540835086856933,49.44441784154093,1.1352821484841897,0.007943971662257566,2.2028976246495953,83.75568249853214,2.545953063318346,0.9952252330813202,0.007607086002761699,2.2685606707298116,79.81826254738353,2.5982122192618915,1.0250793992976976,-0.1433560763184486,0.6210526315789474,0.2860401002506265,0.3706808578318876
50,-0.026745804738188005,0.007675172165545627,1.2829880852772073,45.17561124793931,1.0356936340026113,0.0073879503755097334,2.039309319947841,78.19821999139472,2.365007115630477,0.9279229723959346,0.00708437308790921,2.10249506903538,74.59460680997701,2.4154218882554774,0.9568159483622528,-0.14690440672418537,0.6105263157894737,0.2860401002506265,0.3706808578318876
100,-0.06478606142194386,0.006960071914919061,1.1643137228128009,38.060933591936625,0.8703429662845772,0.006461248230930017,1.7697836702734107,68.93578247949901,2.067193728421839,0.8160764544433875,0.006213184896488396,1.828930094770191,65.88851391429945,2.114567879664008,0.8433109981533689,-0.15279063595101294,0.6,0.2860401002506265,0.3706808578318876
