{"LS":{"mean_monthly":0.0088792322,"tstat_monthly":2.4175489948,"hit_rate":0.6315789474,"max_drawdown":-0.1619157504,"capm_alpha":0.0092771996,"capm_alpha_t":2.7492550927,"capm_beta":-0.0958050971,"capm_ir_ann":1.0940508233,"capm_te_ann":0.1017561462},"LS_vt":{"mean_monthly":0.0088792322,"tstat_monthly":2.4175489948,"hit_rate":0.6315789474,"max_drawdown":-0.1619157504,"capm_alpha":0.0092771996,"capm_alpha_t":2.7492550927,"capm_beta":-0.0958050971,"capm_ir_ann":1.0940508233,"capm_te_ann":0.1017561462},"LS_pre_vt":{"mean_monthly":0.010060261,"tstat_monthly":2.1474087234,"hit_rate":0.6315789474,"max_drawdown":-0.2551136278,"capm_alpha":0.010602276,"capm_alpha_t":2.5052960189,"capm_beta":-0.1304825386,"capm_ir_ann":0.9348661865,"capm_te_ann":0.1360914677},"D10":{"mean_monthly":0.0089113172,"tstat_monthly":1.527968445,"mean_monthly_excess":0.0007329869,"tstat_monthly_excess":0.1261745793,"ann_sharpe_excess":0.0406878686,"hit_rate":0.5789473684,"max_drawdown":-0.3418349265},"LS_alpha_vs_BOVA11":{"alpha_bps_per_month":92.7719962548,"alpha_tstat":2.7492550927,"beta":-0.0958050971,"ir_ann":1.0940508233},"LS_vt_alpha_vs_BOVA11":{"alpha_bps_per_month":92.7719962548,"alpha_tstat":2.7492550927,"beta":-0.0958050971,"ir_ann":1.0940508233},"LS_pre_vt_alpha_vs_BOVA11":{"alpha_bps_per_month":106.022759526,"alpha_tstat":2.5052960189,"beta":-0.1304825386,"ir_ann":0.9348661865}}