bps,D10_sharpe,D10_mean,D10_t,D10_alpha_bps,D10_alpha_t,LS_mean,LS_t,LS_alpha_bps,LS_alpha_t,LS_ir,LS_mean_vt,LS_t_vt,LS_alpha_bps_vt,LS_alpha_t_vt,LS_ir_vt,LS_maxDD_vt,LS_hit_vt,avg_turnover_D10,avg_turnover_LS
20,0.025414879164673006,0.008636093067883977,1.4814542044095889,55.12510021616536,1.3199671511533626,0.00852094231008476,2.3127546549745692,89.19330959129746,2.634366221378297,1.0509242237823,0.008380038616413168,2.410848415097886,87.35273727126155,2.7158285420828836,1.1073233986427444,-0.14264743256326784,0.6105263157894737,0.2752240936451463,0.35828993258217534
50,0.0024949863333674025,0.008223256927416253,1.411593303119189,51.01400537180763,1.2204672273527564,0.007983507411211496,2.156720260675708,83.82527959600824,2.463378764942225,0.986348596125297,0.007874457921271434,2.2554628216398447,82.30160774737153,2.5466936296702234,1.0421800007122042,-0.1460599844580125,0.6,0.2752240936451463,0.35828993258217534
100,-0.03573193943589669,0.00753519669330339,1.294923404052973,44.16218063121141,1.0549840092209577,0.007087782579756057,1.8997436784479056,74.87856293719294,2.1819855123747303,0.8790421753858281,0.0070318234293685455,1.9992727469421148,73.88305854088819,2.2680384774804834,0.9338359073355836,-0.15172185263141902,0.5894736842105263,0.2752240936451463,0.35828993258217534
