bps,D10_sharpe,D10_mean,D10_t,D10_alpha_bps,D10_alpha_t,LS_mean,LS_t,LS_alpha_bps,LS_alpha_t,LS_ir,LS_mean_vt,LS_t_vt,LS_alpha_bps_vt,LS_alpha_t_vt,LS_ir_vt,LS_maxDD_vt,LS_hit_vt,avg_turnover_D10,avg_turnover_LS
20,0.012243868796992945,0.008443777675968031,1.1796308896179688,41.64633888647378,0.9463897544686052,0.006482689717552318,2.778161836319059,66.01459630486666,2.9009609709419357,0.8085116561346731,0.006448068975349468,2.6630048253254186,65.92862026425121,2.7962521437873873,0.8067501186755933,-0.11554175554825974,0.6078431372549019,0.2060860345174071,0.30259595161555947
50,-0.0035813623910748572,0.008134648624191923,1.1382094571927872,38.55495417841668,0.8788394600205967,0.006028795790128978,2.590444636680949,61.45627992545526,2.7068435899152408,0.7522531268302152,0.00599338333118345,2.4829153926977003,61.35712390154239,2.6093410933337857,0.7505190070103235,-0.12195776321493579,0.5980392156862745,0.2060860345174071,0.30259595161555947
100,-0.029971836925343685,0.007619433537898403,1.0688729503505043,33.4026463316548,0.7653045714704285,0.005272305911090081,2.275160762066155,53.85908595976959,2.381067741295317,0.6585755975079691,0.005235573924240089,2.180049242526932,53.73796329702769,2.295330735342398,0.656842801473873,-0.13255526380697003,0.5882352941176471,0.2060860345174071,0.30259595161555947
