{"LS":{"mean_monthly":0.0067852857,"tstat_monthly":2.902692248,"hit_rate":0.6078431373,"max_drawdown":-0.1106556179,"capm_alpha":0.0069053474,"capm_alpha_t":3.0297981342,"capm_beta":-0.0242547541,"capm_ir_ann":0.8460350095,"capm_te_ann":0.0979441368},"LS_vt":{"mean_monthly":0.0067852857,"tstat_monthly":2.902692248,"hit_rate":0.6078431373,"max_drawdown":-0.1106556179,"capm_alpha":0.0069053474,"capm_alpha_t":3.0297981342,"capm_beta":-0.0242547541,"capm_ir_ann":0.8460350095,"capm_te_ann":0.0979441368},"LS_pre_vt":{"mean_monthly":0.0067580661,"tstat_monthly":2.9219443326,"hit_rate":0.6078431373,"max_drawdown":-0.1099070831,"capm_alpha":0.0068603408,"capm_alpha_t":3.0463585252,"capm_beta":-0.0206614422,"capm_ir_ann":0.8450939953,"capm_te_ann":0.0974141224},"D10":{"mean_monthly":0.0086498637,"tstat_monthly":1.2071699365,"mean_monthly_excess":0.0004452688,"tstat_monthly_excess":0.0620467682,"ann_sharpe_excess":0.0227901443,"hit_rate":0.568627451,"max_drawdown":-0.4676296669},"LS_alpha_vs_BOVA11":{"alpha_bps_per_month":69.0534738911,"alpha_tstat":3.0297981342,"beta":-0.0242547541,"ir_ann":0.8460350095},"LS_vt_alpha_vs_BOVA11":{"alpha_bps_per_month":69.0534738911,"alpha_tstat":3.0297981342,"beta":-0.0242547541,"ir_ann":0.8460350095},"LS_pre_vt_alpha_vs_BOVA11":{"alpha_bps_per_month":68.6034082502,"alpha_tstat":3.0463585252,"beta":-0.0206614422,"ir_ann":0.8450939953}}