{"LS":{"mean_monthly":0.0102951912,"tstat_monthly":2.64295231,"hit_rate":0.6526315789,"max_drawdown":-0.1635789498,"capm_alpha":0.0105764873,"capm_alpha_t":2.8804083955,"capm_beta":-0.0677181293,"capm_ir_ann":1.2514219962,"capm_te_ann":0.1014189045},"LS_vt":{"mean_monthly":0.0102951912,"tstat_monthly":2.64295231,"hit_rate":0.6526315789,"max_drawdown":-0.1635789498,"capm_alpha":0.0105764873,"capm_alpha_t":2.8804083955,"capm_beta":-0.0677181293,"capm_ir_ann":1.2514219962,"capm_te_ann":0.1014189045},"LS_pre_vt":{"mean_monthly":0.0112994577,"tstat_monthly":2.481489717,"hit_rate":0.6526315789,"max_drawdown":-0.2327574719,"capm_alpha":0.0116583823,"capm_alpha_t":2.745987755,"capm_beta":-0.0864060866,"capm_ir_ann":1.1242784425,"capm_te_ann":0.1244358886},"D10":{"mean_monthly":0.0095715704,"tstat_monthly":1.5281166662,"mean_monthly_excess":0.0013932401,"tstat_monthly_excess":0.224604587,"ann_sharpe_excess":0.0750156744,"hit_rate":0.5789473684,"max_drawdown":-0.3416160157},"LS_alpha_vs_BOVA11":{"alpha_bps_per_month":105.7648732288,"alpha_tstat":2.8804083955,"beta":-0.0677181293,"ir_ann":1.2514219962},"LS_vt_alpha_vs_BOVA11":{"alpha_bps_per_month":105.7648732288,"alpha_tstat":2.8804083955,"beta":-0.0677181293,"ir_ann":1.2514219962},"LS_pre_vt_alpha_vs_BOVA11":{"alpha_bps_per_month":116.5838225342,"alpha_tstat":2.745987755,"beta":-0.0864060866,"ir_ann":1.1242784425}}