bps,D10_sharpe,D10_mean,D10_t,D10_alpha_bps,D10_alpha_t,LS_mean,LS_t,LS_alpha_bps,LS_alpha_t,LS_ir,LS_mean_vt,LS_t_vt,LS_alpha_bps_vt,LS_alpha_t_vt,LS_ir_vt,LS_maxDD_vt,LS_hit_vt,avg_turnover_D10,avg_turnover_LS
20,0.05902067711937133,0.009274231059647507,1.481763735169007,58.91044879383728,1.412979725205686,0.009929418255640591,2.543805342054882,102.10869645128018,2.774738946455125,1.2074234880221555,0.009899746740087399,2.6369032726674,101.55031203976516,2.8543519275416425,1.2737545435072204,-0.14610737522374828,0.6526315789473685,0.2973393468130309,0.36577289924119527
50,0.0350132698234261,0.008828222039427958,1.412087905273996,54.47353799887521,1.3051373053811455,0.009380758906778797,2.3958054172610503,96.62443128500495,2.6170504336455025,1.1415012386643342,0.009378753055419246,2.4919810614609026,96.34099036877741,2.700685543337258,1.207555487583226,-0.14931269426789573,0.6526315789473685,0.2973393468130309,0.36577289924119527
100,-0.00503804257859429,0.008084873672395382,1.2955760568482366,47.07868667393842,1.1258560355252045,0.00846632665867581,2.151064693187061,87.48398934121285,2.356415577307421,1.0318446640369405,0.008510430247638992,2.2518941675484636,87.65878758379777,2.4462442187172146,1.0973632624199563,-0.1546321367997856,0.6421052631578947,0.2973393468130309,0.36577289924119527
