{"LS":{"mean_monthly":0.0068371129,"tstat_monthly":3.5313979119,"hit_rate":0.5923913043,"max_drawdown":-0.1528650008,"capm_alpha":0.0067095833,"capm_alpha_t":3.3633206496,"capm_beta":0.0190757024,"capm_ir_ann":0.7755847877,"capm_te_ann":0.1038119897},"LS_vt":{"mean_monthly":0.0068371129,"tstat_monthly":3.5313979119,"hit_rate":0.5923913043,"max_drawdown":-0.1528650008,"capm_alpha":0.0067095833,"capm_alpha_t":3.3633206496,"capm_beta":0.0190757024,"capm_ir_ann":0.7755847877,"capm_te_ann":0.1038119897},"LS_pre_vt":{"mean_monthly":0.0054997162,"tstat_monthly":3.2304681735,"hit_rate":0.5923913043,"max_drawdown":-0.1148922242,"capm_alpha":0.005415422,"capm_alpha_t":3.1133266815,"capm_beta":0.0126086047,"capm_ir_ann":0.7172910793,"capm_te_ann":0.0905978988},"LS_net":{"mean_monthly":0.0076000507,"tstat_monthly":3.7465969807,"hit_rate":0.6086956522,"max_drawdown":-0.1391304337,"capm_alpha":0.0074759619,"capm_alpha_t":3.5695995612,"capm_beta":0.0185610325,"capm_ir_ann":0.8605467881,"capm_te_ann":0.1042494653},"D10":{"mean_monthly":0.0129782848,"tstat_monthly":2.5236373286,"mean_monthly_excess":0.0053135958,"tstat_monthly_excess":1.0278049564,"ann_sharpe_excess":0.2431712926,"hit_rate":0.5597826087,"max_drawdown":-0.4870498709},"dispersion_gate":{"mode":"quantile80","blocked_months":132,"total_months":184},"delisting_risk":{"avg_ls_weighted_multiplier":0.9989782226,"avg_ls_weighted_score":0.0040871095,"avg_ls_flagged":0.1630434783,"avg_ls_high":0.0,"avg_universe_flagged":0.7336956522,"avg_universe_high":0.0,"avg_universe_multiplier":0.9984226814},"LS_alpha_vs_BOVA11":{"alpha_bps_per_month":67.0958333085,"alpha_tstat":3.3633206496,"beta":0.0190757024,"ir_ann":0.7755847877},"LS_vt_alpha_vs_BOVA11":{"alpha_bps_per_month":67.0958333085,"alpha_tstat":3.3633206496,"beta":0.0190757024,"ir_ann":0.7755847877},"LS_pre_vt_alpha_vs_BOVA11":{"alpha_bps_per_month":54.1542204909,"alpha_tstat":3.1133266815,"beta":0.0126086047,"ir_ann":0.7172910793},"LS_net_alpha_vs_BOVA11":{"alpha_bps_per_month":74.7596187437,"alpha_tstat":3.5695995612,"beta":0.0185610325,"ir_ann":0.8605467881},"LS_financing_assumptions":{"avg_short_gross":0.5,"avg_long_gross":0.5,"avg_carry":0.005114349,"avg_borrow_cost":0.0043514112,"carry_multiplier":1.0,"borrow_cost_annual":0.08}}