{
  "max_drawdown_full": -0.1528650008013146,
  "max_drawdown_12m": -0.02671593005669226,
  "max_drawdown_24m": -0.03487078049228354,
  "worst_month": -0.055452457696605444,
  "avg_ls_multiplier": 0.9989782226125598,
  "avg_ls_score": 0.0040871095497609315,
  "last_ls_multiplier": 1.0,
  "last_ls_flagged": 0.0,
  "last_ls_high": 0.0
}