bps,D10_sharpe,D10_mean,D10_t,D10_alpha_bps,D10_alpha_t,LS_mean,LS_t,LS_alpha_bps,LS_alpha_t,LS_ir,LS_mean_vt,LS_t_vt,LS_alpha_bps_vt,LS_alpha_t_vt,LS_ir_vt,LS_maxDD_vt,LS_hit_vt,avg_turnover_D10,avg_turnover_LS
20,0.10501827817595297,0.010114824850658323,1.642987512369413,66.0204948774943,1.6587656672729127,0.011499264103615896,3.2362563510524467,119.49066209312507,3.657251757873758,1.4529882405812922,0.011566088483845282,3.3155171468067475,119.89893422158809,3.715810822669227,1.5063936679318106,-0.11217415205026948,0.6842105263157895,0.2789815224335347,0.3506085831077484
50,0.08235370993107291,0.009696352567008019,1.576371035056635,61.85523785914178,1.5516680779008702,0.010973351228954271,3.078249148336861,114.23435414122491,3.4844066581085333,1.3877937137117897,0.011058258813847912,3.16216618672349,114.82205095141705,3.548747496416118,1.441596748387531,-0.11533195978613908,0.6736842105263158,0.2789815224335347,0.3506085831077484
100,0.044542684709158356,0.00899889876092418,1.4650446860587127,54.9131428285543,1.3738354504303933,0.010096829771184902,2.817055973587712,105.473840888058,3.1988022943049748,1.2793393603951344,0.010211876030518966,2.908136242012198,106.36057883446539,3.272191907200374,1.333736642173613,-0.12057376649598206,0.6526315789473685,0.2789815224335347,0.3506085831077484
