{"LS":{"mean_monthly":0.0084122317,"tstat_monthly":3.478589381,"hit_rate":0.6274509804,"max_drawdown":-0.094186823,"capm_alpha":0.008517866,"capm_alpha_t":3.5606777359,"capm_beta":-0.0213401335,"capm_ir_ann":1.03937052,"capm_te_ann":0.098342593},"LS_vt":{"mean_monthly":0.0084122317,"tstat_monthly":3.478589381,"hit_rate":0.6274509804,"max_drawdown":-0.094186823,"capm_alpha":0.008517866,"capm_alpha_t":3.5606777359,"capm_beta":-0.0213401335,"capm_ir_ann":1.03937052,"capm_te_ann":0.098342593},"LS_pre_vt":{"mean_monthly":0.0083529327,"tstat_monthly":3.4465967685,"hit_rate":0.6274509804,"max_drawdown":-0.0932911379,"capm_alpha":0.0083499203,"capm_alpha_t":3.5416721955,"capm_beta":0.0006085514,"capm_ir_ann":1.0363406698,"capm_te_ann":0.0966854305},"D10":{"mean_monthly":0.0086471131,"tstat_monthly":1.2035206765,"mean_monthly_excess":0.0004425181,"tstat_monthly_excess":0.061590243,"ann_sharpe_excess":0.022668937,"hit_rate":0.5784313725,"max_drawdown":-0.4584633743},"LS_alpha_vs_BOVA11":{"alpha_bps_per_month":85.178660043,"alpha_tstat":3.5606777359,"beta":-0.0213401335,"ir_ann":1.03937052},"LS_vt_alpha_vs_BOVA11":{"alpha_bps_per_month":85.178660043,"alpha_tstat":3.5606777359,"beta":-0.0213401335,"ir_ann":1.03937052},"LS_pre_vt_alpha_vs_BOVA11":{"alpha_bps_per_month":83.499203162,"alpha_tstat":3.5416721955,"beta":0.0006085514,"ir_ann":1.0363406698}}