bps,D10_sharpe,D10_mean,D10_t,D10_alpha_bps,D10_alpha_t,LS_mean,LS_t,LS_alpha_bps,LS_alpha_t,LS_ir,LS_mean_vt,LS_t_vt,LS_alpha_bps_vt,LS_alpha_t_vt,LS_ir_vt,LS_maxDD_vt,LS_hit_vt,avg_turnover_D10,avg_turnover_LS
20,0.007588209603785626,0.008348376395485694,1.1712669847373702,41.012723588831605,0.9734363729378759,0.007346233412886384,2.7860005967526584,71.17492466346677,2.752478111242386,0.8651555410490751,0.007332103006525123,2.703749564951272,71.59430618016907,2.6559843150318807,0.8608603950724156,-0.123504342241468,0.5686274509803921,0.1992030151488052,0.29179493244169064
50,-0.00818240936840765,0.008049571872762487,1.1310916231352963,38.010849209191065,0.9055435114277536,0.006908541014223848,2.627237511339635,66.77249808445133,2.5887674482211773,0.8114046979856332,0.006887156552223514,2.547228502519693,67.11433248570913,2.4972651242149824,0.8068305843419423,-0.1249530769763687,0.5588235294117647,0.1992030151488052,0.29179493244169064
100,-0.034474278693256255,0.0075515643348904714,1.0638421105163203,33.00772524312342,0.7912395567787336,0.006179053683119621,2.360484478133533,59.43512045275889,2.3138560624704883,0.7218308920739553,0.006145579128387497,2.2840721914685873,59.64770966160921,2.2304065008278746,0.7167723544769807,-0.12736322315076531,0.5588235294117647,0.1992030151488052,0.29179493244169064
