{"LS":{"mean_monthly":0.0076380283,"tstat_monthly":2.8913004223,"hit_rate":0.5882352941,"max_drawdown":-0.1190524711,"capm_alpha":0.0074109876,"capm_alpha_t":2.8610960595,"capm_beta":0.0458665604,"capm_ir_ann":0.9009884868,"capm_te_ann":0.0987047583},"LS_vt":{"mean_monthly":0.0076380283,"tstat_monthly":2.8913004223,"hit_rate":0.5882352941,"max_drawdown":-0.1190524711,"capm_alpha":0.0074109876,"capm_alpha_t":2.8610960595,"capm_beta":0.0458665604,"capm_ir_ann":0.9009884868,"capm_te_ann":0.0987047583},"LS_pre_vt":{"mean_monthly":0.0065484844,"tstat_monthly":2.8396797814,"hit_rate":0.5882352941,"max_drawdown":-0.1083428525,"capm_alpha":0.0063174491,"capm_alpha_t":2.8339543674,"capm_beta":0.0466735249,"capm_ir_ann":0.8862412153,"capm_te_ann":0.0855403561},"D10":{"mean_monthly":0.0085475794,"tstat_monthly":1.1979778779,"mean_monthly_excess":0.0003429845,"tstat_monthly_excess":0.0480749418,"ann_sharpe_excess":0.0180999571,"hit_rate":0.5588235294,"max_drawdown":-0.4621951578},"LS_alpha_vs_BOVA11":{"alpha_bps_per_month":74.1098757161,"alpha_tstat":2.8610960595,"beta":0.0458665604,"ir_ann":0.9009884868},"LS_vt_alpha_vs_BOVA11":{"alpha_bps_per_month":74.1098757161,"alpha_tstat":2.8610960595,"beta":0.0458665604,"ir_ann":0.9009884868},"LS_pre_vt_alpha_vs_BOVA11":{"alpha_bps_per_month":63.1744909684,"alpha_tstat":2.8339543674,"beta":0.0466735249,"ir_ann":0.8862412153}}