{"LS":{"mean_monthly":0.0079505237,"tstat_monthly":2.488015898,"hit_rate":0.6202531646,"max_drawdown":-0.157073536,"capm_alpha":0.0091916669,"capm_alpha_t":3.1579422423,"capm_beta":-0.160787324,"capm_ir_ann":1.181720405,"capm_te_ann":0.0933384936},"LS_vt":{"mean_monthly":0.0079505237,"tstat_monthly":2.488015898,"hit_rate":0.6202531646,"max_drawdown":-0.157073536,"capm_alpha":0.0091916669,"capm_alpha_t":3.1579422423,"capm_beta":-0.160787324,"capm_ir_ann":1.181720405,"capm_te_ann":0.0933384936},"LS_pre_vt":{"mean_monthly":0.0086100747,"tstat_monthly":2.5537936222,"hit_rate":0.6202531646,"max_drawdown":-0.155622961,"capm_alpha":0.0099400571,"capm_alpha_t":3.2131896882,"capm_beta":-0.172296252,"capm_ir_ann":1.1934898731,"capm_te_ann":0.0999427713},"D10":{"mean_monthly":0.0144023125,"tstat_monthly":1.8672143626,"mean_monthly_excess":0.007340475,"tstat_monthly_excess":0.9241813862,"ann_sharpe_excess":0.2898797018,"hit_rate":0.582278481,"max_drawdown":-0.4885802048},"LS_alpha_vs_BOVA11":{"alpha_bps_per_month":91.9166687583,"alpha_tstat":3.1579422423,"beta":-0.160787324,"ir_ann":1.181720405},"LS_vt_alpha_vs_BOVA11":{"alpha_bps_per_month":91.9166687583,"alpha_tstat":3.1579422423,"beta":-0.160787324,"ir_ann":1.181720405},"LS_pre_vt_alpha_vs_BOVA11":{"alpha_bps_per_month":99.400571157,"alpha_tstat":3.2131896882,"beta":-0.172296252,"ir_ann":1.1934898731}}