{"LS":{"mean_monthly":0.0098844428,"tstat_monthly":2.5109022891,"hit_rate":0.6421052632,"max_drawdown":-0.1602933089,"capm_alpha":0.0101516155,"capm_alpha_t":2.7343330091,"capm_beta":-0.0643181147,"capm_ir_ann":1.1935963316,"capm_te_ann":0.1020607915},"LS_vt":{"mean_monthly":0.0098844428,"tstat_monthly":2.5109022891,"hit_rate":0.6421052632,"max_drawdown":-0.1602933089,"capm_alpha":0.0101516155,"capm_alpha_t":2.7343330091,"capm_beta":-0.0643181147,"capm_ir_ann":1.1935963316,"capm_te_ann":0.1020607915},"LS_pre_vt":{"mean_monthly":0.011087251,"tstat_monthly":2.3386574041,"hit_rate":0.6421052632,"max_drawdown":-0.2360165922,"capm_alpha":0.0114504355,"capm_alpha_t":2.5897532409,"capm_beta":-0.0874316165,"capm_ir_ann":1.0564743229,"capm_te_ann":0.1300601664},"D10":{"mean_monthly":0.0100971256,"tstat_monthly":1.6473544227,"mean_monthly_excess":0.0019187953,"tstat_monthly_excess":0.3154184316,"ann_sharpe_excess":0.1035336032,"hit_rate":0.6,"max_drawdown":-0.3424277422},"LS_alpha_vs_BOVA11":{"alpha_bps_per_month":101.5161553219,"alpha_tstat":2.7343330091,"beta":-0.0643181147,"ir_ann":1.1935963316},"LS_vt_alpha_vs_BOVA11":{"alpha_bps_per_month":101.5161553219,"alpha_tstat":2.7343330091,"beta":-0.0643181147,"ir_ann":1.1935963316},"LS_pre_vt_alpha_vs_BOVA11":{"alpha_bps_per_month":114.5043552023,"alpha_tstat":2.5897532409,"beta":-0.0874316165,"ir_ann":1.0564743229}}