{"LS":{"mean_monthly":0.011306217,"tstat_monthly":3.1256072635,"hit_rate":0.6421052632,"max_drawdown":-0.1425770294,"capm_alpha":0.0117582392,"capm_alpha_t":3.5339543881,"capm_beta":-0.1088180353,"capm_ir_ann":1.4260162589,"capm_te_ann":0.0989461862},"LS_vt":{"mean_monthly":0.011306217,"tstat_monthly":3.1256072635,"hit_rate":0.6421052632,"max_drawdown":-0.1425770294,"capm_alpha":0.0117582392,"capm_alpha_t":3.5339543881,"capm_beta":-0.1088180353,"capm_ir_ann":1.4260162589,"capm_te_ann":0.0989461862},"LS_pre_vt":{"mean_monthly":0.0115496368,"tstat_monthly":2.9371554618,"hit_rate":0.6421052632,"max_drawdown":-0.1814844116,"capm_alpha":0.0120293322,"capm_alpha_t":3.3305084314,"capm_beta":-0.1154799786,"capm_ir_ann":1.3241692798,"capm_te_ann":0.1090132422},"D10":{"mean_monthly":0.0105090532,"tstat_monthly":1.7064953421,"mean_monthly_excess":0.0023307228,"tstat_monthly_excess":0.3837370984,"ann_sharpe_excess":0.1282820851,"hit_rate":0.6105263158,"max_drawdown":-0.320923521},"LS_alpha_vs_BOVA11":{"alpha_bps_per_month":117.5823918884,"alpha_tstat":3.5339543881,"beta":-0.1088180353,"ir_ann":1.4260162589},"LS_vt_alpha_vs_BOVA11":{"alpha_bps_per_month":117.5823918884,"alpha_tstat":3.5339543881,"beta":-0.1088180353,"ir_ann":1.4260162589},"LS_pre_vt_alpha_vs_BOVA11":{"alpha_bps_per_month":120.2933220671,"alpha_tstat":3.3305084314,"beta":-0.1154799786,"ir_ann":1.3241692798}}