{"LS":{"mean_monthly":0.0079559492,"tstat_monthly":3.4066397977,"hit_rate":0.6176470588,"max_drawdown":-0.0992195314,"capm_alpha":0.0081075076,"capm_alpha_t":3.4831520565,"capm_beta":-0.0306176832,"capm_ir_ann":0.9996197617,"capm_te_ann":0.0973270988},"LS_vt":{"mean_monthly":0.0079559492,"tstat_monthly":3.4066397977,"hit_rate":0.6176470588,"max_drawdown":-0.0992195314,"capm_alpha":0.0081075076,"capm_alpha_t":3.4831520565,"capm_beta":-0.0306176832,"capm_ir_ann":0.9996197617,"capm_te_ann":0.0973270988},"LS_pre_vt":{"mean_monthly":0.0065314193,"tstat_monthly":3.4644425103,"hit_rate":0.6176470588,"max_drawdown":-0.0764917863,"capm_alpha":0.0065728853,"capm_alpha_t":3.5255026531,"capm_beta":-0.0083769324,"capm_ir_ann":0.989821492,"capm_te_ann":0.0796857058},"D10":{"mean_monthly":0.0095178694,"tstat_monthly":1.3994501414,"mean_monthly_excess":0.0013132745,"tstat_monthly_excess":0.1925600575,"ann_sharpe_excess":0.0702498878,"hit_rate":0.5784313725,"max_drawdown":-0.4419509427},"LS_alpha_vs_BOVA11":{"alpha_bps_per_month":81.0750760757,"alpha_tstat":3.4831520565,"beta":-0.0306176832,"ir_ann":0.9996197617},"LS_vt_alpha_vs_BOVA11":{"alpha_bps_per_month":81.0750760757,"alpha_tstat":3.4831520565,"beta":-0.0306176832,"ir_ann":0.9996197617},"LS_pre_vt_alpha_vs_BOVA11":{"alpha_bps_per_month":65.7288534786,"alpha_tstat":3.5255026531,"beta":-0.0083769324,"ir_ann":0.989821492}}