bps,D10_sharpe,D10_mean,D10_t,D10_alpha_bps,D10_alpha_t,LS_mean,LS_t,LS_alpha_bps,LS_alpha_t,LS_ir,LS_mean_vt,LS_t_vt,LS_alpha_bps_vt,LS_alpha_t_vt,LS_ir_vt,LS_maxDD_vt,LS_hit_vt,avg_turnover_D10,avg_turnover_LS
20,0.05834959486661713,0.009295243923079143,1.368275498756291,50.56563246499924,1.3209570436714846,0.007639243903438902,3.278271024202942,77.89603012081194,3.353296590592157,0.9604298325457585,0.007490965444484503,3.00765492353538,77.12868941772484,3.0973470346771186,0.9356114504237354,-0.11895844498117458,0.6176470588235294,0.2226255242258702,0.31670530486975407
50,0.040492565366850496,0.008961305636740337,1.3213728991105247,47.22108710015903,1.2388183328778046,0.007164185946134271,3.08451678294515,73.12746118847309,3.157394506337401,0.9016177219702468,0.007005345222889853,2.821549235466806,72.24950371759863,2.9102169186901077,0.8764763278976537,-0.12076540373674449,0.6176470588235294,0.2226255242258702,0.31670530486975407
100,0.010713824010918244,0.008404741826175661,1.2428268677729688,41.64684482542531,1.1003320920733362,0.006372422683959886,2.758425751036585,65.17984630124172,2.8279508497703425,0.803540193864019,0.00619597818689877,2.508390878946881,64.1175275507216,2.5954416636286046,0.7778424623309497,-0.12377043685004818,0.6078431372549019,0.2226255242258702,0.31670530486975407
