{"LS":{"mean_monthly":0.0112369548,"tstat_monthly":3.031928057,"hit_rate":0.6736842105,"max_drawdown":-0.1455584942,"capm_alpha":0.0115456576,"capm_alpha_t":3.2984766614,"capm_beta":-0.0743159003,"capm_ir_ann":1.3721261628,"capm_te_ann":0.1009731433},"LS_vt":{"mean_monthly":0.0112369548,"tstat_monthly":3.031928057,"hit_rate":0.6736842105,"max_drawdown":-0.1455584942,"capm_alpha":0.0115456576,"capm_alpha_t":3.2984766614,"capm_beta":-0.0743159003,"capm_ir_ann":1.3721261628,"capm_te_ann":0.1009731433},"LS_pre_vt":{"mean_monthly":0.0120157625,"tstat_monthly":2.9076600431,"hit_rate":0.6736842105,"max_drawdown":-0.1968072575,"capm_alpha":0.0123668421,"capm_alpha_t":3.1867119101,"capm_beta":-0.08451752,"capm_ir_ann":1.2545489078,"capm_te_ann":0.1182912076},"D10":{"mean_monthly":0.0098492997,"tstat_monthly":1.5806762887,"mean_monthly_excess":0.0016709694,"tstat_monthly_excess":0.2709999661,"ann_sharpe_excess":0.0887871386,"hit_rate":0.6,"max_drawdown":-0.3468224299},"LS_alpha_vs_BOVA11":{"alpha_bps_per_month":115.4565764404,"alpha_tstat":3.2984766614,"beta":-0.0743159003,"ir_ann":1.3721261628},"LS_vt_alpha_vs_BOVA11":{"alpha_bps_per_month":115.4565764404,"alpha_tstat":3.2984766614,"beta":-0.0743159003,"ir_ann":1.3721261628},"LS_pre_vt_alpha_vs_BOVA11":{"alpha_bps_per_month":123.6684210396,"alpha_tstat":3.1867119101,"beta":-0.08451752,"ir_ann":1.2545489078}}