bps,D10_sharpe,D10_mean,D10_t,D10_alpha_bps,D10_alpha_t,LS_mean,LS_t,LS_alpha_bps,LS_alpha_t,LS_ir,LS_mean_vt,LS_t_vt,LS_alpha_bps_vt,LS_alpha_t_vt,LS_ir_vt,LS_maxDD_vt,LS_hit_vt,avg_turnover_D10,avg_turnover_LS
20,0.07270027909211223,0.009546140217387988,1.53321641656486,60.33005925467051,1.4931633336295853,0.010862868499076424,2.9248495987993235,111.71903361110934,3.1849607355116616,1.3269611299427606,0.010892423764167252,3.011494265915325,111.80391873884088,3.2579441515522736,1.3977785918094436,-0.12932645624314942,0.6736842105263158,0.30315953052795147,0.3740863178289574
50,0.04855190444849147,0.00909140092159606,1.4618713638023868,55.805704019693536,1.3793888453235965,0.010301739022332989,2.7650241508035744,106.11271936721216,3.0155270071006113,1.2592836213058074,0.010358387364125775,2.8577123293526396,106.46580040571783,3.09547900396057,1.3302986011451463,-0.13286604126139634,0.6736842105263158,0.30315953052795147,0.3740863178289574
100,0.008257140602755718,0.008333502095276182,1.3425543754387184,48.26511196139858,1.1903451211899716,0.009366523227760597,2.5007639724301685,96.76886229405018,2.7353832950929022,1.1466861732613627,0.00946832669738998,2.6027585106417592,97.56893651717932,2.8261802040810644,1.2179347048235156,-0.13873808979372348,0.6421052631578947,0.30315953052795147,0.3740863178289574
