{"LS":{"mean_monthly":0.0097290999,"tstat_monthly":3.0504309014,"hit_rate":0.6202531646,"max_drawdown":-0.105195109,"capm_alpha":0.0103725163,"capm_alpha_t":3.3306678654,"capm_beta":-0.0833531608,"capm_ir_ann":1.2428103861,"capm_te_ann":0.1001522009},"LS_vt":{"mean_monthly":0.0097290999,"tstat_monthly":3.0504309014,"hit_rate":0.6202531646,"max_drawdown":-0.105195109,"capm_alpha":0.0103725163,"capm_alpha_t":3.3306678654,"capm_beta":-0.0833531608,"capm_ir_ann":1.2428103861,"capm_te_ann":0.1001522009},"LS_pre_vt":{"mean_monthly":0.0084143479,"tstat_monthly":3.0811206078,"hit_rate":0.6202531646,"max_drawdown":-0.085472018,"capm_alpha":0.0089478555,"capm_alpha_t":3.3411030845,"capm_beta":-0.0691147142,"capm_ir_ann":1.2152834156,"capm_te_ann":0.0883532718},"D10":{"mean_monthly":0.0126690587,"tstat_monthly":1.7385716378,"mean_monthly_excess":0.0056072212,"tstat_monthly_excess":0.734963121,"ann_sharpe_excess":0.2235204076,"hit_rate":0.5443037975,"max_drawdown":-0.4856361644},"LS_alpha_vs_BOVA11":{"alpha_bps_per_month":103.7251629163,"alpha_tstat":3.3306678654,"beta":-0.0833531608,"ir_ann":1.2428103861},"LS_vt_alpha_vs_BOVA11":{"alpha_bps_per_month":103.7251629163,"alpha_tstat":3.3306678654,"beta":-0.0833531608,"ir_ann":1.2428103861},"LS_pre_vt_alpha_vs_BOVA11":{"alpha_bps_per_month":89.4785549499,"alpha_tstat":3.3411030845,"beta":-0.0691147142,"ir_ann":1.2152834156}}