bps,D10_sharpe,D10_mean,D10_t,D10_alpha_bps,D10_alpha_t,LS_mean,LS_t,LS_alpha_bps,LS_alpha_t,LS_ir,LS_mean_vt,LS_t_vt,LS_alpha_bps_vt,LS_alpha_t_vt,LS_ir_vt,LS_maxDD_vt,LS_hit_vt,avg_turnover_D10,avg_turnover_LS
20,0.03125837414115564,0.008814697755995186,1.213001869087726,45.6303891359744,1.0218895853070313,0.007570690580918931,2.883606269146439,74.01509429703195,2.9060764366732994,0.8893132752836612,0.007416186506727264,2.8296809638937996,72.88101974487574,2.839246225189006,0.87565788415234,-0.12072445704539658,0.6078431372549019,0.20553367293563365,0.2983818437569504
50,0.01546577784228498,0.008506397246591735,1.172499414336773,42.54096876305315,0.9558305087059985,0.007123117815283505,2.720892998751088,69.52293287564541,2.7365387818113236,0.8350800484059873,0.006967077562237487,2.66520656390164,68.36851833392541,2.6697766556680804,0.8211771297230532,-0.12239982982991826,0.6078431372549019,0.20553367293563365,0.2983818437569504
100,-0.010869006096103319,0.00799256306425265,1.1046859833102403,37.39193480818442,0.8447426518891578,0.006377163205891128,2.4474565980357967,62.03599717333456,2.4518728457104095,0.7447030901132748,0.006218562654754524,2.3889875778289738,60.84768264900815,2.3853137110749008,0.7303928913690588,-0.1312589714800254,0.6078431372549019,0.20553367293563365,0.2983818437569504
