{"LS":{"mean_monthly":0.0078690724,"tstat_monthly":2.99151642,"hit_rate":0.6176470588,"max_drawdown":-0.1160153,"capm_alpha":0.0077009869,"capm_alpha_t":3.0185687627,"capm_beta":0.0339564858,"capm_ir_ann":0.9254678643,"capm_te_ann":0.0998541882},"LS_vt":{"mean_monthly":0.0078690724,"tstat_monthly":2.99151642,"hit_rate":0.6176470588,"max_drawdown":-0.1160153,"capm_alpha":0.0077009869,"capm_alpha_t":3.0185687627,"capm_beta":0.0339564858,"capm_ir_ann":0.9254678643,"capm_te_ann":0.0998541882},"LS_pre_vt":{"mean_monthly":0.0078397021,"tstat_monthly":2.9351814302,"hit_rate":0.6176470588,"max_drawdown":-0.1188190835,"capm_alpha":0.0076469493,"capm_alpha_t":2.9809761614,"capm_beta":0.0389397256,"capm_ir_ann":0.9307394836,"capm_te_ann":0.0985919189},"D10":{"mean_monthly":0.0090202314,"tstat_monthly":1.2399262234,"mean_monthly_excess":0.0008156365,"tstat_monthly_excess":0.1121178774,"ann_sharpe_excess":0.0417832166,"hit_rate":0.5784313725,"max_drawdown":-0.4722422745},"LS_alpha_vs_BOVA11":{"alpha_bps_per_month":77.009868578,"alpha_tstat":3.0185687627,"beta":0.0339564858,"ir_ann":0.9254678643},"LS_vt_alpha_vs_BOVA11":{"alpha_bps_per_month":77.009868578,"alpha_tstat":3.0185687627,"beta":0.0339564858,"ir_ann":0.9254678643},"LS_pre_vt_alpha_vs_BOVA11":{"alpha_bps_per_month":76.4694931031,"alpha_tstat":2.9809761614,"beta":0.0389397256,"ir_ann":0.9307394836}}