{"LS":{"mean_monthly":0.0116831112,"tstat_monthly":3.2886056341,"hit_rate":0.6526315789,"max_drawdown":-0.1307647308,"capm_alpha":0.012105546,"capm_alpha_t":3.6786543595,"capm_beta":-0.1016952769,"capm_ir_ann":1.4627469479,"capm_te_ann":0.0993107877},"LS_vt":{"mean_monthly":0.0116831112,"tstat_monthly":3.2886056341,"hit_rate":0.6526315789,"max_drawdown":-0.1307647308,"capm_alpha":0.012105546,"capm_alpha_t":3.6786543595,"capm_beta":-0.1016952769,"capm_ir_ann":1.4627469479,"capm_te_ann":0.0993107877},"LS_pre_vt":{"mean_monthly":0.0121824533,"tstat_monthly":3.1530672056,"hit_rate":0.6526315789,"max_drawdown":-0.1713676989,"capm_alpha":0.0126420507,"capm_alpha_t":3.5415864269,"capm_beta":-0.1106416784,"capm_ir_ann":1.3616113782,"capm_te_ann":0.1114154971},"D10":{"mean_monthly":0.0101671232,"tstat_monthly":1.6517371284,"mean_monthly_excess":0.0019887929,"tstat_monthly_excess":0.3262582801,"ann_sharpe_excess":0.1079072181,"hit_rate":0.6,"max_drawdown":-0.3511559485},"LS_alpha_vs_BOVA11":{"alpha_bps_per_month":121.0554596704,"alpha_tstat":3.6786543595,"beta":-0.1016952769,"ir_ann":1.4627469479},"LS_vt_alpha_vs_BOVA11":{"alpha_bps_per_month":121.0554596704,"alpha_tstat":3.6786543595,"beta":-0.1016952769,"ir_ann":1.4627469479},"LS_pre_vt_alpha_vs_BOVA11":{"alpha_bps_per_month":126.4205071002,"alpha_tstat":3.5415864269,"beta":-0.1106416784,"ir_ann":1.3616113782}}