bps,D10_sharpe,D10_mean,D10_t,D10_alpha_bps,D10_alpha_t,LS_mean,LS_t,LS_alpha_bps,LS_alpha_t,LS_ir,LS_mean_vt,LS_t_vt,LS_alpha_bps_vt,LS_alpha_t_vt,LS_ir_vt,LS_maxDD_vt,LS_hit_vt,avg_turnover_D10,avg_turnover_LS
20,0.09240474114772528,0.009880909292012687,1.6062528977679795,63.73349052247069,1.6286147932037993,0.01132506523269183,3.180646980419676,117.47876497439118,3.561668702929824,1.4187361139633972,0.011379797969080327,3.25972622708652,117.75499454114522,3.6187381793426234,1.4777229837421868,-0.11576382068810587,0.6526315789473685,0.28621394257617155,0.35804597448512854
50,0.06913388437902294,0.00945158837814843,1.537901638595283,59.46353297614649,1.5173691822233784,0.010787996270964138,3.0195683428733022,112.11372293043509,3.387143707795376,1.3527870835996263,0.0108646342593844,3.104541444573346,112.60767730742317,3.4514143060369187,1.412211168037556,-0.11904510445827998,0.6421052631578947,0.28621394257617155,0.35804597448512854
100,0.03030411851753289,0.008736053521707999,1.4236553707365949,52.346937065606205,1.3325662432510084,0.009892881334751316,2.7533940796117458,103.17198619050822,3.0988120410008917,1.243061700584544,0.010006028076557854,2.8474633919749714,104.02881525121971,3.17435284934813,1.3031494246719237,-0.1244908415101389,0.6421052631578947,0.28621394257617155,0.35804597448512854
