{"LS":{"mean_monthly":0.0074984023,"tstat_monthly":3.5037012834,"hit_rate":0.6666666667,"max_drawdown":-0.267692826,"capm_alpha":0.0070497387,"capm_alpha_t":3.2301308916,"capm_beta":0.0709148579,"capm_ir_ann":0.8754150825,"capm_te_ann":0.0966362891},"LS_vt":{"mean_monthly":0.0074984023,"tstat_monthly":3.5037012834,"hit_rate":0.6666666667,"max_drawdown":-0.267692826,"capm_alpha":0.0070497387,"capm_alpha_t":3.2301308916,"capm_beta":0.0709148579,"capm_ir_ann":0.8754150825,"capm_te_ann":0.0966362891},"LS_pre_vt":{"mean_monthly":0.0041894496,"tstat_monthly":3.4047248269,"hit_rate":0.6666666667,"max_drawdown":-0.1545922904,"capm_alpha":0.0039010334,"capm_alpha_t":3.1397132935,"capm_beta":0.0455864874,"capm_ir_ann":0.9070942258,"capm_te_ann":0.0516069876},"LS_net":{"mean_monthly":0.008759913,"tstat_monthly":4.1597977277,"hit_rate":0.6666666667,"max_drawdown":-0.2170964354,"capm_alpha":0.008311415,"capm_alpha_t":3.7487486475,"capm_beta":0.070888694,"capm_ir_ann":1.0327504136,"capm_te_ann":0.096574137},"D10":{"mean_monthly":0.00870548,"tstat_monthly":2.2548085727,"mean_monthly_excess":0.00107624,"tstat_monthly_excess":0.2701141507,"ann_sharpe_excess":0.0580855863,"hit_rate":0.5649717514,"max_drawdown":-0.4282077604},"dispersion_gate":{"mode":"quantile80","blocked_months":122,"total_months":177},"delisting_risk":{"avg_ls_weighted_multiplier":0.9985193609,"avg_ls_weighted_score":0.0059225565,"avg_ls_flagged":0.9152542373,"avg_ls_high":0.0,"avg_universe_flagged":1.1355932203,"avg_universe_high":0.0,"avg_universe_multiplier":0.9978720306},"LS_alpha_vs_BOVA11":{"alpha_bps_per_month":70.4973874983,"alpha_tstat":3.2301308916,"beta":0.0709148579,"ir_ann":0.8754150825},"LS_vt_alpha_vs_BOVA11":{"alpha_bps_per_month":70.4973874983,"alpha_tstat":3.2301308916,"beta":0.0709148579,"ir_ann":0.8754150825},"LS_pre_vt_alpha_vs_BOVA11":{"alpha_bps_per_month":39.0103337278,"alpha_tstat":3.1397132935,"beta":0.0455864874,"ir_ann":0.9070942258},"LS_net_alpha_vs_BOVA11":{"alpha_bps_per_month":83.1141499721,"alpha_tstat":3.7487486475,"beta":0.070888694,"ir_ann":1.0327504136},"LS_financing_assumptions":{"avg_short_gross":0.5,"avg_long_gross":0.4997844451,"avg_carry":0.007389061,"avg_borrow_cost":0.0061275503,"carry_multiplier":1.0,"borrow_cost_annual":0.08}}