{"LS":{"mean_monthly":0.009366865,"tstat_monthly":4.6567020092,"hit_rate":0.6413043478,"max_drawdown":-0.1485388943,"capm_alpha":0.0089200183,"capm_alpha_t":4.4015456419,"capm_beta":0.0668387328,"capm_ir_ann":1.0325526532,"capm_te_ann":0.1036656286},"LS_vt":{"mean_monthly":0.009366865,"tstat_monthly":4.6567020092,"hit_rate":0.6413043478,"max_drawdown":-0.1485388943,"capm_alpha":0.0089200183,"capm_alpha_t":4.4015456419,"capm_beta":0.0668387328,"capm_ir_ann":1.0325526532,"capm_te_ann":0.1036656286},"LS_pre_vt":{"mean_monthly":0.0073076195,"tstat_monthly":4.4136826365,"hit_rate":0.6413043478,"max_drawdown":-0.1093067021,"capm_alpha":0.0069543788,"capm_alpha_t":4.2062878643,"capm_beta":0.0528372733,"capm_ir_ann":0.9643871348,"capm_te_ann":0.0865342793},"LS_net":{"mean_monthly":0.010125139,"tstat_monthly":4.7913950163,"hit_rate":0.6576086957,"max_drawdown":-0.1353896585,"capm_alpha":0.0096828121,"capm_alpha_t":4.5462856551,"capm_beta":0.066162669,"capm_ir_ann":1.1147568221,"capm_te_ann":0.1042323696},"D10":{"mean_monthly":0.0127076711,"tstat_monthly":2.4984159419,"mean_monthly_excess":0.005042982,"tstat_monthly_excess":0.9840172281,"ann_sharpe_excess":0.2346131224,"hit_rate":0.5706521739,"max_drawdown":-0.4838801755},"dispersion_gate":{"mode":"quantile70","blocked_months":116,"total_months":184},"delisting_risk":{"avg_ls_weighted_multiplier":0.9988902102,"avg_ls_weighted_score":0.0044391592,"avg_ls_flagged":0.2010869565,"avg_ls_high":0.0,"avg_universe_flagged":0.7336956522,"avg_universe_high":0.0,"avg_universe_multiplier":0.9984233837},"LS_alpha_vs_BOVA11":{"alpha_bps_per_month":89.2001831916,"alpha_tstat":4.4015456419,"beta":0.0668387328,"ir_ann":1.0325526532},"LS_vt_alpha_vs_BOVA11":{"alpha_bps_per_month":89.2001831916,"alpha_tstat":4.4015456419,"beta":0.0668387328,"ir_ann":1.0325526532},"LS_pre_vt_alpha_vs_BOVA11":{"alpha_bps_per_month":69.5437880499,"alpha_tstat":4.2062878643,"beta":0.0528372733,"ir_ann":0.9643871348},"LS_net_alpha_vs_BOVA11":{"alpha_bps_per_month":96.8281209099,"alpha_tstat":4.5462856551,"beta":0.066162669,"ir_ann":1.1147568221},"LS_financing_assumptions":{"avg_short_gross":0.5,"avg_long_gross":0.4999505136,"avg_carry":0.0051503403,"avg_borrow_cost":0.0043920663,"carry_multiplier":1.0,"borrow_cost_annual":0.08}}