{
  "max_drawdown_full": -0.1485388943289262,
  "max_drawdown_12m": -0.029038463466116937,
  "max_drawdown_24m": -0.03766154058155813,
  "worst_month": -0.058512048840180735,
  "avg_ls_multiplier": 0.9988902102048253,
  "avg_ls_score": 0.004439159180699234,
  "last_ls_multiplier": 1.0,
  "last_ls_flagged": 0.0,
  "last_ls_high": 0.0
}