{"LS":{"mean_monthly":0.0092328109,"tstat_monthly":2.5588734451,"hit_rate":0.6210526316,"max_drawdown":-0.1584949045,"capm_alpha":0.009625424,"capm_alpha_t":2.9029961154,"capm_beta":-0.0945161338,"capm_ir_ann":1.1395453327,"capm_te_ann":0.1013606785},"LS_vt":{"mean_monthly":0.0092328109,"tstat_monthly":2.5588734451,"hit_rate":0.6210526316,"max_drawdown":-0.1584949045,"capm_alpha":0.009625424,"capm_alpha_t":2.9029961154,"capm_beta":-0.0945161338,"capm_ir_ann":1.1395453327,"capm_te_ann":0.1013606785},"LS_pre_vt":{"mean_monthly":0.0107319685,"tstat_monthly":2.3075486053,"hit_rate":0.6210526316,"max_drawdown":-0.2515585361,"capm_alpha":0.0112708874,"capm_alpha_t":2.6810184683,"capm_beta":-0.1297372272,"capm_ir_ann":0.9889050107,"capm_te_ann":0.1367680897},"D10":{"mean_monthly":0.0089646554,"tstat_monthly":1.5063904484,"mean_monthly_excess":0.0007863251,"tstat_monthly_excess":0.1326874523,"ann_sharpe_excess":0.0433152153,"hit_rate":0.6,"max_drawdown":-0.3483151525},"LS_alpha_vs_BOVA11":{"alpha_bps_per_month":96.2542400806,"alpha_tstat":2.9029961154,"beta":-0.0945161338,"ir_ann":1.1395453327},"LS_vt_alpha_vs_BOVA11":{"alpha_bps_per_month":96.2542400806,"alpha_tstat":2.9029961154,"beta":-0.0945161338,"ir_ann":1.1395453327},"LS_pre_vt_alpha_vs_BOVA11":{"alpha_bps_per_month":112.7088743421,"alpha_tstat":2.6810184683,"beta":-0.1297372272,"ir_ann":0.9889050107}}