bps,D10_sharpe,D10_mean,D10_t,D10_alpha_bps,D10_alpha_t,LS_mean,LS_t,LS_alpha_bps,LS_alpha_t,LS_ir,LS_mean_vt,LS_t_vt,LS_alpha_bps_vt,LS_alpha_t_vt,LS_ir_vt,LS_maxDD_vt,LS_hit_vt,avg_turnover_D10,avg_turnover_LS
20,0.02742185901844862,0.00867601748829291,1.458731974693276,55.26305496378144,1.3431009796604643,0.00886528006782048,2.449699068735405,92.58290713350794,2.7833989296593336,1.0950984224885416,0.008667626869337799,2.5436618392081307,90.158276720107,2.857884145086074,1.149899006921904,-0.14049260329485402,0.6105263157894737,0.28863793126951015,0.3675308170768024
50,0.003567792656881703,0.008243060591388643,1.3871275930076383,50.95519662102611,1.237163432787265,0.008313983842205276,2.2870837413757825,87.07590771283573,2.605329230516707,1.0285475048490424,0.008149391127752627,2.3814235575198643,84.9805332488529,2.6814898169074106,1.082644052256964,-0.14394170890632918,0.6,0.28863793126951015,0.3675308170768024
100,-0.03622568999773599,0.007521465763214868,1.26748092413859,43.77543271643395,1.0610227173229898,0.007395156799513271,2.0191137052419488,77.89757534504864,2.3120853614529078,0.9179637469963685,0.007285664891777336,2.113834136330435,76.35096079676268,2.3907387219152327,0.9708024016571334,-0.14966410150855725,0.5894736842105263,0.28863793126951015,0.3675308170768024
