{"LS":{"mean_monthly":0.0099217728,"tstat_monthly":4.0412957492,"hit_rate":0.6666666667,"max_drawdown":-0.1373395085,"capm_alpha":0.0102501656,"capm_alpha_t":4.2098262702,"capm_beta":-0.0519051142,"capm_ir_ann":1.2330107936,"capm_te_ann":0.0997574298},"LS_vt":{"mean_monthly":0.0099217728,"tstat_monthly":4.0412957492,"hit_rate":0.6666666667,"max_drawdown":-0.1373395085,"capm_alpha":0.0102501656,"capm_alpha_t":4.2098262702,"capm_beta":-0.0519051142,"capm_ir_ann":1.2330107936,"capm_te_ann":0.0997574298},"LS_pre_vt":{"mean_monthly":0.0097662559,"tstat_monthly":3.7922560238,"hit_rate":0.6666666667,"max_drawdown":-0.1744463377,"capm_alpha":0.0101540757,"capm_alpha_t":4.0303898267,"capm_beta":-0.0612980153,"capm_ir_ann":1.1611727918,"capm_te_ann":0.1049360688},"LS_net":{"mean_monthly":0.0097000156,"tstat_monthly":3.8362750495,"hit_rate":0.6610169492,"max_drawdown":-0.1363822668,"capm_alpha":0.0100304311,"capm_alpha_t":3.9649492363,"capm_beta":-0.0522248132,"capm_ir_ann":1.1989673731,"capm_te_ann":0.1003906996},"D10":{"mean_monthly":0.0103818773,"tstat_monthly":2.1345477369,"mean_monthly_excess":0.0027526373,"tstat_monthly_excess":0.5500916938,"ann_sharpe_excess":0.1279318872,"hit_rate":0.5762711864,"max_drawdown":-0.470160446},"LS_alpha_vs_BOVA11":{"alpha_bps_per_month":102.5016564417,"alpha_tstat":4.2098262702,"beta":-0.0519051142,"ir_ann":1.2330107936},"LS_vt_alpha_vs_BOVA11":{"alpha_bps_per_month":102.5016564417,"alpha_tstat":4.2098262702,"beta":-0.0519051142,"ir_ann":1.2330107936},"LS_pre_vt_alpha_vs_BOVA11":{"alpha_bps_per_month":101.5407566021,"alpha_tstat":4.0303898267,"beta":-0.0612980153,"ir_ann":1.1611727918},"LS_net_alpha_vs_BOVA11":{"alpha_bps_per_month":100.3043111617,"alpha_tstat":3.9649492363,"beta":-0.0522248132,"ir_ann":1.1989673731},"LS_financing_assumptions":{"avg_short_gross":0.5,"avg_long_gross":0.5,"avg_carry":0.0037240305,"avg_borrow_cost":0.0039457877,"carry_multiplier":1.0,"borrow_cost_annual":0.1}}