bps,D10_sharpe,D10_mean,D10_t,D10_alpha_bps,D10_alpha_t,LS_mean,LS_t,LS_alpha_bps,LS_alpha_t,LS_ir,LS_mean_vt,LS_t_vt,LS_alpha_bps_vt,LS_alpha_t_vt,LS_ir_vt,LS_maxDD_vt,LS_hit_vt,avg_turnover_D10,avg_turnover_LS
20,0.0960518107877286,0.009949111853989057,1.6303822249885143,64.94870466229446,1.6425841901738538,0.010229967055525296,2.715390430104107,105.54683977152445,2.981229387764645,1.2539922728186208,0.010300531701828583,2.8230377682679046,106.01709190761338,3.073555125103269,1.330629918003538,-0.13919496225892292,0.6526315789473685,0.28645109276688213,0.357368816829709
50,0.07276972637658019,0.009519435214838735,1.56159358610455,60.67079642217578,1.5327582163803581,0.009693913830280733,2.563458235019936,100.19196388735115,2.8189652888853267,1.1888469556139147,0.009791606873767362,2.676203865292705,100.9304639898181,2.917537954219497,1.2655118628025979,-0.1424584722459643,0.6526315789473685,0.28645109276688213,0.357368816829709
100,0.03393077428023982,0.00880330748292153,1.4465911112002214,53.54094935531129,1.350161430555812,0.008800491788206459,2.3126423352814856,91.26717074706225,2.5511794681368087,1.08057306289374,0.008943398826998662,2.433136502757527,92.45275079349267,2.6593792609971496,1.157197323750279,-0.14787419706249938,0.6421052631578947,0.28645109276688213,0.357368816829709
