{"LS":{"mean_monthly":0.0105873359,"tstat_monthly":2.8172806639,"hit_rate":0.6526315789,"max_drawdown":-0.1582655271,"capm_alpha":0.0109116757,"capm_alpha_t":3.0900699994,"capm_beta":-0.0780802907,"capm_ir_ann":1.2974946804,"capm_te_ann":0.1009176457},"LS_vt":{"mean_monthly":0.0105873359,"tstat_monthly":2.8172806639,"hit_rate":0.6526315789,"max_drawdown":-0.1582655271,"capm_alpha":0.0109116757,"capm_alpha_t":3.0900699994,"capm_beta":-0.0780802907,"capm_ir_ann":1.2974946804,"capm_te_ann":0.1009176457},"LS_pre_vt":{"mean_monthly":0.0112588948,"tstat_monthly":2.6550440867,"hit_rate":0.6526315789,"max_drawdown":-0.2195423362,"capm_alpha":0.0116399705,"capm_alpha_t":2.9534786367,"capm_beta":-0.0917386512,"capm_ir_ann":1.1644165842,"capm_te_ann":0.1199567641},"D10":{"mean_monthly":0.0102355629,"tstat_monthly":1.6761515501,"mean_monthly_excess":0.0020572326,"tstat_monthly_excess":0.3389891507,"ann_sharpe_excess":0.1115641542,"hit_rate":0.6105263158,"max_drawdown":-0.3393228725},"LS_alpha_vs_BOVA11":{"alpha_bps_per_month":109.1167570276,"alpha_tstat":3.0900699994,"beta":-0.0780802907,"ir_ann":1.2974946804},"LS_vt_alpha_vs_BOVA11":{"alpha_bps_per_month":109.1167570276,"alpha_tstat":3.0900699994,"beta":-0.0780802907,"ir_ann":1.2974946804},"LS_pre_vt_alpha_vs_BOVA11":{"alpha_bps_per_month":116.3997045376,"alpha_tstat":2.9534786367,"beta":-0.0917386512,"ir_ann":1.1644165842}}