{"LS":{"mean_monthly":0.0092659807,"tstat_monthly":2.5072609404,"hit_rate":0.6421052632,"max_drawdown":-0.1658500335,"capm_alpha":0.009629942,"capm_alpha_t":2.8161435498,"capm_beta":-0.0876186019,"capm_ir_ann":1.1397355177,"capm_te_ann":0.1013913331},"LS_vt":{"mean_monthly":0.0092659807,"tstat_monthly":2.5072609404,"hit_rate":0.6421052632,"max_drawdown":-0.1658500335,"capm_alpha":0.009629942,"capm_alpha_t":2.8161435498,"capm_beta":-0.0876186019,"capm_ir_ann":1.1397355177,"capm_te_ann":0.1013913331},"LS_pre_vt":{"mean_monthly":0.010813843,"tstat_monthly":2.2417733032,"hit_rate":0.6421052632,"max_drawdown":-0.2640241456,"capm_alpha":0.0113096467,"capm_alpha_t":2.5668986614,"capm_beta":-0.1193578389,"capm_ir_ann":0.9844063787,"capm_te_ann":0.1378655846},"D10":{"mean_monthly":0.010051746,"tstat_monthly":1.577575805,"mean_monthly_excess":0.0018734157,"tstat_monthly_excess":0.2966423717,"ann_sharpe_excess":0.099044855,"hit_rate":0.6105263158,"max_drawdown":-0.3465969677},"LS_alpha_vs_BOVA11":{"alpha_bps_per_month":96.2994196228,"alpha_tstat":2.8161435498,"beta":-0.0876186019,"ir_ann":1.1397355177},"LS_vt_alpha_vs_BOVA11":{"alpha_bps_per_month":96.2994196228,"alpha_tstat":2.8161435498,"beta":-0.0876186019,"ir_ann":1.1397355177},"LS_pre_vt_alpha_vs_BOVA11":{"alpha_bps_per_month":113.0964673888,"alpha_tstat":2.5668986614,"beta":-0.1193578389,"ir_ann":0.9844063787}}