bps,D10_sharpe,D10_mean,D10_t,D10_alpha_bps,D10_alpha_t,LS_mean,LS_t,LS_alpha_bps,LS_alpha_t,LS_ir,LS_mean_vt,LS_t_vt,LS_alpha_bps_vt,LS_alpha_t_vt,LS_ir_vt,LS_maxDD_vt,LS_hit_vt,avg_turnover_D10,avg_turnover_LS
20,0.08348332186928775,0.009757013528494663,1.5322094386049807,63.81808380606733,1.4787298386475056,0.008894751382340783,2.4004706431249185,92.59495570210811,2.7005452610496334,1.0951687387454747,0.008703597351644896,2.5029009868378123,90.29554589681264,2.7893604648490276,1.1556701093367958,-0.14680487462106062,0.631578947368421,0.2947324799956378,0.3712293006502547
50,0.06012639158637439,0.009314914808501204,1.4640447941317456,59.42147551042982,1.3752042332779357,0.0083379074313654,2.2412755163368403,87.03825982110217,2.5282285596137943,1.0284021088565853,0.008181582420655486,2.344322494757912,85.08443643391654,2.6186477317603405,1.0881400014790148,-0.15027476511801363,0.6210526315789474,0.2947324799956378,0.3712293006502547
100,0.021159978864365415,0.008578083608512112,1.3501358040708757,52.09379501770072,1.2031471966913045,0.007409834179739765,1.9785961391042,77.77710001942572,2.2439266004434466,0.9173619625143178,0.007311557535673146,2.082344928307293,76.39925399575623,2.3366669171810606,0.9757430297401619,-0.15603115718514937,0.6,0.2947324799956378,0.3712293006502547
