{"LS":{"mean_monthly":0.0105350421,"tstat_monthly":4.2363950434,"hit_rate":0.6666666667,"max_drawdown":-0.1400456848,"capm_alpha":0.0107791758,"capm_alpha_t":4.326590583,"capm_beta":-0.038587275,"capm_ir_ann":1.2845694441,"capm_te_ann":0.1006953033},"LS_vt":{"mean_monthly":0.0105350421,"tstat_monthly":4.2363950434,"hit_rate":0.6666666667,"max_drawdown":-0.1400456848,"capm_alpha":0.0107791758,"capm_alpha_t":4.326590583,"capm_beta":-0.038587275,"capm_ir_ann":1.2845694441,"capm_te_ann":0.1006953033},"LS_pre_vt":{"mean_monthly":0.0103359959,"tstat_monthly":4.0024166102,"hit_rate":0.6666666667,"max_drawdown":-0.1731761391,"capm_alpha":0.010605836,"capm_alpha_t":4.1432432208,"capm_beta":-0.0426503766,"capm_ir_ann":1.2085736989,"capm_te_ann":0.1053059754},"LS_net":{"mean_monthly":0.011056191,"tstat_monthly":4.3268187117,"hit_rate":0.6666666667,"max_drawdown":-0.1362290544,"capm_alpha":0.0113031511,"capm_alpha_t":4.3811458053,"capm_beta":-0.0390340196,"capm_ir_ann":1.3389172515,"capm_te_ann":0.1013041044},"D10":{"mean_monthly":0.0103818773,"tstat_monthly":2.1345477369,"mean_monthly_excess":0.0027526373,"tstat_monthly_excess":0.5500916938,"ann_sharpe_excess":0.1279318872,"hit_rate":0.5762711864,"max_drawdown":-0.470160446},"LS_alpha_vs_BOVA11":{"alpha_bps_per_month":107.7917581312,"alpha_tstat":4.326590583,"beta":-0.038587275,"ir_ann":1.2845694441},"LS_vt_alpha_vs_BOVA11":{"alpha_bps_per_month":107.7917581312,"alpha_tstat":4.326590583,"beta":-0.038587275,"ir_ann":1.2845694441},"LS_pre_vt_alpha_vs_BOVA11":{"alpha_bps_per_month":106.0583601221,"alpha_tstat":4.1432432208,"beta":-0.0426503766,"ir_ann":1.2085736989},"LS_net_alpha_vs_BOVA11":{"alpha_bps_per_month":113.031510826,"alpha_tstat":4.3811458053,"beta":-0.0390340196,"ir_ann":1.3389172515},"LS_financing_assumptions":{"avg_short_gross":0.5,"avg_long_gross":0.5,"avg_carry":0.0037408343,"avg_borrow_cost":0.0032196855,"carry_multiplier":1.0,"borrow_cost_annual":0.08}}