bps,D10_sharpe,D10_mean,D10_t,D10_alpha_bps,D10_alpha_t,LS_mean,LS_t,LS_alpha_bps,LS_alpha_t,LS_ir,LS_mean_vt,LS_t_vt,LS_alpha_bps_vt,LS_alpha_t_vt,LS_ir_vt,LS_maxDD_vt,LS_hit_vt,avg_turnover_D10,avg_turnover_LS
20,0.11457321533743976,0.010094315181278003,2.0755671047638877,38.695999529131235,1.2581451929644012,0.01067018482437466,4.170020003598402,109.17082136095452,4.225860001715054,1.2928241215365683,0.010942532132183798,4.360978462231316,110.87174240816586,4.354843752799698,1.3089994799271751,-0.1169641893671064,0.6666666666666666,0.287562102811393,0.38600612833577724
50,0.09453232690860518,0.009662972027060908,1.9870644785436133,34.39898146446265,1.116407160337015,0.010091175631870996,3.935549004833137,103.37978716344419,3.9936289447737705,1.2237133814363599,0.010355405088202693,4.118841377880267,104.99744761150346,4.114143286658293,1.239217750437893,-0.11921986562842513,0.6666666666666666,0.287562102811393,0.38600612833577724
100,0.06112356617097229,0.008944066770032429,1.8394820940074104,27.23728469001499,0.8812758536085454,0.009126160311031554,3.5467323735751086,93.72806350092692,3.608466219042573,1.1086156676528336,0.009376860014900843,3.7169316049953447,95.20695628373285,3.715110495743622,1.122958416510038,-0.12296982259739264,0.6666666666666666,0.287562102811393,0.38600612833577724
