{"LS":{"mean_monthly":0.0067322631,"tstat_monthly":2.9918178149,"hit_rate":0.6141304348,"max_drawdown":-0.2490407267,"capm_alpha":0.0069370393,"capm_alpha_t":3.1359661005,"capm_beta":-0.0306301566,"capm_ir_ann":0.7903898616,"capm_te_ann":0.1053207742},"LS_vt":{"mean_monthly":0.0067322631,"tstat_monthly":2.9918178149,"hit_rate":0.6141304348,"max_drawdown":-0.2490407267,"capm_alpha":0.0069370393,"capm_alpha_t":3.1359661005,"capm_beta":-0.0306301566,"capm_ir_ann":0.7903898616,"capm_te_ann":0.1053207742},"LS_pre_vt":{"mean_monthly":0.0060308581,"tstat_monthly":3.1292467068,"hit_rate":0.6141304348,"max_drawdown":-0.1885436237,"capm_alpha":0.00615847,"capm_alpha_t":3.2498708423,"capm_beta":-0.019088009,"capm_ir_ann":0.7958049605,"capm_te_ann":0.0928640101},"LS_net":{"mean_monthly":0.0073859617,"tstat_monthly":3.0813852855,"hit_rate":0.625,"max_drawdown":-0.2924333173,"capm_alpha":0.0075948673,"capm_alpha_t":3.2451746202,"capm_beta":-0.0312478241,"capm_ir_ann":0.8579198329,"capm_te_ann":0.106231846},"D10":{"mean_monthly":0.011431755,"tstat_monthly":2.1911412558,"mean_monthly_excess":0.0037670659,"tstat_monthly_excess":0.7198259513,"ann_sharpe_excess":0.1700066188,"hit_rate":0.5543478261,"max_drawdown":-0.4837916659},"dispersion_gate":{"mode":"quantile60","blocked_months":98,"total_months":184},"LS_alpha_vs_BOVA11":{"alpha_bps_per_month":69.3703934674,"alpha_tstat":3.1359661005,"beta":-0.0306301566,"ir_ann":0.7903898616},"LS_vt_alpha_vs_BOVA11":{"alpha_bps_per_month":69.3703934674,"alpha_tstat":3.1359661005,"beta":-0.0306301566,"ir_ann":0.7903898616},"LS_pre_vt_alpha_vs_BOVA11":{"alpha_bps_per_month":61.5846999109,"alpha_tstat":3.2498708423,"beta":-0.019088009,"ir_ann":0.7958049605},"LS_net_alpha_vs_BOVA11":{"alpha_bps_per_month":75.948672973,"alpha_tstat":3.2451746202,"beta":-0.0312478241,"ir_ann":0.8579198329},"LS_financing_assumptions":{"avg_short_gross":0.5,"avg_long_gross":0.4992169494,"avg_carry":0.0047643841,"avg_borrow_cost":0.0041106855,"carry_multiplier":1.0,"borrow_cost_annual":0.08}}