{"LS":{"mean_monthly":0.0090190256,"tstat_monthly":2.5077000434,"hit_rate":0.6315789474,"max_drawdown":-0.160988959,"capm_alpha":0.0093555387,"capm_alpha_t":2.8018354031,"capm_beta":-0.0810108268,"capm_ir_ann":1.1085098453,"capm_te_ann":0.1012769212},"LS_vt":{"mean_monthly":0.0090190256,"tstat_monthly":2.5077000434,"hit_rate":0.6315789474,"max_drawdown":-0.160988959,"capm_alpha":0.0093555387,"capm_alpha_t":2.8018354031,"capm_beta":-0.0810108268,"capm_ir_ann":1.1085098453,"capm_te_ann":0.1012769212},"LS_pre_vt":{"mean_monthly":0.0106509888,"tstat_monthly":2.265791253,"hit_rate":0.6315789474,"max_drawdown":-0.2548542114,"capm_alpha":0.0111162109,"capm_alpha_t":2.5813889897,"capm_beta":-0.1119957254,"capm_ir_ann":0.9652537227,"capm_te_ann":0.1381963391},"D10":{"mean_monthly":0.0101850251,"tstat_monthly":1.6410879364,"mean_monthly_excess":0.0020066948,"tstat_monthly_excess":0.3261024423,"ann_sharpe_excess":0.1058417867,"hit_rate":0.6210526316,"max_drawdown":-0.3369100757},"LS_alpha_vs_BOVA11":{"alpha_bps_per_month":93.5553868521,"alpha_tstat":2.8018354031,"beta":-0.0810108268,"ir_ann":1.1085098453},"LS_vt_alpha_vs_BOVA11":{"alpha_bps_per_month":93.5553868521,"alpha_tstat":2.8018354031,"beta":-0.0810108268,"ir_ann":1.1085098453},"LS_pre_vt_alpha_vs_BOVA11":{"alpha_bps_per_month":111.1621090081,"alpha_tstat":2.5813889897,"beta":-0.1119957254,"ir_ann":0.9652537227}}