bps,D10_sharpe,D10_mean,D10_t,D10_alpha_bps,D10_alpha_t,LS_mean,LS_t,LS_alpha_bps,LS_alpha_t,LS_ir,LS_mean_vt,LS_t_vt,LS_alpha_bps_vt,LS_alpha_t_vt,LS_ir_vt,LS_maxDD_vt,LS_hit_vt,avg_turnover_D10,avg_turnover_LS
20,0.08975117446754198,0.009879572332054616,1.5931546434142732,64.81554828214516,1.5401485199616156,0.00863824502981016,2.394631992218792,89.75189563977439,2.6796355462421855,1.0625188046711425,0.008430545167226433,2.4861171799416133,87.31877197428389,2.7575006615852415,1.1166009408370015,-0.14442061150771046,0.631578947368421,0.30545275387380655,0.3807805918828471
50,0.065601310709709,0.009421393201243904,1.5210897168493493,60.25833431041642,1.4301652174419122,0.008067074141985892,2.226226374437621,84.04665882122384,2.497654894602546,0.9936545997329725,0.007896048996038248,2.318945326507325,81.97738182093161,2.577760399275861,1.0471274166006759,-0.14818756599779015,0.6210526315789474,0.30545275387380655,0.3807805918828471
100,0.025315277875209208,0.00865776131655939,1.4005479834638936,52.66297769086858,1.2473539145050008,0.007115122662278774,1.9487407684501148,74.53793079030618,2.1978768913186464,0.879222873447511,0.007005222044057935,2.043133610101589,73.07506489867785,2.281303132094951,0.9316061192473494,-0.15443442961349974,0.6,0.30545275387380655,0.3807805918828471
