bps,D10_sharpe,D10_mean,D10_t,D10_alpha_bps,D10_alpha_t,LS_mean,LS_t,LS_alpha_bps,LS_alpha_t,LS_ir,LS_mean_vt,LS_t_vt,LS_alpha_bps_vt,LS_alpha_t_vt,LS_ir_vt,LS_maxDD_vt,LS_hit_vt,avg_turnover_D10,avg_turnover_LS
20,0.07583928947129964,0.00955999263917994,1.5680435459285385,62.153766187319725,1.5258182198343093,0.009659050590678443,2.4813727616690833,99.6329058620669,2.7205988567363972,1.1771924259478803,0.009658717101582219,2.5761058853651146,99.34687411546115,2.800637090451033,1.2460819508938057,-0.13780630461924415,0.6526315789473685,0.27808783808783805,0.3535188493091407
50,0.0529511604503793,0.00914286088204818,1.500755472803374,57.99673264117715,1.4222342206850975,0.00912877231671473,2.336498908334381,94.33248404118949,2.565834892732624,1.113151474273852,0.009154962263680289,2.4342723749979642,94.30957687593285,2.649870290211141,1.1816589167689628,-0.14104130049712227,0.631578947368421,0.27808783808783805,0.3535188493091407
100,0.01478840616457273,0.008447641286828586,1.3883520902138151,51.06834339760615,1.250032077586012,0.008244975193441877,2.097319903409984,85.49844767306037,2.31045422480019,1.006723157965853,0.008315370867177065,2.199700376387072,85.91408147671906,2.4006668399686135,1.0745254690604336,-0.14640992319445345,0.6210526315789474,0.27808783808783805,0.3535188493091407
