{"LS":{"mean_monthly":0.0100125694,"tstat_monthly":2.578526629,"hit_rate":0.6526315789,"max_drawdown":-0.1553013827,"capm_alpha":0.010316652,"capm_alpha_t":2.8244168707,"capm_beta":-0.0732036452,"capm_ir_ann":1.2199604304,"capm_te_ann":0.1014785573},"LS_vt":{"mean_monthly":0.0100125694,"tstat_monthly":2.578526629,"hit_rate":0.6526315789,"max_drawdown":-0.1553013827,"capm_alpha":0.010316652,"capm_alpha_t":2.8244168707,"capm_beta":-0.0732036452,"capm_ir_ann":1.2199604304,"capm_te_ann":0.1014785573},"LS_pre_vt":{"mean_monthly":0.010823641,"tstat_monthly":2.4033244478,"hit_rate":0.6526315789,"max_drawdown":-0.2237627749,"capm_alpha":0.0112075355,"capm_alpha_t":2.6779150449,"capm_beta":-0.0924172357,"capm_ir_ann":1.078855985,"capm_te_ann":0.1246602209},"D10":{"mean_monthly":0.0098380805,"tstat_monthly":1.6128370515,"mean_monthly_excess":0.0016597502,"tstat_monthly_excess":0.273841228,"ann_sharpe_excess":0.091093896,"hit_rate":0.5894736842,"max_drawdown":-0.3365790911},"LS_alpha_vs_BOVA11":{"alpha_bps_per_month":103.1665204093,"alpha_tstat":2.8244168707,"beta":-0.0732036452,"ir_ann":1.2199604304},"LS_vt_alpha_vs_BOVA11":{"alpha_bps_per_month":103.1665204093,"alpha_tstat":2.8244168707,"beta":-0.0732036452,"ir_ann":1.2199604304},"LS_pre_vt_alpha_vs_BOVA11":{"alpha_bps_per_month":112.0753545367,"alpha_tstat":2.6779150449,"beta":-0.0924172357,"ir_ann":1.078855985}}