{"LS":{"mean_monthly":0.010452737,"tstat_monthly":4.2950758644,"hit_rate":0.6723163842,"max_drawdown":-0.1404068918,"capm_alpha":0.0106643114,"capm_alpha_t":4.3460088441,"capm_beta":-0.0334410297,"capm_ir_ann":1.277325726,"capm_te_ann":0.1001872384},"LS_vt":{"mean_monthly":0.010452737,"tstat_monthly":4.2950758644,"hit_rate":0.6723163842,"max_drawdown":-0.1404068918,"capm_alpha":0.0106643114,"capm_alpha_t":4.3460088441,"capm_beta":-0.0334410297,"capm_ir_ann":1.277325726,"capm_te_ann":0.1001872384},"LS_pre_vt":{"mean_monthly":0.0102694033,"tstat_monthly":4.0638822141,"hit_rate":0.6723163842,"max_drawdown":-0.1624557228,"capm_alpha":0.0105305446,"capm_alpha_t":4.1732694789,"capm_beta":-0.0412754657,"capm_ir_ann":1.2209189497,"capm_te_ann":0.1035011658},"LS_net":{"mean_monthly":0.0109822543,"tstat_monthly":4.3825772879,"hit_rate":0.6779661017,"max_drawdown":-0.1364236324,"capm_alpha":0.011196568,"capm_alpha_t":4.3959953186,"capm_beta":-0.0338739872,"capm_ir_ann":1.3326186356,"capm_te_ann":0.1008231556},"D10":{"mean_monthly":0.010451957,"tstat_monthly":2.1510805145,"mean_monthly_excess":0.002822717,"tstat_monthly_excess":0.5646627624,"ann_sharpe_excess":0.1314151938,"hit_rate":0.5762711864,"max_drawdown":-0.470160446},"dispersion_gate":{"mode":"none","blocked_months":0,"total_months":177},"regime_scaler":{"mode":"gross","avg_scale":1.001497597,"min_scale":0.8464232539,"max_scale":1.1742393895,"weights":{"dispersion":0.2,"vol":0.3,"macro":0.5}},"delisting_risk":{"avg_ls_weighted_multiplier":0.9968238446,"avg_ls_weighted_score":0.0127046214,"avg_ls_flagged":0.6610169492,"avg_ls_high":0.0,"avg_universe_flagged":1.1355932203,"avg_universe_high":0.0,"avg_universe_multiplier":0.9978720306},"LS_alpha_vs_BOVA11":{"alpha_bps_per_month":106.6431142319,"alpha_tstat":4.3460088441,"beta":-0.0334410297,"ir_ann":1.277325726},"LS_vt_alpha_vs_BOVA11":{"alpha_bps_per_month":106.6431142319,"alpha_tstat":4.3460088441,"beta":-0.0334410297,"ir_ann":1.277325726},"LS_pre_vt_alpha_vs_BOVA11":{"alpha_bps_per_month":105.3054455497,"alpha_tstat":4.1732694789,"beta":-0.0412754657,"ir_ann":1.2209189497},"LS_net_alpha_vs_BOVA11":{"alpha_bps_per_month":111.9656800062,"alpha_tstat":4.3959953186,"beta":-0.0338739872,"ir_ann":1.3326186356},"LS_financing_assumptions":{"avg_short_gross":0.5,"avg_long_gross":0.5,"avg_carry":0.0037766125,"avg_borrow_cost":0.0032470952,"carry_multiplier":1.0,"borrow_cost_annual":0.08}}