{
  "max_drawdown_full": -0.14040689182802646,
  "max_drawdown_12m": -0.057980724632956004,
  "max_drawdown_24m": -0.14040689182802624,
  "worst_month": -0.07140634636633272,
  "avg_ls_multiplier": 0.9968238446485416,
  "avg_ls_score": 0.012704621405834305,
  "last_ls_multiplier": 0.9944096803028524,
  "last_ls_flagged": 1.0,
  "last_ls_high": 0.0
}