bps,D10_sharpe,D10_mean,D10_t,D10_alpha_bps,D10_alpha_t,LS_mean,LS_t,LS_alpha_bps,LS_alpha_t,LS_ir,LS_mean_vt,LS_t_vt,LS_alpha_bps_vt,LS_alpha_t_vt,LS_ir_vt,LS_maxDD_vt,LS_hit_vt,avg_turnover_D10,avg_turnover_LS
20,0.1180222930880666,0.010164157082214718,2.0919654420411105,39.44190158007091,1.285297414834165,0.01062126710391114,4.232807790320736,108.35727437374369,4.248944742436189,1.289365404679376,0.010789782993739838,4.391134995598459,109.08368855525974,4.335104749899624,1.2917442353362767,-0.12393164907687615,0.6666666666666666,0.2877999224415486,0.3609872194486737
50,0.09793016975454823,0.009732457198552397,2.003263909385767,35.1410774842298,1.143045040697581,0.010079786274738128,4.008832127655148,102.94466592510321,4.0289927305031314,1.2245060155575904,0.010240417603730206,4.157515351697062,103.59131085350717,4.105872807730159,1.2263082256626714,-0.12616034529223963,0.6610169491525424,0.2877999224415486,0.3609872194486737
100,0.06443630798954116,0.009012957392448524,1.8553574085424978,27.973037324494634,0.9070734658933434,0.009177318226116445,3.6373759822331846,93.92365184403555,3.6640948859777067,1.1164700411212416,0.009324808620380817,3.770346036636741,94.43734801725289,3.7262573416967135,1.11729153817641,-0.12986550651138173,0.655367231638418,0.2877999224415486,0.3609872194486737
