{"LS":{"mean_monthly":0.0098474625,"tstat_monthly":3.6328689414,"hit_rate":0.6723163842,"max_drawdown":-0.2007952235,"capm_alpha":0.0107675665,"capm_alpha_t":4.3508994508,"capm_beta":-0.1454297789,"capm_ir_ann":1.2443178452,"capm_te_ann":0.1038406695},"LS_vt":{"mean_monthly":0.0098474625,"tstat_monthly":3.6328689414,"hit_rate":0.6723163842,"max_drawdown":-0.2007952235,"capm_alpha":0.0107675665,"capm_alpha_t":4.3508994508,"capm_beta":-0.1454297789,"capm_ir_ann":1.2443178452,"capm_te_ann":0.1038406695},"LS_pre_vt":{"mean_monthly":0.0092224246,"tstat_monthly":3.1690963646,"hit_rate":0.6723163842,"max_drawdown":-0.2338436946,"capm_alpha":0.0101806137,"capm_alpha_t":3.8184487308,"capm_beta":-0.1514494409,"capm_ir_ann":1.0140246551,"capm_te_ann":0.1204777066},"LS_net":{"mean_monthly":0.0105111109,"tstat_monthly":3.8367824729,"hit_rate":0.6892655367,"max_drawdown":-0.1801930573,"capm_alpha":0.011434965,"capm_alpha_t":4.5644911016,"capm_beta":-0.1460225069,"capm_ir_ann":1.3173657861,"capm_te_ann":0.1041620944},"D10":{"mean_monthly":0.0124441334,"tstat_monthly":2.7336677328,"mean_monthly_excess":0.0048148934,"tstat_monthly_excess":1.0203070343,"ann_sharpe_excess":0.2321414709,"hit_rate":0.593220339,"max_drawdown":-0.471583886},"dispersion_gate":{"mode":"quantile70","blocked_months":106,"total_months":177},"LS_alpha_vs_BOVA11":{"alpha_bps_per_month":107.6756651476,"alpha_tstat":4.3508994508,"beta":-0.1454297789,"ir_ann":1.2443178452},"LS_vt_alpha_vs_BOVA11":{"alpha_bps_per_month":107.6756651476,"alpha_tstat":4.3508994508,"beta":-0.1454297789,"ir_ann":1.2443178452},"LS_pre_vt_alpha_vs_BOVA11":{"alpha_bps_per_month":101.8061373713,"alpha_tstat":3.8184487308,"beta":-0.1514494409,"ir_ann":1.0140246551},"LS_net_alpha_vs_BOVA11":{"alpha_bps_per_month":114.3496495206,"alpha_tstat":4.5644911016,"beta":-0.1460225069,"ir_ann":1.3173657861},"LS_financing_assumptions":{"avg_short_gross":0.5,"avg_long_gross":0.494650509,"avg_carry":0.003710437,"avg_borrow_cost":0.0030467886,"carry_multiplier":1.0,"borrow_cost_annual":0.08}}