{"LS":{"mean_monthly":0.0051378272,"tstat_monthly":2.1408069671,"hit_rate":0.5784313725,"max_drawdown":-0.1498156921,"capm_alpha":0.0050920723,"capm_alpha_t":2.0895454861,"capm_beta":0.0092433635,"capm_ir_ann":0.6197565675,"capm_te_ann":0.0985949503},"LS_vt":{"mean_monthly":0.0051378272,"tstat_monthly":2.1408069671,"hit_rate":0.5784313725,"max_drawdown":-0.1498156921,"capm_alpha":0.0050920723,"capm_alpha_t":2.0895454861,"capm_beta":0.0092433635,"capm_ir_ann":0.6197565675,"capm_te_ann":0.0985949503},"LS_pre_vt":{"mean_monthly":0.0060141869,"tstat_monthly":2.2640817245,"hit_rate":0.5784313725,"max_drawdown":-0.1648240797,"capm_alpha":0.0059646734,"capm_alpha_t":2.2349237817,"capm_beta":0.0100026733,"capm_ir_ann":0.6521026174,"capm_te_ann":0.1097619893},"D10":{"mean_monthly":0.007507899,"tstat_monthly":0.9660552645,"mean_monthly_excess":-0.0006966959,"tstat_monthly_excess":-0.08952392,"ann_sharpe_excess":-0.0326669567,"hit_rate":0.5588235294,"max_drawdown":-0.5754575757},"LS_alpha_vs_BOVA11":{"alpha_bps_per_month":50.9207232818,"alpha_tstat":2.0895454861,"beta":0.0092433635,"ir_ann":0.6197565675},"LS_vt_alpha_vs_BOVA11":{"alpha_bps_per_month":50.9207232818,"alpha_tstat":2.0895454861,"beta":0.0092433635,"ir_ann":0.6197565675},"LS_pre_vt_alpha_vs_BOVA11":{"alpha_bps_per_month":59.646733739,"alpha_tstat":2.2349237817,"beta":0.0100026733,"ir_ann":0.6521026174}}