bps,D10_sharpe,D10_mean,D10_t,D10_alpha_bps,D10_alpha_t,LS_mean,LS_t,LS_alpha_bps,LS_alpha_t,LS_ir,LS_mean_vt,LS_t_vt,LS_alpha_bps_vt,LS_alpha_t_vt,LS_ir_vt,LS_maxDD_vt,LS_hit_vt,avg_turnover_D10,avg_turnover_LS
20,-0.042755107245450806,0.007292940396030434,0.9393721134326886,28.258439014879706,0.5471063800035484,0.004838963485050056,2.0178043399312444,47.922121591371436,1.9671860052945702,0.5830499501319669,0.004729233788456488,1.9345450451758113,46.79251401950673,1.8817310954377446,0.5697763458298478,-0.1434302125136392,0.5784313725490197,0.2149586433900159,0.2988637542559112
50,-0.05789518044849648,0.0069705024309454095,0.8992379606771412,25.03591105113592,0.4859915582972745,0.00439066785366619,1.8328522555351723,43.424219055761064,1.7833862725751504,0.5280184951102451,0.004282247397745751,1.7536311946842096,42.30560242614358,1.7019448712420644,0.5149230537855513,-0.14948197688112186,0.5784313725490197,0.2149586433900159,0.2988637542559112
100,-0.08314913151436489,0.0064331058224703684,0.8320563877301163,19.665031111562907,0.3834033993481486,0.0036435084680264108,1.5234872638133665,35.927714829743806,1.476448709111687,0.4363948891441847,0.0035372700798945223,1.4509130775560803,34.82741643720494,1.4016863583026005,0.4235556506019266,-0.15948143033432371,0.5686274509803921,0.2149586433900159,0.2988637542559112
