{"LS":{"mean_monthly":0.0097194048,"tstat_monthly":3.0836295448,"hit_rate":0.6455696203,"max_drawdown":-0.0992113208,"capm_alpha":0.0102878046,"capm_alpha_t":3.3538161912,"capm_beta":-0.0736349265,"capm_ir_ann":1.2090235851,"capm_te_ann":0.1021102124},"LS_vt":{"mean_monthly":0.0097194048,"tstat_monthly":3.0836295448,"hit_rate":0.6455696203,"max_drawdown":-0.0992113208,"capm_alpha":0.0102878046,"capm_alpha_t":3.3538161912,"capm_beta":-0.0736349265,"capm_ir_ann":1.2090235851,"capm_te_ann":0.1021102124},"LS_pre_vt":{"mean_monthly":0.008636817,"tstat_monthly":3.0720421311,"hit_rate":0.6455696203,"max_drawdown":-0.083735758,"capm_alpha":0.0091270112,"capm_alpha_t":3.318835126,"capm_beta":-0.0635035602,"capm_ir_ann":1.1757140544,"capm_te_ann":0.093155418},"D10":{"mean_monthly":0.0136464016,"tstat_monthly":1.8102498589,"mean_monthly_excess":0.0065845642,"tstat_monthly_excess":0.8379661555,"ann_sharpe_excess":0.2590072255,"hit_rate":0.5316455696,"max_drawdown":-0.4866114051},"LS_alpha_vs_BOVA11":{"alpha_bps_per_month":102.8780458573,"alpha_tstat":3.3538161912,"beta":-0.0736349265,"ir_ann":1.2090235851},"LS_vt_alpha_vs_BOVA11":{"alpha_bps_per_month":102.8780458573,"alpha_tstat":3.3538161912,"beta":-0.0736349265,"ir_ann":1.2090235851},"LS_pre_vt_alpha_vs_BOVA11":{"alpha_bps_per_month":91.2701118168,"alpha_tstat":3.318835126,"beta":-0.0635035602,"ir_ann":1.1757140544}}