bps,D10_sharpe,D10_mean,D10_t,D10_alpha_bps,D10_alpha_t,LS_mean,LS_t,LS_alpha_bps,LS_alpha_t,LS_ir,LS_mean_vt,LS_t_vt,LS_alpha_bps_vt,LS_alpha_t_vt,LS_ir_vt,LS_maxDD_vt,LS_hit_vt,avg_turnover_D10,avg_turnover_LS
20,0.25170960883380555,0.013459616628537615,1.7859687421254475,39.9367791796232,0.9891791502104028,0.009457834949585665,3.0017874416949097,100.27088095977409,3.270703127188047,1.1783577976549313,0.009083007216653137,2.874175744267248,96.99752369128956,3.1904948379860216,1.1434804571591919,-0.12406891446182833,0.6455696202531646,0.18678501775627127,0.2615698245061629
50,0.2407574223168867,0.013179439101903206,1.7495115424687333,37.1602678803031,0.9207871719241808,0.00906548021282642,2.8788568444372693,96.36013361348388,3.145794665459319,1.1323404428894832,0.00867672790881598,2.7416482937760525,92.96300307040948,3.0546448301943903,1.0953384155655763,-0.1326673223443322,0.6455696202531646,0.18678501775627127,0.2615698245061629
100,0.2224885433910903,0.01271247655751253,1.688656534193748,32.53274904810295,0.8066334914437137,0.008411555651561013,2.6735440600561753,89.84222136966685,2.936995737082701,1.0556027499993392,0.00799959572908738,2.5212918385430974,86.23880203560938,2.8284933091592848,1.015144012208426,-0.14682223801177685,0.6455696202531646,0.18678501775627127,0.2615698245061629
