{"LS":{"mean_monthly":0.0089731767,"tstat_monthly":5.2177056284,"hit_rate":0.625,"max_drawdown":-0.1327784298,"capm_alpha":0.008332471,"capm_alpha_t":4.465935696,"capm_beta":0.0958358973,"capm_ir_ann":1.0304726481,"capm_te_ann":0.0970328051},"LS_vt":{"mean_monthly":0.0089731767,"tstat_monthly":5.2177056284,"hit_rate":0.625,"max_drawdown":-0.1327784298,"capm_alpha":0.008332471,"capm_alpha_t":4.465935696,"capm_beta":0.0958358973,"capm_ir_ann":1.0304726481,"capm_te_ann":0.0970328051},"LS_pre_vt":{"mean_monthly":0.0065994463,"tstat_monthly":5.1738675196,"hit_rate":0.625,"max_drawdown":-0.0935801372,"capm_alpha":0.0061073663,"capm_alpha_t":4.4608375337,"capm_beta":0.0736046533,"capm_ir_ann":1.0558540205,"capm_te_ann":0.0694114857},"LS_net":{"mean_monthly":0.0098206084,"tstat_monthly":5.465382873,"hit_rate":0.6304347826,"max_drawdown":-0.1392502937,"capm_alpha":0.0091850363,"capm_alpha_t":4.6538581191,"capm_beta":0.0950680231,"capm_ir_ann":1.1286688738,"capm_te_ann":0.0976552447},"D10":{"mean_monthly":0.0107959292,"tstat_monthly":2.5386547034,"mean_monthly_excess":0.0031312402,"tstat_monthly_excess":0.7139202704,"ann_sharpe_excess":0.1561362286,"hit_rate":0.5597826087,"max_drawdown":-0.4581043628},"LS_alpha_vs_BOVA11":{"alpha_bps_per_month":83.3247097053,"alpha_tstat":4.465935696,"beta":0.0958358973,"ir_ann":1.0304726481},"LS_vt_alpha_vs_BOVA11":{"alpha_bps_per_month":83.3247097053,"alpha_tstat":4.465935696,"beta":0.0958358973,"ir_ann":1.0304726481},"LS_pre_vt_alpha_vs_BOVA11":{"alpha_bps_per_month":61.0736634974,"alpha_tstat":4.4608375337,"beta":0.0736046533,"ir_ann":1.0558540205},"LS_net_alpha_vs_BOVA11":{"alpha_bps_per_month":91.8503625474,"alpha_tstat":4.6538581191,"beta":0.0950680231,"ir_ann":1.1286688738},"LS_financing_assumptions":{"avg_short_gross":0.5,"avg_long_gross":0.49999353,"avg_carry":0.0053715129,"avg_borrow_cost":0.0045240811,"carry_multiplier":1.0,"borrow_cost_annual":0.08}}