{"LS":{"mean_monthly":0.0088855177,"tstat_monthly":3.5570123099,"hit_rate":0.6723163842,"max_drawdown":-0.1969203509,"capm_alpha":0.009743355,"capm_alpha_t":4.1398131474,"capm_beta":-0.1355880285,"capm_ir_ann":1.235163897,"capm_te_ann":0.0946597127},"LS_vt":{"mean_monthly":0.0088855177,"tstat_monthly":3.5570123099,"hit_rate":0.6723163842,"max_drawdown":-0.1969203509,"capm_alpha":0.009743355,"capm_alpha_t":4.1398131474,"capm_beta":-0.1355880285,"capm_ir_ann":1.235163897,"capm_te_ann":0.0946597127},"LS_pre_vt":{"mean_monthly":0.0083527862,"tstat_monthly":3.312645709,"hit_rate":0.6723163842,"max_drawdown":-0.2326452426,"capm_alpha":0.0091692842,"capm_alpha_t":3.8766930346,"capm_beta":-0.129054013,"capm_ir_ann":1.129464786,"capm_te_ann":0.0974190708},"LS_net":{"mean_monthly":0.0094727333,"tstat_monthly":3.7421486707,"hit_rate":0.6723163842,"max_drawdown":-0.177535542,"capm_alpha":0.010333537,"capm_alpha_t":4.3247162349,"capm_beta":-0.1360568884,"capm_ir_ann":1.3055504048,"capm_te_ann":0.09498097},"D10":{"mean_monthly":0.0094046279,"tstat_monthly":2.3063807592,"mean_monthly_excess":0.0017753879,"tstat_monthly_excess":0.4252129012,"ann_sharpe_excess":0.0986328783,"hit_rate":0.593220339,"max_drawdown":-0.3968257637},"dispersion_gate":{"mode":"quantile90","blocked_months":144,"total_months":177},"delisting_risk":{"avg_ls_weighted_multiplier":0.9970549404,"avg_ls_weighted_score":0.0117802384,"avg_ls_flagged":0.4237288136,"avg_ls_high":0.0,"avg_universe_flagged":1.1355932203,"avg_universe_high":0.0,"avg_universe_multiplier":0.9978720306},"LS_alpha_vs_BOVA11":{"alpha_bps_per_month":97.433549719,"alpha_tstat":4.1398131474,"beta":-0.1355880285,"ir_ann":1.235163897},"LS_vt_alpha_vs_BOVA11":{"alpha_bps_per_month":97.433549719,"alpha_tstat":4.1398131474,"beta":-0.1355880285,"ir_ann":1.235163897},"LS_pre_vt_alpha_vs_BOVA11":{"alpha_bps_per_month":91.6928416149,"alpha_tstat":3.8766930346,"beta":-0.129054013,"ir_ann":1.129464786},"LS_net_alpha_vs_BOVA11":{"alpha_bps_per_month":103.335369885,"alpha_tstat":4.3247162349,"beta":-0.1360568884,"ir_ann":1.3055504048},"LS_financing_assumptions":{"avg_short_gross":0.4934086629,"avg_long_gross":0.4987326789,"avg_carry":0.003837811,"avg_borrow_cost":0.0032505954,"carry_multiplier":1.0,"borrow_cost_annual":0.08}}