{"LS":{"mean_monthly":0.008599078,"tstat_monthly":2.3744556741,"hit_rate":0.6811594203,"max_drawdown":-0.1331588099,"capm_alpha":0.0093114338,"capm_alpha_t":2.5131243505,"capm_beta":-0.1121329512,"capm_ir_ann":1.1712079815,"capm_te_ann":0.0954033847},"LS_vt":{"mean_monthly":0.008599078,"tstat_monthly":2.3744556741,"hit_rate":0.6811594203,"max_drawdown":-0.1331588099,"capm_alpha":0.0093114338,"capm_alpha_t":2.5131243505,"capm_beta":-0.1121329512,"capm_ir_ann":1.1712079815,"capm_te_ann":0.0954033847},"LS_pre_vt":{"mean_monthly":0.0073100059,"tstat_monthly":2.2940562307,"hit_rate":0.6811594203,"max_drawdown":-0.1327304259,"capm_alpha":0.0079482653,"capm_alpha_t":2.4716689491,"capm_beta":-0.10046933,"capm_ir_ann":1.1079735646,"capm_te_ann":0.0860843495},"D10":{"mean_monthly":0.005316811,"tstat_monthly":0.6039616117,"mean_monthly_excess":-0.0020921264,"tstat_monthly_excess":-0.2272861659,"ann_sharpe_excess":-0.0813720888,"hit_rate":0.4637681159,"max_drawdown":-0.4033825961},"LS_alpha_vs_BOVA11":{"alpha_bps_per_month":93.1143380479,"alpha_tstat":2.5131243505,"beta":-0.1121329512,"ir_ann":1.1712079815},"LS_vt_alpha_vs_BOVA11":{"alpha_bps_per_month":93.1143380479,"alpha_tstat":2.5131243505,"beta":-0.1121329512,"ir_ann":1.1712079815},"LS_pre_vt_alpha_vs_BOVA11":{"alpha_bps_per_month":79.4826529963,"alpha_tstat":2.4716689491,"beta":-0.10046933,"ir_ann":1.1079735646}}