{"LS":{"mean_monthly":0.0080888531,"tstat_monthly":3.6745159348,"hit_rate":0.6467391304,"max_drawdown":-0.1795298771,"capm_alpha":0.0080524467,"capm_alpha_t":3.7117043979,"capm_beta":0.0054456224,"capm_ir_ann":0.9289968628,"capm_te_ann":0.1040147324},"LS_vt":{"mean_monthly":0.0080888531,"tstat_monthly":3.6745159348,"hit_rate":0.6467391304,"max_drawdown":-0.1795298771,"capm_alpha":0.0080524467,"capm_alpha_t":3.7117043979,"capm_beta":0.0054456224,"capm_ir_ann":0.9289968628,"capm_te_ann":0.1040147324},"LS_pre_vt":{"mean_monthly":0.0067918299,"tstat_monthly":3.8093364569,"hit_rate":0.6467391304,"max_drawdown":-0.1182429859,"capm_alpha":0.0067092815,"capm_alpha_t":3.8392334303,"capm_beta":0.0123474735,"capm_ir_ann":0.9603841872,"capm_te_ann":0.0838324698},"LS_net":{"mean_monthly":0.0087138569,"tstat_monthly":3.6932186633,"hit_rate":0.6358695652,"max_drawdown":-0.2189000037,"capm_alpha":0.0086822399,"capm_alpha_t":3.7427681708,"capm_beta":0.0047292232,"capm_ir_ann":0.9917660278,"capm_te_ann":0.1050518732},"D10":{"mean_monthly":0.0111439657,"tstat_monthly":2.174437456,"mean_monthly_excess":0.0034792767,"tstat_monthly_excess":0.6756441248,"ann_sharpe_excess":0.1586253763,"hit_rate":0.5489130435,"max_drawdown":-0.4814665231},"dispersion_gate":{"mode":"quantile50","blocked_months":80,"total_months":184},"delisting_risk":{"avg_ls_weighted_multiplier":0.9986369318,"avg_ls_weighted_score":0.0054522727,"avg_ls_flagged":0.2445652174,"avg_ls_high":0.0,"avg_universe_flagged":0.7336956522,"avg_universe_high":0.0,"avg_universe_multiplier":0.9984226814},"LS_alpha_vs_BOVA11":{"alpha_bps_per_month":80.5244667025,"alpha_tstat":3.7117043979,"beta":0.0054456224,"ir_ann":0.9289968628},"LS_vt_alpha_vs_BOVA11":{"alpha_bps_per_month":80.5244667025,"alpha_tstat":3.7117043979,"beta":0.0054456224,"ir_ann":0.9289968628},"LS_pre_vt_alpha_vs_BOVA11":{"alpha_bps_per_month":67.0928153316,"alpha_tstat":3.8392334303,"beta":0.0123474735,"ir_ann":0.9603841872},"LS_net_alpha_vs_BOVA11":{"alpha_bps_per_month":86.8223991288,"alpha_tstat":3.7427681708,"beta":0.0047292232,"ir_ann":0.9917660278},"LS_financing_assumptions":{"avg_short_gross":0.5,"avg_long_gross":0.4997008607,"avg_carry":0.0048487819,"avg_borrow_cost":0.0042237781,"carry_multiplier":1.0,"borrow_cost_annual":0.08}}