{"LS":{"mean_monthly":0.0094633439,"tstat_monthly":4.8848183812,"hit_rate":0.625,"max_drawdown":-0.1312933637,"capm_alpha":0.0098203995,"capm_alpha_t":5.2229689391,"capm_beta":-0.0534078975,"capm_ir_ann":1.174587921,"capm_te_ann":0.1003286272},"LS_vt":{"mean_monthly":0.0094633439,"tstat_monthly":4.8848183812,"hit_rate":0.625,"max_drawdown":-0.1312933637,"capm_alpha":0.0098203995,"capm_alpha_t":5.2229689391,"capm_beta":-0.0534078975,"capm_ir_ann":1.174587921,"capm_te_ann":0.1003286272},"LS_pre_vt":{"mean_monthly":0.0078990445,"tstat_monthly":4.9528503068,"hit_rate":0.625,"max_drawdown":-0.0963548863,"capm_alpha":0.0081225946,"capm_alpha_t":5.264751472,"capm_beta":-0.03343832,"capm_ir_ann":1.1753645057,"capm_te_ann":0.0829284317},"LS_net":{"mean_monthly":0.0101077328,"tstat_monthly":5.0063271614,"hit_rate":0.6467391304,"max_drawdown":-0.1821288733,"capm_alpha":0.0104700905,"capm_alpha_t":5.3626275965,"capm_beta":-0.054200966,"capm_ir_ann":1.2457959079,"capm_te_ann":0.1008520615},"D10":{"mean_monthly":0.0108087422,"tstat_monthly":2.2532932924,"mean_monthly_excess":0.0031440532,"tstat_monthly_excess":0.6409123942,"ann_sharpe_excess":0.1463619553,"hit_rate":0.5489130435,"max_drawdown":-0.487709738},"dispersion_gate":{"mode":"none","blocked_months":0,"total_months":184},"delisting_risk":{"avg_ls_weighted_multiplier":0.9985373393,"avg_ls_weighted_score":0.005850643,"avg_ls_flagged":0.277173913,"avg_ls_high":0.0,"avg_universe_flagged":0.7336956522,"avg_universe_high":0.0,"avg_universe_multiplier":0.9984233837},"LS_alpha_vs_BOVA11":{"alpha_bps_per_month":98.2039946907,"alpha_tstat":5.2229689391,"beta":-0.0534078975,"ir_ann":1.174587921},"LS_vt_alpha_vs_BOVA11":{"alpha_bps_per_month":98.2039946907,"alpha_tstat":5.2229689391,"beta":-0.0534078975,"ir_ann":1.174587921},"LS_pre_vt_alpha_vs_BOVA11":{"alpha_bps_per_month":81.2259459092,"alpha_tstat":5.264751472,"beta":-0.03343832,"ir_ann":1.1753645057},"LS_net_alpha_vs_BOVA11":{"alpha_bps_per_month":104.7009045513,"alpha_tstat":5.3626275965,"beta":-0.054200966,"ir_ann":1.2457959079},"LS_financing_assumptions":{"avg_short_gross":0.5,"avg_long_gross":0.5,"avg_carry":0.0046324414,"avg_borrow_cost":0.0039880524,"carry_multiplier":1.0,"borrow_cost_annual":0.08}}