{"LS":{"mean_monthly":0.0042929432,"tstat_monthly":1.6839635373,"hit_rate":0.5489130435,"max_drawdown":-0.3771920106,"capm_alpha":0.0049639745,"capm_alpha_t":2.0011214572,"capm_beta":-0.1003719611,"capm_ir_ann":0.610423896,"capm_te_ann":0.0975841456},"LS_vt":{"mean_monthly":0.0042929432,"tstat_monthly":1.6839635373,"hit_rate":0.5489130435,"max_drawdown":-0.3771920106,"capm_alpha":0.0049639745,"capm_alpha_t":2.0011214572,"capm_beta":-0.1003719611,"capm_ir_ann":0.610423896,"capm_te_ann":0.0975841456},"LS_pre_vt":{"mean_monthly":0.0036247294,"tstat_monthly":1.5035002316,"hit_rate":0.5489130435,"max_drawdown":-0.3540279987,"capm_alpha":0.004248363,"capm_alpha_t":1.8294082041,"capm_beta":-0.0932822726,"capm_ir_ann":0.5534723634,"capm_te_ann":0.0921100294},"LS_net":{"mean_monthly":0.0049718135,"tstat_monthly":1.8724990348,"hit_rate":0.5543478261,"max_drawdown":-0.3958487315,"capm_alpha":0.0056450617,"capm_alpha_t":2.1736297544,"capm_beta":-0.1007035696,"capm_ir_ann":0.6873214161,"capm_te_ann":0.0985575878},"D10":{"mean_monthly":0.0097535019,"tstat_monthly":2.690901785,"mean_monthly_excess":0.0020888128,"tstat_monthly_excess":0.568761437,"ann_sharpe_excess":0.1301235443,"hit_rate":0.5923913043,"max_drawdown":-0.3696384441},"dispersion_gate":{"mode":"none","blocked_months":0,"total_months":184},"delisting_risk":{"avg_ls_weighted_multiplier":0.9981585989,"avg_ls_weighted_score":0.0073656044,"avg_ls_flagged":0.347826087,"avg_ls_high":0.0,"avg_universe_flagged":1.2826086957,"avg_universe_high":0.0,"avg_universe_multiplier":0.9976205319},"LS_alpha_vs_BOVA11":{"alpha_bps_per_month":49.6397453044,"alpha_tstat":2.0011214572,"beta":-0.1003719611,"ir_ann":0.610423896},"LS_vt_alpha_vs_BOVA11":{"alpha_bps_per_month":49.6397453044,"alpha_tstat":2.0011214572,"beta":-0.1003719611,"ir_ann":0.610423896},"LS_pre_vt_alpha_vs_BOVA11":{"alpha_bps_per_month":42.4836297267,"alpha_tstat":1.8294082041,"beta":-0.0932822726,"ir_ann":0.5534723634},"LS_net_alpha_vs_BOVA11":{"alpha_bps_per_month":56.450617332,"alpha_tstat":2.1736297544,"beta":-0.1007035696,"ir_ann":0.6873214161},"LS_financing_assumptions":{"avg_short_gross":0.5,"avg_long_gross":0.5,"avg_carry":0.0041629904,"avg_borrow_cost":0.0034841201,"carry_multiplier":1.0,"borrow_cost_annual":0.08}}