bps,D10_sharpe,D10_mean,D10_t,D10_alpha_bps,D10_alpha_t,LS_mean,LS_t,LS_alpha_bps,LS_alpha_t,LS_ir,LS_mean_vt,LS_t_vt,LS_alpha_bps_vt,LS_alpha_t_vt,LS_ir_vt,LS_maxDD_vt,LS_hit_vt,avg_turnover_D10,avg_turnover_LS
20,0.016117051818388444,0.008560710633670275,1.0345928006366218,39.46681901182679,0.7190543422326992,0.004862281790711593,2.0167461861222478,47.88272103158929,1.9559039646455263,0.5776330540432605,0.004670028724396255,1.9289428287516053,45.96500140529377,1.8631567289357738,0.5610804421028778,-0.1423885129462793,0.5588235294117647,0.22007328183798772,0.30096919239076103
50,0.0011773667563286217,0.008230600710913295,0.9960596203153474,36.169450641363426,0.6605029273093914,0.004410828002125451,1.8308603251391036,43.34776803826121,1.7710437653299234,0.5225978419704471,0.004223798391855754,1.7459150618713366,41.4804416682474,1.6814889833302682,0.5061072691908117,-0.1483891440617875,0.5392156862745098,0.22007328183798772,0.30096919239076103
100,-0.023744491762186636,0.007680417506318326,0.9315921103335316,30.6738366905912,0.5622998442645748,0.0036584050211485486,1.5201954101158135,35.7895130493811,1.4625332031432015,0.4309773260857893,0.0034800811709549202,1.4399170175849993,34.00617543983676,1.3783189623634184,0.4145461264571532,-0.15830494697468378,0.5392156862745098,0.22007328183798772,0.30096919239076103
