{"LS":{"mean_monthly":0.005163251,"tstat_monthly":2.1404328393,"hit_rate":0.568627451,"max_drawdown":-0.1496070868,"capm_alpha":0.0050906023,"capm_alpha_t":2.0790171743,"capm_beta":0.0146764171,"capm_ir_ann":0.61434427,"capm_te_ann":0.0994348456},"LS_vt":{"mean_monthly":0.005163251,"tstat_monthly":2.1404328393,"hit_rate":0.568627451,"max_drawdown":-0.1496070868,"capm_alpha":0.0050906023,"capm_alpha_t":2.0790171743,"capm_beta":0.0146764171,"capm_ir_ann":0.61434427,"capm_te_ann":0.0994348456},"LS_pre_vt":{"mean_monthly":0.0062446051,"tstat_monthly":2.2751846757,"hit_rate":0.568627451,"max_drawdown":-0.1660488456,"capm_alpha":0.0061587613,"capm_alpha_t":2.2441251008,"capm_beta":0.0173420885,"capm_ir_ann":0.6515045339,"capm_te_ann":0.1134376379},"D10":{"mean_monthly":0.0087807839,"tstat_monthly":1.0602201326,"mean_monthly_excess":0.000576189,"tstat_monthly_excess":0.069563069,"ann_sharpe_excess":0.0260711633,"hit_rate":0.5588235294,"max_drawdown":-0.5839226435},"LS_alpha_vs_BOVA11":{"alpha_bps_per_month":50.9060230271,"alpha_tstat":2.0790171743,"beta":0.0146764171,"ir_ann":0.61434427},"LS_vt_alpha_vs_BOVA11":{"alpha_bps_per_month":50.9060230271,"alpha_tstat":2.0790171743,"beta":0.0146764171,"ir_ann":0.61434427},"LS_pre_vt_alpha_vs_BOVA11":{"alpha_bps_per_month":61.5876128238,"alpha_tstat":2.2441251008,"beta":0.0173420885,"ir_ann":0.6515045339}}