{"LS":{"mean_monthly":0.0098672738,"tstat_monthly":4.0230574397,"hit_rate":0.6610169492,"max_drawdown":-0.1376965362,"capm_alpha":0.0101969019,"capm_alpha_t":4.1845039278,"capm_beta":-0.0521003532,"capm_ir_ann":1.2315975713,"capm_te_ann":0.0993529266},"LS_vt":{"mean_monthly":0.0098672738,"tstat_monthly":4.0230574397,"hit_rate":0.6610169492,"max_drawdown":-0.1376965362,"capm_alpha":0.0101969019,"capm_alpha_t":4.1845039278,"capm_beta":-0.0521003532,"capm_ir_ann":1.2315975713,"capm_te_ann":0.0993529266},"LS_pre_vt":{"mean_monthly":0.0096154134,"tstat_monthly":3.7909123046,"hit_rate":0.6610169492,"max_drawdown":-0.1717538542,"capm_alpha":0.0099901811,"capm_alpha_t":4.018405313,"capm_beta":-0.059235017,"capm_ir_ann":1.1605220701,"capm_te_ann":0.1033002093},"D10":{"mean_monthly":0.0105163883,"tstat_monthly":2.1929137839,"mean_monthly_excess":0.0028871483,"tstat_monthly_excess":0.585380152,"ann_sharpe_excess":0.1353634287,"hit_rate":0.5762711864,"max_drawdown":-0.4672379607},"LS_alpha_vs_BOVA11":{"alpha_bps_per_month":101.9690192094,"alpha_tstat":4.1845039278,"beta":-0.0521003532,"ir_ann":1.2315975713},"LS_vt_alpha_vs_BOVA11":{"alpha_bps_per_month":101.9690192094,"alpha_tstat":4.1845039278,"beta":-0.0521003532,"ir_ann":1.2315975713},"LS_pre_vt_alpha_vs_BOVA11":{"alpha_bps_per_month":99.9018106044,"alpha_tstat":4.018405313,"beta":-0.059235017,"ir_ann":1.1605220701}}