{"LS":{"mean_monthly":0.0091477764,"tstat_monthly":2.4878199514,"hit_rate":0.6421052632,"max_drawdown":-0.1668701422,"capm_alpha":0.0095121106,"capm_alpha_t":2.8049139751,"capm_beta":-0.0877083752,"capm_ir_ann":1.1214699558,"capm_te_ann":0.1017818856},"LS_vt":{"mean_monthly":0.0091477764,"tstat_monthly":2.4878199514,"hit_rate":0.6421052632,"max_drawdown":-0.1668701422,"capm_alpha":0.0095121106,"capm_alpha_t":2.8049139751,"capm_beta":-0.0877083752,"capm_ir_ann":1.1214699558,"capm_te_ann":0.1017818856},"LS_pre_vt":{"mean_monthly":0.0107396622,"tstat_monthly":2.2166268832,"hit_rate":0.6421052632,"max_drawdown":-0.266257385,"capm_alpha":0.0112458147,"capm_alpha_t":2.5504934905,"capm_beta":-0.1218491521,"capm_ir_ann":0.9673156999,"capm_te_ann":0.1395095488},"D10":{"mean_monthly":0.0101985022,"tstat_monthly":1.6239260866,"mean_monthly_excess":0.0020201719,"tstat_monthly_excess":0.3245704823,"ann_sharpe_excess":0.1064832805,"hit_rate":0.6210526316,"max_drawdown":-0.3402657291},"LS_alpha_vs_BOVA11":{"alpha_bps_per_month":95.1211055814,"alpha_tstat":2.8049139751,"beta":-0.0877083752,"ir_ann":1.1214699558},"LS_vt_alpha_vs_BOVA11":{"alpha_bps_per_month":95.1211055814,"alpha_tstat":2.8049139751,"beta":-0.0877083752,"ir_ann":1.1214699558},"LS_pre_vt_alpha_vs_BOVA11":{"alpha_bps_per_month":112.4581473596,"alpha_tstat":2.5504934905,"beta":-0.1218491521,"ir_ann":0.9673156999}}