bps,D10_sharpe,D10_mean,D10_t,D10_alpha_bps,D10_alpha_t,LS_mean,LS_t,LS_alpha_bps,LS_alpha_t,LS_ir,LS_mean_vt,LS_t_vt,LS_alpha_bps_vt,LS_alpha_t_vt,LS_ir_vt,LS_maxDD_vt,LS_hit_vt,avg_turnover_D10,avg_turnover_LS
20,0.09049919369519535,0.00989480219187692,1.5768156609945496,65.21796500140493,1.521543819125589,0.008769625605867568,2.3786471070471378,91.3458447605571,2.686398756573367,1.076167734892817,0.008548730101022355,2.471523994923794,88.74539359901073,2.765493781166248,1.1305264949083307,-0.14847289193113622,0.631578947368421,0.3037000231737074,0.3781507614026025
50,0.06650688254695326,0.00943925215711636,1.5059903843812716,60.688385961730795,1.4143553804784343,0.008202399463763664,2.215900037828702,85.68295352934037,2.509715673907493,1.0083121793677619,0.008017878557396644,2.3097421277869037,83.44304075040743,2.5907650197410597,1.0620520246030323,-0.15216638385024983,0.6105263157894737,0.3037000231737074,0.3781507614026025
100,0.026477490787572007,0.008680002099182092,1.3875288742126919,53.139087562273915,1.236135019655711,0.0072570225602571585,1.9473659819241151,76.24480147731244,2.21817098476506,0.8954957214184117,0.0071331259846871276,2.042437363723514,74.60578600273523,2.302073227438802,0.9481162571137732,-0.15829183210218678,0.6,0.3037000231737074,0.3781507614026025
