bps,D10_sharpe,D10_mean,D10_t,D10_alpha_bps,D10_alpha_t,LS_mean,LS_t,LS_alpha_bps,LS_alpha_t,LS_ir,LS_mean_vt,LS_t_vt,LS_alpha_bps_vt,LS_alpha_t_vt,LS_ir_vt,LS_maxDD_vt,LS_hit_vt,avg_turnover_D10,avg_turnover_LS
20,0.06611183534588863,0.009415935543109006,1.5247199881055693,59.20138664775023,1.4433937572524054,0.010480192780144738,2.7592423743314556,108.11615595405718,3.0236436597409067,1.281902404905224,0.010615902541758879,2.870895415925277,109.25159407733742,3.119899678160915,1.3581758618990203,-0.14353937465810684,0.6526315789473685,0.2883537223010906,0.3577211837340811
50,0.04302294909098567,0.00898340495965737,1.4561300163900415,54.89680424014343,1.3367018414621346,0.009943611004543617,2.608752026771621,102.75206600362651,2.8628739095660807,1.2169107509689265,0.010105047683167799,2.726176036397882,104.1432550388698,2.966164454709971,1.2935537148549292,-0.14676429072981356,0.6421052631578947,0.2883537223010906,0.3577211837340811
100,0.004501949968363341,0.008262520653904645,1.3414736466893753,47.72250022746544,1.159436784836133,0.009049308045208412,2.3601634380417615,93.81191608624202,2.5974453939543256,1.1088571844873445,0.009253622918849336,2.4864027447764516,95.62935664142378,2.711603540953098,1.1860300464975415,-0.15211616989777355,0.6421052631578947,0.2883537223010906,0.3577211837340811
