{"LS":{"mean_monthly":0.0077798113,"tstat_monthly":2.966354539,"hit_rate":0.6568627451,"max_drawdown":-0.1223150127,"capm_alpha":0.0079813692,"capm_alpha_t":3.1208586093,"capm_beta":-0.0407185441,"capm_ir_ann":0.9716029605,"capm_te_ann":0.0985756886},"LS_vt":{"mean_monthly":0.0077798113,"tstat_monthly":2.966354539,"hit_rate":0.6568627451,"max_drawdown":-0.1223150127,"capm_alpha":0.0079813692,"capm_alpha_t":3.1208586093,"capm_beta":-0.0407185441,"capm_ir_ann":0.9716029605,"capm_te_ann":0.0985756886},"LS_pre_vt":{"mean_monthly":0.0065353877,"tstat_monthly":2.9506913103,"hit_rate":0.6568627451,"max_drawdown":-0.1056663729,"capm_alpha":0.0066370875,"capm_alpha_t":3.0886823023,"capm_beta":-0.0205452975,"capm_ir_ann":0.9519938527,"capm_te_ann":0.083661307},"D10":{"mean_monthly":0.0090369731,"tstat_monthly":1.2812446754,"mean_monthly_excess":0.0008323782,"tstat_monthly_excess":0.1178826363,"ann_sharpe_excess":0.0441022947,"hit_rate":0.568627451,"max_drawdown":-0.4669600433},"LS_alpha_vs_BOVA11":{"alpha_bps_per_month":79.8136923696,"alpha_tstat":3.1208586093,"beta":-0.0407185441,"ir_ann":0.9716029605},"LS_vt_alpha_vs_BOVA11":{"alpha_bps_per_month":79.8136923696,"alpha_tstat":3.1208586093,"beta":-0.0407185441,"ir_ann":0.9716029605},"LS_pre_vt_alpha_vs_BOVA11":{"alpha_bps_per_month":66.3708749659,"alpha_tstat":3.0886823023,"beta":-0.0205452975,"ir_ann":0.9519938527}}