bps,D10_sharpe,D10_mean,D10_t,D10_alpha_bps,D10_alpha_t,LS_mean,LS_t,LS_alpha_bps,LS_alpha_t,LS_ir,LS_mean_vt,LS_t_vt,LS_alpha_bps_vt,LS_alpha_t_vt,LS_ir_vt,LS_maxDD_vt,LS_hit_vt,avg_turnover_D10,avg_turnover_LS
20,0.033554223413997206,0.008837833695855555,1.254331164201002,45.74559457054992,1.1028058012404443,0.007493527091482944,2.862288790198995,76.94093167939214,3.013208242042842,0.93649224111288,0.007499570995256257,2.730785206232106,77.76097764234228,2.8888140256491943,0.9341501993778416,-0.12953939132796932,0.6372549019607843,0.19913942213538516,0.28628419831756885
50,0.0177284873466151,0.008539124562652479,1.213848931249471,42.747633774502845,1.0344036642021988,0.007064100794006591,2.7054113410486638,72.63179064412856,2.851007259684643,0.883821163312898,0.007059930145165641,2.578109752770712,73.34369585585192,2.7319834449826472,0.8809120891445947,-0.1310305958423018,0.6372549019607843,0.19913942213538516,0.28628419831756885
100,-0.008656961357061406,0.008041276007314014,1.1460799470106042,37.75103244775772,0.9192300287300269,0.006348390298212669,2.4418942503927736,65.44988891868925,2.5787699765358383,0.7960357928815344,0.006327195395014609,2.3214581507822154,65.98155954503471,2.468476916389409,0.7921693065711551,-0.1335112288200433,0.6274509803921569,0.19913942213538516,0.28628419831756885
