{"LS":{"mean_monthly":0.0104663903,"tstat_monthly":4.9935268808,"hit_rate":0.6440677966,"max_drawdown":-0.164826375,"capm_alpha":0.0104456256,"capm_alpha_t":5.0558764645,"capm_beta":0.0032820191,"capm_ir_ann":1.250999573,"capm_te_ann":0.1001978819},"LS_vt":{"mean_monthly":0.0104663903,"tstat_monthly":4.9935268808,"hit_rate":0.6440677966,"max_drawdown":-0.164826375,"capm_alpha":0.0104456256,"capm_alpha_t":5.0558764645,"capm_beta":0.0032820191,"capm_ir_ann":1.250999573,"capm_te_ann":0.1001978819},"LS_pre_vt":{"mean_monthly":0.0082815412,"tstat_monthly":4.8445505516,"hit_rate":0.6440677966,"max_drawdown":-0.1492291083,"capm_alpha":0.0082767362,"capm_alpha_t":4.9354422895,"capm_beta":0.0007594691,"capm_ir_ann":1.2446376506,"capm_te_ann":0.0797989957},"LS_net":{"mean_monthly":0.0111823979,"tstat_monthly":5.1961006489,"hit_rate":0.6553672316,"max_drawdown":-0.1483701193,"capm_alpha":0.0111646159,"capm_alpha_t":5.1609457164,"capm_beta":0.0028105878,"capm_ir_ann":1.3321325105,"capm_te_ann":0.1005721203},"D10":{"mean_monthly":0.0123667039,"tstat_monthly":2.7568923685,"mean_monthly_excess":0.0047374638,"tstat_monthly_excess":1.023038029,"ann_sharpe_excess":0.2407825123,"hit_rate":0.6271186441,"max_drawdown":-0.4356816032},"dispersion_gate":{"mode":"none","blocked_months":0,"total_months":177},"delisting_risk":{"avg_ls_weighted_multiplier":0.9977584189,"avg_ls_weighted_score":0.0089663243,"avg_ls_flagged":0.8474576271,"avg_ls_high":0.0,"avg_universe_flagged":1.1355932203,"avg_universe_high":0.0,"avg_universe_multiplier":0.9978720306},"LS_alpha_vs_BOVA11":{"alpha_bps_per_month":104.4562562517,"alpha_tstat":5.0558764645,"beta":0.0032820191,"ir_ann":1.250999573},"LS_vt_alpha_vs_BOVA11":{"alpha_bps_per_month":104.4562562517,"alpha_tstat":5.0558764645,"beta":0.0032820191,"ir_ann":1.250999573},"LS_pre_vt_alpha_vs_BOVA11":{"alpha_bps_per_month":82.7673620943,"alpha_tstat":4.9354422895,"beta":0.0007594691,"ir_ann":1.2446376506},"LS_net_alpha_vs_BOVA11":{"alpha_bps_per_month":111.6461592104,"alpha_tstat":5.1609457164,"beta":0.0028105878,"ir_ann":1.3321325105},"LS_financing_assumptions":{"avg_short_gross":0.5,"avg_long_gross":0.499989985,"avg_carry":0.0048763494,"avg_borrow_cost":0.0041603418,"carry_multiplier":1.0,"borrow_cost_annual":0.08}}