{"LS":{"mean_monthly":0.0124910551,"tstat_monthly":3.5237846728,"hit_rate":0.6842105263,"max_drawdown":-0.1222394171,"capm_alpha":0.0128933046,"capm_alpha_t":3.9148606066,"capm_beta":-0.0968359378,"capm_ir_ann":1.5457915231,"capm_te_ann":0.1000908936},"LS_vt":{"mean_monthly":0.0124910551,"tstat_monthly":3.5237846728,"hit_rate":0.6842105263,"max_drawdown":-0.1222394171,"capm_alpha":0.0128933046,"capm_alpha_t":3.9148606066,"capm_beta":-0.0968359378,"capm_ir_ann":1.5457915231,"capm_te_ann":0.1000908936},"LS_pre_vt":{"mean_monthly":0.0128751858,"tstat_monthly":3.3646723504,"hit_rate":0.6842105263,"max_drawdown":-0.1587568925,"capm_alpha":0.0133040155,"capm_alpha_t":3.7441972404,"capm_beta":-0.1032347805,"capm_ir_ann":1.4476378999,"capm_te_ann":0.1102818502},"D10":{"mean_monthly":0.0103852641,"tstat_monthly":1.6770149266,"mean_monthly_excess":0.0022069338,"tstat_monthly_excess":0.3607096964,"ann_sharpe_excess":0.1194732281,"hit_rate":0.6,"max_drawdown":-0.3363190234},"LS_alpha_vs_BOVA11":{"alpha_bps_per_month":128.9330456952,"alpha_tstat":3.9148606066,"beta":-0.0968359378,"ir_ann":1.5457915231},"LS_vt_alpha_vs_BOVA11":{"alpha_bps_per_month":128.9330456952,"alpha_tstat":3.9148606066,"beta":-0.0968359378,"ir_ann":1.5457915231},"LS_pre_vt_alpha_vs_BOVA11":{"alpha_bps_per_month":133.0401550351,"alpha_tstat":3.7441972404,"beta":-0.1032347805,"ir_ann":1.4476378999}}