bps,D10_sharpe,D10_mean,D10_t,D10_alpha_bps,D10_alpha_t,LS_mean,LS_t,LS_alpha_bps,LS_alpha_t,LS_ir,LS_mean_vt,LS_t_vt,LS_alpha_bps_vt,LS_alpha_t_vt,LS_ir_vt,LS_maxDD_vt,LS_hit_vt,avg_turnover_D10,avg_turnover_LS
20,-0.05194451816897963,0.007118048997001067,0.9377841883401424,27.078643370376355,0.5359618378760304,0.006088009317551992,2.5059386058538404,58.16537016852164,2.370925350110948,0.7040567861051554,0.005985293805683165,2.452443879697725,57.28733912237145,2.3014567559145185,0.6907768788958966,-0.1427497494213602,0.6078431372549019,0.2078047043733318,0.293386479170793
50,-0.06686295576199676,0.0068063419404410675,0.8981191690776985,23.959551756435143,0.4755319509212584,0.0056479295987958015,2.3269930390684426,53.74695473766334,2.1913604283583736,0.6503227407160864,0.00554563973233751,2.274502567315166,52.87083573698345,2.1246651404921777,0.6373690903017016,-0.14882912224010347,0.6078431372549019,0.2078047043733318,0.293386479170793
100,-0.09174269474705815,0.006286830179507739,0.8317206788975303,18.7610657331999,0.37405996196389624,0.004914463400868819,2.0277157010651243,46.382929019566156,1.8916138570741914,0.560800837901166,0.004812882943428083,1.976721796319271,45.50999676133679,1.8293583359106984,0.5483516014256421,-0.1588738576153259,0.6078431372549019,0.2078047043733318,0.293386479170793
