{"LS":{"mean_monthly":0.0063813958,"tstat_monthly":2.624957431,"hit_rate":0.6078431373,"max_drawdown":-0.1489347884,"capm_alpha":0.006111098,"capm_alpha_t":2.4904957293,"capm_beta":0.0546052937,"capm_ir_ann":0.7398835802,"capm_te_ann":0.0991144803},"LS_vt":{"mean_monthly":0.0063813958,"tstat_monthly":2.624957431,"hit_rate":0.6078431373,"max_drawdown":-0.1489347884,"capm_alpha":0.006111098,"capm_alpha_t":2.4904957293,"capm_beta":0.0546052937,"capm_ir_ann":0.7398835802,"capm_te_ann":0.0991144803},"LS_pre_vt":{"mean_monthly":0.0072160691,"tstat_monthly":2.6905542698,"hit_rate":0.6078431373,"max_drawdown":-0.1637662145,"capm_alpha":0.0069090534,"capm_alpha_t":2.5951568663,"capm_beta":0.0620230199,"capm_ir_ann":0.7724865649,"capm_te_ann":0.1073269684},"D10":{"mean_monthly":0.0073258537,"tstat_monthly":0.9641548519,"mean_monthly_excess":-0.0008787412,"tstat_monthly_excess":-0.1154399367,"ann_sharpe_excess":-0.042002924,"hit_rate":0.5588235294,"max_drawdown":-0.5653985184},"LS_alpha_vs_BOVA11":{"alpha_bps_per_month":61.1109804558,"alpha_tstat":2.4904957293,"beta":0.0546052937,"ir_ann":0.7398835802},"LS_vt_alpha_vs_BOVA11":{"alpha_bps_per_month":61.1109804558,"alpha_tstat":2.4904957293,"beta":0.0546052937,"ir_ann":0.7398835802},"LS_pre_vt_alpha_vs_BOVA11":{"alpha_bps_per_month":69.0905342546,"alpha_tstat":2.5951568663,"beta":0.0620230199,"ir_ann":0.7724865649}}