{"LS":{"mean_monthly":0.0087230907,"tstat_monthly":2.3977951823,"hit_rate":0.6956521739,"max_drawdown":-0.1317469725,"capm_alpha":0.0094376442,"capm_alpha_t":2.5558211349,"capm_beta":-0.1124788911,"capm_ir_ann":1.1828988577,"capm_te_ann":0.0957408402},"LS_vt":{"mean_monthly":0.0087230907,"tstat_monthly":2.3977951823,"hit_rate":0.6956521739,"max_drawdown":-0.1317469725,"capm_alpha":0.0094376442,"capm_alpha_t":2.5558211349,"capm_beta":-0.1124788911,"capm_ir_ann":1.1828988577,"capm_te_ann":0.0957408402},"LS_pre_vt":{"mean_monthly":0.0073487292,"tstat_monthly":2.315579662,"hit_rate":0.6956521739,"max_drawdown":-0.1301296642,"capm_alpha":0.0079824139,"capm_alpha_t":2.5155936139,"capm_beta":-0.0997492222,"capm_ir_ann":1.1191974858,"capm_te_ann":0.0855871893},"D10":{"mean_monthly":0.0051853485,"tstat_monthly":0.5841363948,"mean_monthly_excess":-0.0022235889,"tstat_monthly_excess":-0.2393733364,"ann_sharpe_excess":-0.0859716841,"hit_rate":0.4637681159,"max_drawdown":-0.4033825961},"LS_alpha_vs_BOVA11":{"alpha_bps_per_month":94.3764421241,"alpha_tstat":2.5558211349,"beta":-0.1124788911,"ir_ann":1.1828988577},"LS_vt_alpha_vs_BOVA11":{"alpha_bps_per_month":94.3764421241,"alpha_tstat":2.5558211349,"beta":-0.1124788911,"ir_ann":1.1828988577},"LS_pre_vt_alpha_vs_BOVA11":{"alpha_bps_per_month":79.8241392757,"alpha_tstat":2.5155936139,"beta":-0.0997492222,"ir_ann":1.1191974858}}