bps,D10_sharpe,D10_mean,D10_t,D10_alpha_bps,D10_alpha_t,LS_mean,LS_t,LS_alpha_bps,LS_alpha_t,LS_ir,LS_mean_vt,LS_t_vt,LS_alpha_bps_vt,LS_alpha_t_vt,LS_ir_vt,LS_maxDD_vt,LS_hit_vt,avg_turnover_D10,avg_turnover_LS
20,-0.09705907631792655,0.004898763585117771,0.5517461700933984,-23.469925913871357,-0.5004569375164973,0.008382096813099154,2.302628260721022,90.97348204157238,2.462305243222916,1.1402422233147294,0.008897496027120127,2.430693943754184,96.16442843719312,2.5730636027793405,1.2032599976485614,-0.11857009238437144,0.6956521739130435,0.2865848675522671,0.3409938788379331
50,-0.11369301369417915,0.00446888628378937,0.5031822294515924,-27.75651519664857,-0.5911166900170857,0.007870605994842255,2.1600376848035876,85.8690419177938,2.322158400586671,1.0762399573612365,0.0083837863857549,2.291777530744521,91.03448044619755,2.4373197731432987,1.1395906544909282,-0.1207569221774325,0.6956521739130435,0.2865848675522671,0.3409938788379331
100,-0.14142363417950238,0.003752424114908703,0.4223009976616456,-34.90083066794385,-0.7416841239078567,0.007018121297747422,1.9228484149843477,77.36164171149616,2.0889540297584483,0.9695328360703606,0.007527603650146186,2.059586273065929,82.48456712787151,2.210406955407798,1.0332881809965937,-0.12661428323812596,0.6811594202898551,0.2865848675522671,0.3409938788379331
