{
  "max_drawdown_full": -0.17952987708696644,
  "max_drawdown_12m": -0.03679891417766756,
  "max_drawdown_24m": -0.03679891417766756,
  "worst_month": -0.06400445755998276,
  "avg_ls_multiplier": 0.9986369318230583,
  "avg_ls_score": 0.005452272707766773,
  "last_ls_multiplier": 1.0,
  "last_ls_flagged": 0.0,
  "last_ls_high": 0.0
}