bps,D10_sharpe,D10_mean,D10_t,D10_alpha_bps,D10_alpha_t,LS_mean,LS_t,LS_alpha_bps,LS_alpha_t,LS_ir,LS_mean_vt,LS_t_vt,LS_alpha_bps_vt,LS_alpha_t_vt,LS_ir_vt,LS_maxDD_vt,LS_hit_vt,avg_turnover_D10,avg_turnover_LS
20,0.13732635876946228,0.010614265188512462,2.2143274789658185,38.3038233435261,1.455546400285732,0.009242896982269499,4.26045968296073,97.96079535210723,4.757361138120769,1.1748079672339964,0.008861775285002378,4.034669165442285,94.76857779156717,4.558302119963918,1.1383906172432874,-0.29440574144257214,0.6413043478260869,0.19447705245948602,0.2947530619302949
50,0.1237683254605547,0.01032254960982323,2.1557602086683145,35.39009995260852,1.3486194778040812,0.008800767389374055,4.064240528033559,93.53343020701213,4.5505891600943045,1.121381511498139,0.008413674266368982,3.8341476658229383,90.2793621351379,4.346183135272696,1.0839379500034259,-0.3035791511635527,0.6304347826086957,0.19447705245948602,0.2947530619302949
100,0.10115948879056906,0.009836356978674514,2.0578341737040686,30.53389430107933,1.1690020067687215,0.008063884734548318,3.7351971696005943,86.15448829852025,4.203806802727721,1.0323295393781706,0.007666839235313318,3.4986832508463594,82.79733604108907,3.991242087617302,0.9932237710686856,-0.31861332110551144,0.6086956521739131,0.19447705245948602,0.2947530619302949
