{"LS":{"mean_monthly":0.0088862132,"tstat_monthly":4.2811382699,"hit_rate":0.6413043478,"max_drawdown":-0.2224559522,"capm_alpha":0.0094348181,"capm_alpha_t":4.7723225004,"capm_beta":-0.0820595846,"capm_ir_ann":1.1390813553,"capm_te_ann":0.0993939689},"LS_vt":{"mean_monthly":0.0088862132,"tstat_monthly":4.2811382699,"hit_rate":0.6413043478,"max_drawdown":-0.2224559522,"capm_alpha":0.0094348181,"capm_alpha_t":4.7723225004,"capm_beta":-0.0820595846,"capm_ir_ann":1.1390813553,"capm_te_ann":0.0993939689},"LS_pre_vt":{"mean_monthly":0.0074403407,"tstat_monthly":4.344314493,"hit_rate":0.6413043478,"max_drawdown":-0.177701574,"capm_alpha":0.0078351118,"capm_alpha_t":4.8047791109,"capm_beta":-0.0590493288,"capm_ir_ann":1.125960556,"capm_te_ann":0.0835032284},"LS_net":{"mean_monthly":0.00953765,"tstat_monthly":4.3907569447,"hit_rate":0.6467391304,"max_drawdown":-0.265762905,"capm_alpha":0.0100912372,"capm_alpha_t":4.8946525976,"capm_beta":-0.0828048239,"capm_ir_ann":1.2104202489,"capm_te_ann":0.1000436391},"D10":{"mean_monthly":0.0108087422,"tstat_monthly":2.2532932924,"mean_monthly_excess":0.0031440532,"tstat_monthly_excess":0.6409123942,"ann_sharpe_excess":0.1463619553,"hit_rate":0.5489130435,"max_drawdown":-0.487709738},"dispersion_gate":{"mode":"none","blocked_months":0,"total_months":184},"delisting_risk":{"avg_ls_weighted_multiplier":0.9985146751,"avg_ls_weighted_score":0.0059412998,"avg_ls_flagged":0.277173913,"avg_ls_high":0.0,"avg_universe_flagged":0.7336956522,"avg_universe_high":0.0,"avg_universe_multiplier":0.9984233837},"LS_alpha_vs_BOVA11":{"alpha_bps_per_month":94.3481806311,"alpha_tstat":4.7723225004,"beta":-0.0820595846,"ir_ann":1.1390813553},"LS_vt_alpha_vs_BOVA11":{"alpha_bps_per_month":94.3481806311,"alpha_tstat":4.7723225004,"beta":-0.0820595846,"ir_ann":1.1390813553},"LS_pre_vt_alpha_vs_BOVA11":{"alpha_bps_per_month":78.351117923,"alpha_tstat":4.8047791109,"beta":-0.0590493288,"ir_ann":1.125960556},"LS_net_alpha_vs_BOVA11":{"alpha_bps_per_month":100.9123721155,"alpha_tstat":4.8946525976,"beta":-0.0828048239,"ir_ann":1.2104202489},"LS_financing_assumptions":{"avg_short_gross":0.5,"avg_long_gross":0.5,"avg_carry":0.0045828874,"avg_borrow_cost":0.0039314505,"carry_multiplier":1.0,"borrow_cost_annual":0.08}}