{
  "max_drawdown_full": -0.22245595218411396,
  "max_drawdown_12m": -0.07560850824389176,
  "max_drawdown_24m": -0.07560850824389176,
  "worst_month": -0.07560850824389173,
  "avg_ls_multiplier": 0.9985146750518948,
  "avg_ls_score": 0.005941299792420505,
  "last_ls_multiplier": 1.0,
  "last_ls_flagged": 0.0,
  "last_ls_high": 0.0
}