{"LS":{"mean_monthly":0.0087392425,"tstat_monthly":2.4031162852,"hit_rate":0.6105263158,"max_drawdown":-0.1447934915,"capm_alpha":0.0091406251,"capm_alpha_t":2.7240800907,"capm_beta":-0.0966272541,"capm_ir_ann":1.0856153378,"capm_te_ann":0.1010371695},"LS_vt":{"mean_monthly":0.0087392425,"tstat_monthly":2.4031162852,"hit_rate":0.6105263158,"max_drawdown":-0.1447934915,"capm_alpha":0.0091406251,"capm_alpha_t":2.7240800907,"capm_beta":-0.0966272541,"capm_ir_ann":1.0856153378,"capm_te_ann":0.1010371695},"LS_pre_vt":{"mean_monthly":0.0103374888,"tstat_monthly":2.1940671275,"hit_rate":0.6105263158,"max_drawdown":-0.227632611,"capm_alpha":0.0108918006,"capm_alpha_t":2.5358475277,"capm_beta":-0.1334428388,"capm_ir_ann":0.956801918,"capm_te_ann":0.1366025769},"D10":{"mean_monthly":0.0086442733,"tstat_monthly":1.467076022,"mean_monthly_excess":0.000465943,"tstat_monthly_excess":0.0795643765,"ann_sharpe_excess":0.0259479861,"hit_rate":0.5789473684,"max_drawdown":-0.3418349265},"LS_alpha_vs_BOVA11":{"alpha_bps_per_month":91.4062507854,"alpha_tstat":2.7240800907,"beta":-0.0966272541,"ir_ann":1.0856153378},"LS_vt_alpha_vs_BOVA11":{"alpha_bps_per_month":91.4062507854,"alpha_tstat":2.7240800907,"beta":-0.0966272541,"ir_ann":1.0856153378},"LS_pre_vt_alpha_vs_BOVA11":{"alpha_bps_per_month":108.9180062936,"alpha_tstat":2.5358475277,"beta":-0.1334428388,"ir_ann":0.956801918}}