bps,D10_sharpe,D10_mean,D10_t,D10_alpha_bps,D10_alpha_t,LS_mean,LS_t,LS_alpha_bps,LS_alpha_t,LS_ir,LS_mean_vt,LS_t_vt,LS_alpha_bps_vt,LS_alpha_t_vt,LS_ir_vt,LS_maxDD_vt,LS_hit_vt,avg_turnover_D10,avg_turnover_LS
20,0.010630371045900245,0.008369175697223678,1.4209494525266217,52.73592438412885,1.2507340796792519,0.008382593681702771,2.297956935907779,87.84155104358285,2.609052226968347,1.042430818463689,0.008133271694831168,2.3543420468582923,84.95176850342673,2.6522368737509923,1.0789740460341477,-0.13162164826747524,0.6,0.2750975924660135,0.35664883362226235
50,-0.012358694756669364,0.007956529308524656,1.351681401048114,48.627408018651636,1.1522667203434784,0.007847620431269377,2.141352253274969,82.49450143090166,2.43785287499004,0.9777545792790293,0.007626381573142783,2.19709199977893,79.8858653736673,2.4811795248173656,1.0135344303889715,-0.13511077057247134,0.6,0.2750975924660135,0.35664883362226235
100,-0.05070685542050134,0.007268785327359623,1.2360300991351172,41.77988074285632,0.9885112267789384,0.00695599834721372,1.883372381739635,73.58275207643301,2.156105645419033,0.8702462054459756,0.006781564703662143,1.9380634726746828,71.44269349073495,2.1996534285982645,0.904692815066155,-0.14089941854081978,0.6,0.2750975924660135,0.35664883362226235
