bps,D10_sharpe,D10_mean,D10_t,D10_alpha_bps,D10_alpha_t,LS_mean,LS_t,LS_alpha_bps,LS_alpha_t,LS_ir,LS_mean_vt,LS_t_vt,LS_alpha_bps_vt,LS_alpha_t_vt,LS_ir_vt,LS_maxDD_vt,LS_hit_vt,avg_turnover_D10,avg_turnover_LS
20,-0.06796759215790192,0.006779438391029681,0.8905630751114005,23.678882956234585,0.46810095799939244,0.004615294541575014,2.0560133397270346,44.49101449002842,1.938214279087383,0.5431305338868493,0.00454841499776759,1.9466578586844685,43.90995433278739,1.8336799063178273,0.5298544555357562,-0.1427497494213602,0.5784313725490197,0.20406398249535504,0.28963726904903386
50,-0.08258712696934419,0.006473342417286648,0.8516130454295466,20.615028261720703,0.4085882256407504,0.004180838638001463,1.863815177437643,40.12883902369846,1.7482071497270861,0.4895964436911848,0.0041134790051093675,1.762259014414838,39.540457736118555,1.6516063424463665,0.4769490749497611,-0.14882912224010347,0.5784313725490197,0.20406398249535504,0.28963726904903386
100,-0.10696888934758676,0.00596318246104826,0.7864263186107275,15.508603770864275,0.30870157124818787,0.0034567454653788784,1.5426041124228909,32.85854657981517,1.4312677205908544,0.40046611782668373,0.0033885856840123285,1.4537418185635387,32.25796340833708,1.3476109266225822,0.3888159862626164,-0.1588738576153259,0.5686274509803921,0.20406398249535504,0.28963726904903386
