{"LS":{"mean_monthly":0.0049049318,"tstat_monthly":2.1838985901,"hit_rate":0.5882352941,"max_drawdown":-0.1489347884,"capm_alpha":0.0047399131,"capm_alpha_t":2.0647930807,"capm_beta":0.033336913,"capm_ir_ann":0.578838347,"capm_te_ann":0.0982639766},"LS_vt":{"mean_monthly":0.0049049318,"tstat_monthly":2.1838985901,"hit_rate":0.5882352941,"max_drawdown":-0.1489347884,"capm_alpha":0.0047399131,"capm_alpha_t":2.0647930807,"capm_beta":0.033336913,"capm_ir_ann":0.578838347,"capm_te_ann":0.0982639766},"LS_pre_vt":{"mean_monthly":0.0054652003,"tstat_monthly":2.297483797,"hit_rate":0.5882352941,"max_drawdown":-0.1637662145,"capm_alpha":0.0052731236,"capm_alpha_t":2.1928025492,"capm_beta":0.0388031383,"capm_ir_ann":0.6056873037,"capm_te_ann":0.1044721975},"D10":{"mean_monthly":0.0069835024,"tstat_monthly":0.9164620759,"mean_monthly_excess":-0.0012210926,"tstat_monthly_excess":-0.1599677271,"ann_sharpe_excess":-0.0582253126,"hit_rate":0.5490196078,"max_drawdown":-0.5809342529},"LS_alpha_vs_BOVA11":{"alpha_bps_per_month":47.3991314676,"alpha_tstat":2.0647930807,"beta":0.033336913,"ir_ann":0.578838347},"LS_vt_alpha_vs_BOVA11":{"alpha_bps_per_month":47.3991314676,"alpha_tstat":2.0647930807,"beta":0.033336913,"ir_ann":0.578838347},"LS_pre_vt_alpha_vs_BOVA11":{"alpha_bps_per_month":52.7312363607,"alpha_tstat":2.1928025492,"beta":0.0388031383,"ir_ann":0.6056873037}}