{"LS":{"mean_monthly":0.0090970205,"tstat_monthly":2.4523626355,"hit_rate":0.6315789474,"max_drawdown":-0.1782175756,"capm_alpha":0.0095155224,"capm_alpha_t":2.8086718077,"capm_beta":-0.1007484755,"capm_ir_ann":1.1275865645,"capm_te_ann":0.1012660774},"LS_vt":{"mean_monthly":0.0090970205,"tstat_monthly":2.4523626355,"hit_rate":0.6315789474,"max_drawdown":-0.1782175756,"capm_alpha":0.0095155224,"capm_alpha_t":2.8086718077,"capm_beta":-0.1007484755,"capm_ir_ann":1.1275865645,"capm_te_ann":0.1012660774},"LS_pre_vt":{"mean_monthly":0.0104216247,"tstat_monthly":2.176736576,"hit_rate":0.6315789474,"max_drawdown":-0.2737029826,"capm_alpha":0.0109866595,"capm_alpha_t":2.5500276363,"capm_beta":-0.1360242412,"capm_ir_ann":0.9714627794,"capm_te_ann":0.135712779},"D10":{"mean_monthly":0.0089933375,"tstat_monthly":1.4764486116,"mean_monthly_excess":0.0008150072,"tstat_monthly_excess":0.1347084949,"ann_sharpe_excess":0.0440057499,"hit_rate":0.6,"max_drawdown":-0.3422203513},"LS_alpha_vs_BOVA11":{"alpha_bps_per_month":95.1552235931,"alpha_tstat":2.8086718077,"beta":-0.1007484755,"ir_ann":1.1275865645},"LS_vt_alpha_vs_BOVA11":{"alpha_bps_per_month":95.1552235931,"alpha_tstat":2.8086718077,"beta":-0.1007484755,"ir_ann":1.1275865645},"LS_pre_vt_alpha_vs_BOVA11":{"alpha_bps_per_month":109.8665945695,"alpha_tstat":2.5500276363,"beta":-0.1360242412,"ir_ann":0.9714627794}}