bps,D10_sharpe,D10_mean,D10_t,D10_alpha_bps,D10_alpha_t,LS_mean,LS_t,LS_alpha_bps,LS_alpha_t,LS_ir,LS_mean_vt,LS_t_vt,LS_alpha_bps_vt,LS_alpha_t_vt,LS_ir_vt,LS_maxDD_vt,LS_hit_vt,avg_turnover_D10,avg_turnover_LS
20,0.02803847358145961,0.008697471151667246,1.4288223367426,54.92720396208824,1.2914709852005324,0.008729799162600619,2.346589102696127,91.48699143234195,2.692059310838982,1.083245205386855,0.00860039510117129,2.4482518816679115,89.78947009609915,2.779335548490003,1.1431181807627433,-0.15967725959234857,0.631578947368421,0.2958663558663558,0.36722138054192727
50,0.004070824476323644,0.008253671617867712,1.3572473279807153,50.51575371791445,1.1863047059894125,0.008178967091787729,2.1890097970646645,85.98464319125003,2.5184076260791652,1.0168391921781677,0.008082562947742502,2.2918889140237653,84.61479770926576,2.6081423583812664,1.0761745187436136,-0.16318927858862553,0.6210526315789474,0.2958663558663558,0.36722138054192727
100,-0.03591905895595582,0.007514005728201824,1.2376007661307953,43.16333664429149,1.0115359482968855,0.00726091364043291,1.9292566741696424,76.81406278943022,2.23236451240392,0.9064603788752329,0.007219509358694521,2.0337830275516136,75.99034373121016,2.3257487707501854,0.9648178999896855,-0.1690149285726067,0.6,0.2958663558663558,0.36722138054192727
