{"LS":{"mean_monthly":0.005837014,"tstat_monthly":2.6788698707,"hit_rate":0.6078431373,"max_drawdown":-0.1234099088,"capm_alpha":0.005623592,"capm_alpha_t":2.5127932967,"capm_beta":0.0431153265,"capm_ir_ann":0.6737578808,"capm_te_ann":0.1001592789},"LS_vt":{"mean_monthly":0.005837014,"tstat_monthly":2.6788698707,"hit_rate":0.6078431373,"max_drawdown":-0.1234099088,"capm_alpha":0.005623592,"capm_alpha_t":2.5127932967,"capm_beta":0.0431153265,"capm_ir_ann":0.6737578808,"capm_te_ann":0.1001592789},"LS_pre_vt":{"mean_monthly":0.0071695579,"tstat_monthly":2.8508659793,"hit_rate":0.6078431373,"max_drawdown":-0.1375165394,"capm_alpha":0.0068931179,"capm_alpha_t":2.7423119455,"capm_beta":0.0558461342,"capm_ir_ann":0.7101808033,"capm_te_ann":0.1164737416},"D10":{"mean_monthly":0.0102294299,"tstat_monthly":1.2020604709,"mean_monthly_excess":0.002024835,"tstat_monthly_excess":0.2378683837,"ann_sharpe_excess":0.0899304139,"hit_rate":0.5784313725,"max_drawdown":-0.5729611003},"LS_alpha_vs_BOVA11":{"alpha_bps_per_month":56.2359196045,"alpha_tstat":2.5127932967,"beta":0.0431153265,"ir_ann":0.6737578808},"LS_vt_alpha_vs_BOVA11":{"alpha_bps_per_month":56.2359196045,"alpha_tstat":2.5127932967,"beta":0.0431153265,"ir_ann":0.6737578808},"LS_pre_vt_alpha_vs_BOVA11":{"alpha_bps_per_month":68.931179487,"alpha_tstat":2.7423119455,"beta":0.0558461342,"ir_ann":0.7101808033}}