{"LS":{"mean_monthly":0.0074066802,"tstat_monthly":2.5552795542,"hit_rate":0.5949367089,"max_drawdown":-0.1458111053,"capm_alpha":0.0089177177,"capm_alpha_t":3.5646288551,"capm_beta":-0.1957515256,"capm_ir_ann":1.2221712891,"capm_te_ann":0.0875594223},"LS_vt":{"mean_monthly":0.0074066802,"tstat_monthly":2.5552795542,"hit_rate":0.5949367089,"max_drawdown":-0.1458111053,"capm_alpha":0.0089177177,"capm_alpha_t":3.5646288551,"capm_beta":-0.1957515256,"capm_ir_ann":1.2221712891,"capm_te_ann":0.0875594223},"LS_pre_vt":{"mean_monthly":0.0079009949,"tstat_monthly":2.5805675125,"hit_rate":0.5949367089,"max_drawdown":-0.1467759393,"capm_alpha":0.009502244,"capm_alpha_t":3.5616992182,"capm_beta":-0.2074382541,"capm_ir_ann":1.210511095,"capm_te_ann":0.0941973428},"D10":{"mean_monthly":0.0125283035,"tstat_monthly":1.734418265,"mean_monthly_excess":0.0054664661,"tstat_monthly_excess":0.7267222831,"ann_sharpe_excess":0.2182914499,"hit_rate":0.5569620253,"max_drawdown":-0.4880810496},"LS_alpha_vs_BOVA11":{"alpha_bps_per_month":89.1771767244,"alpha_tstat":3.5646288551,"beta":-0.1957515256,"ir_ann":1.2221712891},"LS_vt_alpha_vs_BOVA11":{"alpha_bps_per_month":89.1771767244,"alpha_tstat":3.5646288551,"beta":-0.1957515256,"ir_ann":1.2221712891},"LS_pre_vt_alpha_vs_BOVA11":{"alpha_bps_per_month":95.0224404906,"alpha_tstat":3.5616992182,"beta":-0.2074382541,"ir_ann":1.210511095}}