{"LS":{"mean_monthly":0.0063586603,"tstat_monthly":2.1044563169,"hit_rate":0.6582278481,"max_drawdown":-0.1561048929,"capm_alpha":0.0078502676,"capm_alpha_t":2.9446541263,"capm_beta":-0.1932343856,"capm_ir_ann":1.0954239573,"capm_te_ann":0.0859970334},"LS_vt":{"mean_monthly":0.0063586603,"tstat_monthly":2.1044563169,"hit_rate":0.6582278481,"max_drawdown":-0.1561048929,"capm_alpha":0.0078502676,"capm_alpha_t":2.9446541263,"capm_beta":-0.1932343856,"capm_ir_ann":1.0954239573,"capm_te_ann":0.0859970334},"LS_pre_vt":{"mean_monthly":0.0079117564,"tstat_monthly":2.1915859353,"hit_rate":0.6582278481,"max_drawdown":-0.1745972642,"capm_alpha":0.0097686073,"capm_alpha_t":3.0762122188,"capm_beta":-0.2405508889,"capm_ir_ann":1.136000718,"capm_te_ann":0.1031894481},"D10":{"mean_monthly":0.0131176493,"tstat_monthly":1.6895706691,"mean_monthly_excess":0.0060558118,"tstat_monthly_excess":0.7575330843,"ann_sharpe_excess":0.2358361524,"hit_rate":0.5696202532,"max_drawdown":-0.4939053814},"LS_alpha_vs_BOVA11":{"alpha_bps_per_month":78.502675553,"alpha_tstat":2.9446541263,"beta":-0.1932343856,"ir_ann":1.0954239573},"LS_vt_alpha_vs_BOVA11":{"alpha_bps_per_month":78.502675553,"alpha_tstat":2.9446541263,"beta":-0.1932343856,"ir_ann":1.0954239573},"LS_pre_vt_alpha_vs_BOVA11":{"alpha_bps_per_month":97.6860726461,"alpha_tstat":3.0762122188,"beta":-0.2405508889,"ir_ann":1.136000718}}