bps,D10_sharpe,D10_mean,D10_t,D10_alpha_bps,D10_alpha_t,LS_mean,LS_t,LS_alpha_bps,LS_alpha_t,LS_ir,LS_mean_vt,LS_t_vt,LS_alpha_bps_vt,LS_alpha_t_vt,LS_ir_vt,LS_maxDD_vt,LS_hit_vt,avg_turnover_D10,avg_turnover_LS
20,-0.01705495828046524,0.007865555854509352,1.0707857321664236,35.63136625578437,0.7766288585108581,0.00704488137383648,2.8137234469765238,72.94181550755543,3.004138997662155,0.8780018816205359,0.006715324202289377,2.633868985099135,70.41055844792672,2.843808069528809,0.8647216481013194,-0.11913616948564809,0.6176470588235294,0.20674532439238322,0.29454651786280095
50,-0.03265908999159478,0.007555437867920777,1.0301447988180754,32.52585632538361,0.7110581079503002,0.006603061597042279,2.6439861793517228,68.49908365683815,2.8276415669586754,0.824484639510171,0.006279462207737301,2.4691525269927506,66.02304330010662,2.672899393678599,0.8109314138821928,-0.12509483436156887,0.6176470588235294,0.20674532439238322,0.29454651786280095
100,-0.058674016861639575,0.007038574556939819,0.9621192339234802,27.350006441382327,0.6008818618936198,0.0058666953023852764,2.35889742491013,61.09453057230929,2.5313493025924836,0.7352346694702525,0.005553025550150508,2.192474939351417,58.710518053739825,2.3859106145338487,0.721188732783792,-0.13494333943313697,0.6176470588235294,0.20674532439238322,0.29454651786280095
