{"LS":{"mean_monthly":0.0073394279,"tstat_monthly":2.9263230361,"hit_rate":0.6274509804,"max_drawdown":-0.1146847159,"capm_alpha":0.0075903637,"capm_alpha_t":3.1212576913,"capm_beta":-0.0506938073,"capm_ir_ann":0.9136623839,"capm_te_ann":0.0996914897},"LS_vt":{"mean_monthly":0.0073394279,"tstat_monthly":2.9263230361,"hit_rate":0.6274509804,"max_drawdown":-0.1146847159,"capm_alpha":0.0075903637,"capm_alpha_t":3.1212576913,"capm_beta":-0.0506938073,"capm_ir_ann":0.9136623839,"capm_te_ann":0.0996914897},"LS_pre_vt":{"mean_monthly":0.0078527589,"tstat_monthly":2.9958011978,"hit_rate":0.6274509804,"max_drawdown":-0.1140628646,"capm_alpha":0.0080082157,"capm_alpha_t":3.1905902694,"capm_beta":-0.0314052495,"capm_ir_ann":0.9186119297,"capm_te_ann":0.1046128249},"D10":{"mean_monthly":0.0080723012,"tstat_monthly":1.0978069528,"mean_monthly_excess":-0.0001322938,"tstat_monthly_excess":-0.0179690021,"ann_sharpe_excess":-0.0066543211,"hit_rate":0.5588235294,"max_drawdown":-0.5089412393},"LS_alpha_vs_BOVA11":{"alpha_bps_per_month":75.9036367414,"alpha_tstat":3.1212576913,"beta":-0.0506938073,"ir_ann":0.9136623839},"LS_vt_alpha_vs_BOVA11":{"alpha_bps_per_month":75.9036367414,"alpha_tstat":3.1212576913,"beta":-0.0506938073,"ir_ann":0.9136623839},"LS_pre_vt_alpha_vs_BOVA11":{"alpha_bps_per_month":80.0821574818,"alpha_tstat":3.1905902694,"beta":-0.0314052495,"ir_ann":0.9186119297}}